Selection,View,Channel,Begin Time (s),End Time (s),Low Freq (Hz),High Freq (Hz),Begin Path,File Offset (s),Begin File,Delta Time (s),Common Name,Species Code,Confidence,Verify,Label,Call Type,Notes,Done?,source_file
1,Spectrogram 1,1,0.0,3.0,0.0,12000.0,E:\2025 King Rail Project\Choctaw_WMA_2025 Data\MINI06_20250410_050000.wav,0.0,MINI06_20250410_050000.wav,3.0,King Rail,kinrai4,0.3228,1,KIRA,kek,,1.0,BirdNet_Choctaw_Annotations_final.csv
2,Spectrogram 1,1,3.0,6.0,0.0,12000.0,E:\2025 King Rail Project\Choctaw_WMA_2025 Data\MINI06_20250410_050000.wav,3.0,MINI06_20250410_050000.wav,3.0,King Rail,kinrai4,0.7271,1,KIRA,kek,,1.0,BirdNet_Choctaw_Annotations_final.csv
3,Spectrogram 1,1,6.0,9.0,0.0,12000.0,E:\2025 King Rail Project\Choctaw_WMA_2025 Data\MINI06_20250410_050000.wav,6.0,MINI06_20250410_050000.wav,3.0,King Rail,kinrai4,0.8019,1,KIRA,kek,,1.0,BirdNet_Choctaw_Annotations_final.csv
4,Spectrogram 1,1,9.0,12.0,0.0,12000.0,E:\2025 King Rail Project\Choctaw_WMA_2025 Data\MINI06_20250410_050000.wav,9.0,MINI06_20250410_050000.wav,3.0,King Rail,kinrai4,0.9007,1,KIRA,kek,,1.0,BirdNet_Choctaw_Annotations_final.csv
5,Spectrogram 1,1,12.0,15.0,0.0,12000.0,E:\2025 King Rail Project\Choctaw_WMA_2025 Data\MINI06_20250410_050000.wav,12.0,MINI06_20250410_050000.wav,3.0,King Rail,kinrai4,0.9489,1,KIRA,kek,,1.0,BirdNet_Choctaw_Annotations_final.csv
6,Spectrogram 1,1,15.0,18.0,0.0,12000.0,E:\2025 King Rail Project\Choctaw_WMA_2025 Data\MINI06_20250410_050000.wav,15.0,MINI06_20250410_050000.wav,3.0,King Rail,kinrai4,0.7975,1,KIRA,kek,,1.0,BirdNet_Choctaw_Annotations_final.csv
8,Spectrogram 1,1,21.0,24.0,0.0,12000.0,E:\2025 King Rail Project\Choctaw_WMA_2025 Data\MINI06_20250410_050000.wav,21.0,MINI06_20250410_050000.wav,3.0,King Rail,kinrai4,0.3904,1,KIRA,kek,,1.0,BirdNet_Choctaw_Annotations_final.csv
10,Spectrogram 1,1,24.0,27.0,0.0,12000.0,E:\2025 King Rail Project\Choctaw_WMA_2025 Data\MINI06_20250410_050000.wav,24.0,MINI06_20250410_050000.wav,3.0,King Rail,kinrai4,0.4037,1,KIRA,kek,,1.0,BirdNet_Choctaw_Annotations_final.csv
11,Spectrogram 1,1,27.0,30.0,0.0,12000.0,E:\2025 King Rail Project\Choctaw_WMA_2025 Data\MINI06_20250410_050000.wav,27.0,MINI06_20250410_050000.wav,3.0,King Rail,kinrai4,0.3423,1,KIRA,kek,,1.0,BirdNet_Choctaw_Annotations_final.csv
12,Spectrogram 1,1,30.0,33.0,0.0,12000.0,E:\2025 King Rail Project\Choctaw_WMA_2025 Data\MINI06_20250410_050000.wav,30.0,MINI06_20250410_050000.wav,3.0,King Rail,kinrai4,0.7398,1,KIRA,kek,,1.0,BirdNet_Choctaw_Annotations_final.csv
13,Spectrogram 1,1,33.0,36.0,0.0,12000.0,E:\2025 King Rail Project\Choctaw_WMA_2025 Data\MINI06_20250410_050000.wav,33.0,MINI06_20250410_050000.wav,3.0,King Rail,kinrai4,0.5328,1,KIRA,kek,,1.0,BirdNet_Choctaw_Annotations_final.csv
14,Spectrogram 1,1,33.0,36.0,0.0,12000.0,E:\2025 King Rail Project\Choctaw_WMA_2025 Data\MINI06_20250410_050000.wav,33.0,MINI06_20250410_050000.wav,3.0,Least Bittern,leabit,0.1722,0,,,,1.0,BirdNet_Choctaw_Annotations_final.csv
15,Spectrogram 1,1,36.0,39.0,0.0,12000.0,E:\2025 King Rail Project\Choctaw_WMA_2025 Data\MINI06_20250410_050000.wav,36.0,MINI06_20250410_050000.wav,3.0,King Rail,kinrai4,0.2907,1,KIRA,kek,,1.0,BirdNet_Choctaw_Annotations_final.csv
16,Spectrogram 1,1,39.0,42.0,0.0,12000.0,E:\2025 King Rail Project\Choctaw_WMA_2025 Data\MINI06_20250410_050000.wav,39.0,MINI06_20250410_050000.wav,3.0,King Rail,kinrai4,0.547,1,KIRA,kek,,1.0,BirdNet_Choctaw_Annotations_final.csv
17,Spectrogram 1,1,42.0,45.0,0.0,12000.0,E:\2025 King Rail Project\Choctaw_WMA_2025 Data\MINI06_20250410_050000.wav,42.0,MINI06_20250410_050000.wav,3.0,King Rail,kinrai4,0.5684,1,KIRA,kek,,1.0,BirdNet_Choctaw_Annotations_final.csv
18,Spectrogram 1,1,45.0,48.0,0.0,12000.0,E:\2025 King Rail Project\Choctaw_WMA_2025 Data\MINI06_20250410_050000.wav,45.0,MINI06_20250410_050000.wav,3.0,King Rail,kinrai4,0.7259,1,KIRA,kek,,1.0,BirdNet_Choctaw_Annotations_final.csv
19,Spectrogram 1,1,48.0,51.0,0.0,12000.0,E:\2025 King Rail Project\Choctaw_WMA_2025 Data\MINI06_20250410_050000.wav,48.0,MINI06_20250410_050000.wav,3.0,King Rail,kinrai4,0.8866,1,KIRA,kek,clean,1.0,BirdNet_Choctaw_Annotations_final.csv
20,Spectrogram 1,1,51.0,54.0,0.0,12000.0,E:\2025 King Rail Project\Choctaw_WMA_2025 Data\MINI06_20250410_050000.wav,51.0,MINI06_20250410_050000.wav,3.0,King Rail,kinrai4,0.5955,1,KIRA,kek,,1.0,BirdNet_Choctaw_Annotations_final.csv
21,Spectrogram 1,1,54.0,57.0,0.0,12000.0,E:\2025 King Rail Project\Choctaw_WMA_2025 Data\MINI06_20250410_050000.wav,54.0,MINI06_20250410_050000.wav,3.0,King Rail,kinrai4,0.4674,1,KIRA,kek,,1.0,BirdNet_Choctaw_Annotations_final.csv
22,Spectrogram 1,1,57.0,60.0,0.0,12000.0,E:\2025 King Rail Project\Choctaw_WMA_2025 Data\MINI06_20250410_050000.wav,57.0,MINI06_20250410_050000.wav,3.0,King Rail,kinrai4,0.7556,1,KIRA,kek,clean,1.0,BirdNet_Choctaw_Annotations_final.csv
24,Spectrogram 1,1,63.0,66.0,0.0,12000.0,E:\2025 King Rail Project\Choctaw_WMA_2025 Data\MINI06_20250410_050000.wav,63.0,MINI06_20250410_050000.wav,3.0,King Rail,kinrai4,0.4382,1,KIRA,kek,clean,1.0,BirdNet_Choctaw_Annotations_final.csv
28,Spectrogram 1,1,75.0,78.0,0.0,12000.0,E:\2025 King Rail Project\Choctaw_WMA_2025 Data\MINI06_20250410_050000.wav,75.0,MINI06_20250410_050000.wav,3.0,King Rail,kinrai4,0.6903,1,KIRA,kek,,1.0,BirdNet_Choctaw_Annotations_final.csv
29,Spectrogram 1,1,78.0,81.0,0.0,12000.0,E:\2025 King Rail Project\Choctaw_WMA_2025 Data\MINI06_20250410_050000.wav,78.0,MINI06_20250410_050000.wav,3.0,King Rail,kinrai4,0.5821,1,KIRA,kek,,1.0,BirdNet_Choctaw_Annotations_final.csv
30,Spectrogram 1,1,81.0,84.0,0.0,12000.0,E:\2025 King Rail Project\Choctaw_WMA_2025 Data\MINI06_20250410_050000.wav,81.0,MINI06_20250410_050000.wav,3.0,King Rail,kinrai4,0.8145,1,KIRA,kek,,1.0,BirdNet_Choctaw_Annotations_final.csv
31,Spectrogram 1,1,84.0,87.0,0.0,12000.0,E:\2025 King Rail Project\Choctaw_WMA_2025 Data\MINI06_20250410_050000.wav,84.0,MINI06_20250410_050000.wav,3.0,King Rail,kinrai4,0.773,1,KIRA,kek,,1.0,BirdNet_Choctaw_Annotations_final.csv
32,Spectrogram 1,1,87.0,90.0,0.0,12000.0,E:\2025 King Rail Project\Choctaw_WMA_2025 Data\MINI06_20250410_050000.wav,87.0,MINI06_20250410_050000.wav,3.0,King Rail,kinrai4,0.6029,1,KIRA,kek,,1.0,BirdNet_Choctaw_Annotations_final.csv
33,Spectrogram 1,1,90.0,93.0,0.0,12000.0,E:\2025 King Rail Project\Choctaw_WMA_2025 Data\MINI06_20250410_050000.wav,90.0,MINI06_20250410_050000.wav,3.0,King Rail,kinrai4,0.4912,1,KIRA,kek,,1.0,BirdNet_Choctaw_Annotations_final.csv
34,Spectrogram 1,1,93.0,96.0,0.0,12000.0,E:\2025 King Rail Project\Choctaw_WMA_2025 Data\MINI06_20250410_050000.wav,93.0,MINI06_20250410_050000.wav,3.0,King Rail,kinrai4,0.6049,1,KIRA,kek,,1.0,BirdNet_Choctaw_Annotations_final.csv
35,Spectrogram 1,1,96.0,99.0,0.0,12000.0,E:\2025 King Rail Project\Choctaw_WMA_2025 Data\MINI06_20250410_050000.wav,96.0,MINI06_20250410_050000.wav,3.0,King Rail,kinrai4,0.7719,1,KIRA,kek,,1.0,BirdNet_Choctaw_Annotations_final.csv
36,Spectrogram 1,1,99.0,102.0,0.0,12000.0,E:\2025 King Rail Project\Choctaw_WMA_2025 Data\MINI06_20250410_050000.wav,99.0,MINI06_20250410_050000.wav,3.0,King Rail,kinrai4,0.8407,1,KIRA,kek,,1.0,BirdNet_Choctaw_Annotations_final.csv
37,Spectrogram 1,1,105.0,108.0,0.0,12000.0,E:\2025 King Rail Project\Choctaw_WMA_2025 Data\MINI06_20250410_050000.wav,105.0,MINI06_20250410_050000.wav,3.0,King Rail,kinrai4,0.3139,1,KIRA,kek,,1.0,BirdNet_Choctaw_Annotations_final.csv
38,Spectrogram 1,1,108.0,111.0,0.0,12000.0,E:\2025 King Rail Project\Choctaw_WMA_2025 Data\MINI06_20250410_050000.wav,108.0,MINI06_20250410_050000.wav,3.0,King Rail,kinrai4,0.2729,1,KIRA,kek,,1.0,BirdNet_Choctaw_Annotations_final.csv
39,Spectrogram 1,1,111.0,114.0,0.0,12000.0,E:\2025 King Rail Project\Choctaw_WMA_2025 Data\MINI06_20250410_050000.wav,111.0,MINI06_20250410_050000.wav,3.0,King Rail,kinrai4,0.4725,1,KIRA,kek,,1.0,BirdNet_Choctaw_Annotations_final.csv
41,Spectrogram 1,1,117.0,120.0,0.0,12000.0,E:\2025 King Rail Project\Choctaw_WMA_2025 Data\MINI06_20250410_050000.wav,117.0,MINI06_20250410_050000.wav,3.0,King Rail,kinrai4,0.3732,1,KIRA,kek,,1.0,BirdNet_Choctaw_Annotations_final.csv
42,Spectrogram 1,1,120.0,123.0,0.0,12000.0,E:\2025 King Rail Project\Choctaw_WMA_2025 Data\MINI06_20250410_050000.wav,120.0,MINI06_20250410_050000.wav,3.0,King Rail,kinrai4,0.6402,1,KIRA,kek,,1.0,BirdNet_Choctaw_Annotations_final.csv
43,Spectrogram 1,1,123.0,126.0,0.0,12000.0,E:\2025 King Rail Project\Choctaw_WMA_2025 Data\MINI06_20250410_050000.wav,123.0,MINI06_20250410_050000.wav,3.0,King Rail,kinrai4,0.2965,1,KIRA,kek,,1.0,BirdNet_Choctaw_Annotations_final.csv
44,Spectrogram 1,1,126.0,129.0,0.0,12000.0,E:\2025 King Rail Project\Choctaw_WMA_2025 Data\MINI06_20250410_050000.wav,126.0,MINI06_20250410_050000.wav,3.0,King Rail,kinrai4,0.6582,1,KIRA,kek,,1.0,BirdNet_Choctaw_Annotations_final.csv
45,Spectrogram 1,1,129.0,132.0,0.0,12000.0,E:\2025 King Rail Project\Choctaw_WMA_2025 Data\MINI06_20250410_050000.wav,129.0,MINI06_20250410_050000.wav,3.0,King Rail,kinrai4,0.8295,1,KIRA,kek,,1.0,BirdNet_Choctaw_Annotations_final.csv
46,Spectrogram 1,1,132.0,135.0,0.0,12000.0,E:\2025 King Rail Project\Choctaw_WMA_2025 Data\MINI06_20250410_050000.wav,132.0,MINI06_20250410_050000.wav,3.0,King Rail,kinrai4,0.8405,1,KIRA,kek,,1.0,BirdNet_Choctaw_Annotations_final.csv
47,Spectrogram 1,1,141.0,144.0,0.0,12000.0,E:\2025 King Rail Project\Choctaw_WMA_2025 Data\MINI06_20250410_050000.wav,141.0,MINI06_20250410_050000.wav,3.0,King Rail,kinrai4,0.7182,1,KIRA,kek,,1.0,BirdNet_Choctaw_Annotations_final.csv
62,Spectrogram 1,1,228.0,231.0,0.0,12000.0,E:\2025 King Rail Project\Choctaw_WMA_2025 Data\MINI06_20250410_050000.wav,228.0,MINI06_20250410_050000.wav,3.0,Least Bittern,leabit,0.1781,0,,,,1.0,BirdNet_Choctaw_Annotations_final.csv
63,Spectrogram 1,1,231.0,234.0,0.0,12000.0,E:\2025 King Rail Project\Choctaw_WMA_2025 Data\MINI06_20250410_050000.wav,231.0,MINI06_20250410_050000.wav,3.0,King Rail,kinrai4,0.8173,1,KIRA,kek,,1.0,BirdNet_Choctaw_Annotations_final.csv
64,Spectrogram 1,1,234.0,237.0,0.0,12000.0,E:\2025 King Rail Project\Choctaw_WMA_2025 Data\MINI06_20250410_050000.wav,234.0,MINI06_20250410_050000.wav,3.0,King Rail,kinrai4,0.894,1,KIRA,kek,,1.0,BirdNet_Choctaw_Annotations_final.csv
65,Spectrogram 1,1,237.0,240.0,0.0,12000.0,E:\2025 King Rail Project\Choctaw_WMA_2025 Data\MINI06_20250410_050000.wav,237.0,MINI06_20250410_050000.wav,3.0,King Rail,kinrai4,0.9034,1,KIRA,kek,,1.0,BirdNet_Choctaw_Annotations_final.csv
66,Spectrogram 1,1,240.0,243.0,0.0,12000.0,E:\2025 King Rail Project\Choctaw_WMA_2025 Data\MINI06_20250410_050000.wav,240.0,MINI06_20250410_050000.wav,3.0,King Rail,kinrai4,0.5101,1,KIRA,kek,,1.0,BirdNet_Choctaw_Annotations_final.csv
67,Spectrogram 1,1,243.0,246.0,0.0,12000.0,E:\2025 King Rail Project\Choctaw_WMA_2025 Data\MINI06_20250410_050000.wav,243.0,MINI06_20250410_050000.wav,3.0,King Rail,kinrai4,0.1334,1,KIRA,kek,,1.0,BirdNet_Choctaw_Annotations_final.csv
68,Spectrogram 1,1,246.0,249.0,0.0,12000.0,E:\2025 King Rail Project\Choctaw_WMA_2025 Data\MINI06_20250410_050000.wav,246.0,MINI06_20250410_050000.wav,3.0,King Rail,kinrai4,0.3095,1,KIRA,kek,,1.0,BirdNet_Choctaw_Annotations_final.csv
69,Spectrogram 1,1,249.0,252.0,0.0,12000.0,E:\2025 King Rail Project\Choctaw_WMA_2025 Data\MINI06_20250410_050000.wav,249.0,MINI06_20250410_050000.wav,3.0,King Rail,kinrai4,0.23,1,KIRA,kek,,1.0,BirdNet_Choctaw_Annotations_final.csv
70,Spectrogram 1,1,252.0,255.0,0.0,12000.0,E:\2025 King Rail Project\Choctaw_WMA_2025 Data\MINI06_20250410_050000.wav,252.0,MINI06_20250410_050000.wav,3.0,Least Bittern,leabit,0.1884,0,,,,1.0,BirdNet_Choctaw_Annotations_final.csv
72,Spectrogram 1,1,258.0,261.0,0.0,12000.0,E:\2025 King Rail Project\Choctaw_WMA_2025 Data\MINI06_20250410_050000.wav,258.0,MINI06_20250410_050000.wav,3.0,King Rail,kinrai4,0.7963,1,KIRA,kek,,1.0,BirdNet_Choctaw_Annotations_final.csv
83,Spectrogram 1,1,291.0,294.0,0.0,12000.0,E:\2025 King Rail Project\Choctaw_WMA_2025 Data\MINI06_20250410_050000.wav,291.0,MINI06_20250410_050000.wav,3.0,King Rail,kinrai4,0.3795,1,KIRA,kek,,1.0,BirdNet_Choctaw_Annotations_final.csv
84,Spectrogram 1,1,294.0,297.0,0.0,12000.0,E:\2025 King Rail Project\Choctaw_WMA_2025 Data\MINI06_20250410_050000.wav,294.0,MINI06_20250410_050000.wav,3.0,King Rail,kinrai4,0.1235,1,KIRA,,,1.0,BirdNet_Choctaw_Annotations_final.csv
86,Spectrogram 1,1,300.0,303.0,0.0,12000.0,E:\2025 King Rail Project\Choctaw_WMA_2025 Data\MINI06_20250410_050000.wav,300.0,MINI06_20250410_050000.wav,3.0,King Rail,kinrai4,0.2321,1,KIRA,kek,,1.0,BirdNet_Choctaw_Annotations_final.csv
87,Spectrogram 1,1,303.0,306.0,0.0,12000.0,E:\2025 King Rail Project\Choctaw_WMA_2025 Data\MINI06_20250410_050000.wav,303.0,MINI06_20250410_050000.wav,3.0,King Rail,kinrai4,0.6275,1,KIRA,kek,,1.0,BirdNet_Choctaw_Annotations_final.csv
88,Spectrogram 1,1,306.0,309.0,0.0,12000.0,E:\2025 King Rail Project\Choctaw_WMA_2025 Data\MINI06_20250410_050000.wav,306.0,MINI06_20250410_050000.wav,3.0,King Rail,kinrai4,0.5092,1,KIRA,kek,,1.0,BirdNet_Choctaw_Annotations_final.csv
89,Spectrogram 1,1,309.0,312.0,0.0,12000.0,E:\2025 King Rail Project\Choctaw_WMA_2025 Data\MINI06_20250410_050000.wav,309.0,MINI06_20250410_050000.wav,3.0,King Rail,kinrai4,0.229,1,KIRA,kek,,1.0,BirdNet_Choctaw_Annotations_final.csv
90,Spectrogram 1,1,312.0,315.0,0.0,12000.0,E:\2025 King Rail Project\Choctaw_WMA_2025 Data\MINI06_20250410_050000.wav,312.0,MINI06_20250410_050000.wav,3.0,King Rail,kinrai4,0.5715,1,KIRA,kek,,1.0,BirdNet_Choctaw_Annotations_final.csv
91,Spectrogram 1,1,314.9662715,318.0,0.0,12000.0,E:\2025 King Rail Project\Choctaw_WMA_2025 Data\MINI06_20250410_050000.wav,314.9663,MINI06_20250410_050000.wav,3.0337,King Rail,kinrai4,0.5926,1,KIRA,kek,,1.0,BirdNet_Choctaw_Annotations_final.csv
92,Spectrogram 1,1,318.0,321.0,0.0,12000.0,E:\2025 King Rail Project\Choctaw_WMA_2025 Data\MINI06_20250410_050000.wav,318.0,MINI06_20250410_050000.wav,3.0,King Rail,kinrai4,0.2927,1,KIRA,kek,,1.0,BirdNet_Choctaw_Annotations_final.csv
93,Spectrogram 1,1,321.0,324.0,0.0,12000.0,E:\2025 King Rail Project\Choctaw_WMA_2025 Data\MINI06_20250410_050000.wav,321.0,MINI06_20250410_050000.wav,3.0,King Rail,kinrai4,0.3868,1,KIRA,kek,,1.0,BirdNet_Choctaw_Annotations_final.csv
94,Spectrogram 1,1,324.0,327.0,0.0,12000.0,E:\2025 King Rail Project\Choctaw_WMA_2025 Data\MINI06_20250410_050000.wav,324.0,MINI06_20250410_050000.wav,3.0,King Rail,kinrai4,0.6758,1,KIRA,kek,,1.0,BirdNet_Choctaw_Annotations_final.csv
95,Spectrogram 1,1,327.0,330.0,0.0,12000.0,E:\2025 King Rail Project\Choctaw_WMA_2025 Data\MINI06_20250410_050000.wav,327.0,MINI06_20250410_050000.wav,3.0,King Rail,kinrai4,0.2685,1,KIRA,kek,,1.0,BirdNet_Choctaw_Annotations_final.csv
96,Spectrogram 1,1,330.0,333.0,0.0,12000.0,E:\2025 King Rail Project\Choctaw_WMA_2025 Data\MINI06_20250410_050000.wav,330.0,MINI06_20250410_050000.wav,3.0,King Rail,kinrai4,0.3193,1,KIRA,kek,,1.0,BirdNet_Choctaw_Annotations_final.csv
97,Spectrogram 1,1,333.0,336.0,0.0,12000.0,E:\2025 King Rail Project\Choctaw_WMA_2025 Data\MINI06_20250410_050000.wav,333.0,MINI06_20250410_050000.wav,3.0,King Rail,kinrai4,0.4352,1,KIRA,kek,,1.0,BirdNet_Choctaw_Annotations_final.csv
98,Spectrogram 1,1,336.0,339.0,0.0,12000.0,E:\2025 King Rail Project\Choctaw_WMA_2025 Data\MINI06_20250410_050000.wav,336.0,MINI06_20250410_050000.wav,3.0,King Rail,kinrai4,0.4286,1,KIRA,kek,,1.0,BirdNet_Choctaw_Annotations_final.csv
99,Spectrogram 1,1,339.0,342.0,0.0,12000.0,E:\2025 King Rail Project\Choctaw_WMA_2025 Data\MINI06_20250410_050000.wav,339.0,MINI06_20250410_050000.wav,3.0,King Rail,kinrai4,0.3195,1,KIRA,kek,,1.0,BirdNet_Choctaw_Annotations_final.csv
100,Spectrogram 1,1,342.0,345.0,0.0,12000.0,E:\2025 King Rail Project\Choctaw_WMA_2025 Data\MINI06_20250410_050000.wav,342.0,MINI06_20250410_050000.wav,3.0,King Rail,kinrai4,0.5492,1,KIRA,kek,clean,1.0,BirdNet_Choctaw_Annotations_final.csv
101,Spectrogram 1,1,345.0,348.0,0.0,12000.0,E:\2025 King Rail Project\Choctaw_WMA_2025 Data\MINI06_20250410_050000.wav,345.0,MINI06_20250410_050000.wav,3.0,King Rail,kinrai4,0.6617,1,KIRA,kek,,1.0,BirdNet_Choctaw_Annotations_final.csv
102,Spectrogram 1,1,348.0,351.0,0.0,12000.0,E:\2025 King Rail Project\Choctaw_WMA_2025 Data\MINI06_20250410_050000.wav,348.0,MINI06_20250410_050000.wav,3.0,King Rail,kinrai4,0.9018,1,KIRA,kek,"clean, only keks",1.0,BirdNet_Choctaw_Annotations_final.csv
103,Spectrogram 1,1,351.0,354.0,0.0,12000.0,E:\2025 King Rail Project\Choctaw_WMA_2025 Data\MINI06_20250410_050000.wav,351.0,MINI06_20250410_050000.wav,3.0,King Rail,kinrai4,0.9462,1,KIRA,kek,,1.0,BirdNet_Choctaw_Annotations_final.csv
104,Spectrogram 1,1,354.0,357.0,0.0,12000.0,E:\2025 King Rail Project\Choctaw_WMA_2025 Data\MINI06_20250410_050000.wav,354.0,MINI06_20250410_050000.wav,3.0,King Rail,kinrai4,0.8308,1,KIRA,kek,,1.0,BirdNet_Choctaw_Annotations_final.csv
106,Spectrogram 1,1,360.0,363.0,0.0,12000.0,E:\2025 King Rail Project\Choctaw_WMA_2025 Data\MINI06_20250410_050000.wav,360.0,MINI06_20250410_050000.wav,3.0,King Rail,kinrai4,0.7557,1,KIRA,kek,,1.0,BirdNet_Choctaw_Annotations_final.csv
285,Spectrogram 1,1,1017.0,1020.0,0.0,12000.0,E:\2025 King Rail Project\Choctaw_WMA_2025 Data\MINI06_20250410_050000.wav,1017.0,MINI06_20250410_050000.wav,3.0,King Rail,kinrai4,0.5955,1,KIRA,kek,,1.0,BirdNet_Choctaw_Annotations_final.csv
388,Spectrogram 1,1,1437.0,1440.0,0.0,12000.0,E:\2025 King Rail Project\Choctaw_WMA_2025 Data\MINI06_20250410_050000.wav,1437.0,MINI06_20250410_050000.wav,3.0,King Rail,kinrai4,0.2751,1,KIRA,kek,,1.0,BirdNet_Choctaw_Annotations_final.csv
389,Spectrogram 1,1,1437.0,1440.0,0.0,12000.0,E:\2025 King Rail Project\Choctaw_WMA_2025 Data\MINI06_20250410_050000.wav,1437.0,MINI06_20250410_050000.wav,3.0,Common Gallinule,comgal1,0.1273,1,COGA,wipeout,,1.0,BirdNet_Choctaw_Annotations_final.csv
1109,Spectrogram 1,1,3915.0,3918.0,0.0,12000.0,E:\2025 King Rail Project\Choctaw_WMA_2025 Data\MINI06_20250410_060002.wav,315.0,MINI06_20250410_060002.wav,3.0,American Bittern,amebit,0.8472,1,AMBI,pumperlunk,JS,1.0,BirdNet_Choctaw_Annotations_final.csv
1110,Spectrogram 1,1,3918.0,3921.0,0.0,12000.0,E:\2025 King Rail Project\Choctaw_WMA_2025 Data\MINI06_20250410_060002.wav,318.0,MINI06_20250410_060002.wav,3.0,King Rail,kinrai4,0.43,1,,,,1.0,BirdNet_Choctaw_Annotations_final.csv
1122,Spectrogram 1,1,3957.0,3960.0,0.0,12000.0,E:\2025 King Rail Project\Choctaw_WMA_2025 Data\MINI06_20250410_060002.wav,357.0,MINI06_20250410_060002.wav,3.0,King Rail,kinrai4,0.3807,1,KIRA,kek,,1.0,BirdNet_Choctaw_Annotations_final.csv
1123,Spectrogram 1,1,3960.0,3963.0,0.0,12000.0,E:\2025 King Rail Project\Choctaw_WMA_2025 Data\MINI06_20250410_060002.wav,360.0,MINI06_20250410_060002.wav,3.0,King Rail,kinrai4,0.6107,1,KIRA,kek,,1.0,BirdNet_Choctaw_Annotations_final.csv
1125,Spectrogram 1,1,3963.0,3966.0,0.0,12000.0,E:\2025 King Rail Project\Choctaw_WMA_2025 Data\MINI06_20250410_060002.wav,363.0,MINI06_20250410_060002.wav,3.0,King Rail,kinrai4,0.4436,1,KIRA,kek,,1.0,BirdNet_Choctaw_Annotations_final.csv
1348,Spectrogram 1,1,4527.0,4530.0,0.0,12000.0,E:\2025 King Rail Project\Choctaw_WMA_2025 Data\MINI06_20250410_060002.wav,927.0,MINI06_20250410_060002.wav,3.0,American Bittern,amebit,0.4308,1,AMBI,pumperlunk,,1.0,BirdNet_Choctaw_Annotations_final.csv
1349,Spectrogram 1,1,4530.0,4533.0,0.0,12000.0,E:\2025 King Rail Project\Choctaw_WMA_2025 Data\MINI06_20250410_060002.wav,930.0,MINI06_20250410_060002.wav,3.0,American Bittern,amebit,0.1614,1,AMBI,pumperlunk,JS,1.0,BirdNet_Choctaw_Annotations_final.csv
4168,Spectrogram 1,1,11237.0,11240.0,0.0,12000.0,E:\2025 King Rail Project\Choctaw_WMA_2025 Data\MINI06_20250410_080002.wav,441.0,MINI06_20250410_080002.wav,3.0,King Rail,kinrai4,0.8829,1,KIRA,grunt,2,1.0,BirdNet_Choctaw_Annotations_final.csv
9666,Spectrogram 1,1,55787.0,55790.0,0.0,12000.0,E:\2025 King Rail Project\Choctaw_WMA_2025 Data\MINI06_20250411_050000.wav,1815.0,MINI06_20250411_050000.wav,3.0,King Rail,kinrai4,0.4883,1,KIRA,kek,,1.0,BirdNet_Choctaw_Annotations_final.csv
9667,Spectrogram 1,1,55790.0,55793.0,0.0,12000.0,E:\2025 King Rail Project\Choctaw_WMA_2025 Data\MINI06_20250411_050000.wav,1818.0,MINI06_20250411_050000.wav,3.0,King Rail,kinrai4,0.687,1,KIRA,kek,,1.0,BirdNet_Choctaw_Annotations_final.csv
9992,Spectrogram 1,1,56945.0,56948.0,0.0,12000.0,E:\2025 King Rail Project\Choctaw_WMA_2025 Data\MINI06_20250411_050000.wav,2973.0,MINI06_20250411_050000.wav,3.0,King Rail,kinrai4,0.8661,1,KIRA,kek,frogs,1.0,BirdNet_Choctaw_Annotations_final.csv
14430,Spectrogram 1,1,74562.0,74565.0,0.0,12000.0,E:\2025 King Rail Project\Choctaw_WMA_2025 Data\MINI06_20250411_100002.wav,2598.0,MINI06_20250411_100002.wav,3.0,King Rail,kinrai4,0.2093,1,KIRA,grunt,rain/wind,1.0,BirdNet_Choctaw_Annotations_final.csv
14431,Spectrogram 1,1,74565.0,74568.0,0.0,12000.0,E:\2025 King Rail Project\Choctaw_WMA_2025 Data\MINI06_20250411_100002.wav,2601.0,MINI06_20250411_100002.wav,3.0,King Rail,kinrai4,0.8462,1,KIRA,grunt,rain/wind,1.0,BirdNet_Choctaw_Annotations_final.csv
26487,Spectrogram 1,1,164301.0,164304.0,0.0,12000.0,E:\2025 King Rail Project\Choctaw_WMA_2025 Data\MINI06_20250413_050000.wav,2385.0,MINI06_20250413_050000.wav,3.0,King Rail,kinrai4,0.4245,1,KIRA,kek,,1.0,BirdNet_Choctaw_Annotations_final.csv
49223,Spectrogram 1,1,328276.0,328279.0,0.0,12000.0,E:\2025 King Rail Project\Choctaw_WMA_2025 Data\MINI06_20250421_050000.wav,846.0,MINI06_20250421_050000.wav,3.0,King Rail,kinrai4,0.867,1,KIRA,kek,engine,1.0,BirdNet_Choctaw_Annotations_final.csv
51739,Spectrogram 1,1,337496.0,337499.0,0.0,12000.0,E:\2025 King Rail Project\Choctaw_WMA_2025 Data\MINI06_20250421_070002.wav,2868.0,MINI06_20250421_070002.wav,3.0,Least Bittern,leabit,0.3115,0,,,,1.0,BirdNet_Choctaw_Annotations_final.csv
51740,Spectrogram 1,1,337496.0,337499.0,0.0,12000.0,E:\2025 King Rail Project\Choctaw_WMA_2025 Data\MINI06_20250421_070002.wav,2868.0,MINI06_20250421_070002.wav,3.0,Red-winged Blackbird,rewbla,0.3102,1,RWBL,twitter,both calls,1.0,BirdNet_Choctaw_Annotations_final.csv
58080,Spectrogram 1,1,360687.0,360690.0,0.0,12000.0,E:\2025 King Rail Project\Choctaw_WMA_2025 Data\MINI06_20250421_140002.wav,873.0,MINI06_20250421_140002.wav,3.0,King Rail,kinrai4,0.4543,1,KIRA,grunt,"wind, clean",1.0,BirdNet_Choctaw_Annotations_final.csv
58081,Spectrogram 1,1,360690.0,360693.0,0.0,12000.0,E:\2025 King Rail Project\Choctaw_WMA_2025 Data\MINI06_20250421_140002.wav,876.0,MINI06_20250421_140002.wav,3.0,King Rail,kinrai4,0.4416,1,KIRA,grunt,2,1.0,BirdNet_Choctaw_Annotations_final.csv
71821,Spectrogram 1,1,403706.0,403709.0,0.0,12000.0,E:\2025 King Rail Project\Choctaw_WMA_2025 Data\MINI06_20250422_110002.wav,714.0,MINI06_20250422_110002.wav,3.0,King Rail,kinrai4,0.3241,1,KIRA,kek,,1.0,BirdNet_Choctaw_Annotations_final.csv
72383,Spectrogram 1,1,405485.0216,405488.0216,0.0,12000.0,E:\2025 King Rail Project\Choctaw_WMA_2025 Data\MINI06_20250422_110002.wav,2493.0216,MINI06_20250422_110002.wav,3.0,King Rail,kinrai4,0.5742,1,KIRA,kek,,1.0,BirdNet_Choctaw_Annotations_final.csv
72695,Spectrogram 1,1,406310.0,406313.0,0.0,12000.0,E:\2025 King Rail Project\Choctaw_WMA_2025 Data\MINI06_20250422_110002.wav,3318.0,MINI06_20250422_110002.wav,3.0,Red-winged Blackbird,rewbla,0.3953,1,RWBL,jeer,rain? jeer and check,1.0,BirdNet_Choctaw_Annotations_final.csv
72720,Spectrogram 1,1,406358.0,406361.0,0.0,12000.0,E:\2025 King Rail Project\Choctaw_WMA_2025 Data\MINI06_20250422_110002.wav,3366.0,MINI06_20250422_110002.wav,3.0,King Rail,kinrai4,0.4957,0,,,JS,1.0,BirdNet_Choctaw_Annotations_final.csv
72721,Spectrogram 1,1,406358.0,406361.0,0.0,12000.0,E:\2025 King Rail Project\Choctaw_WMA_2025 Data\MINI06_20250422_110002.wav,3366.0,MINI06_20250422_110002.wav,3.0,American Bittern,amebit,0.2996,0,,,,1.0,BirdNet_Choctaw_Annotations_final.csv
73007,Spectrogram 1,1,407175.0,407178.0,0.0,12000.0,E:\2025 King Rail Project\Choctaw_WMA_2025 Data\MINI06_20250422_120002.wav,585.0,MINI06_20250422_120002.wav,3.0,Sora,sora,0.9999,1,,,,1.0,BirdNet_Choctaw_Annotations_final.csv
73612,Spectrogram 1,1,414011.0,414014.0,0.0,12000.0,E:\2025 King Rail Project\Choctaw_WMA_2025 Data\MINI06_20250422_140002.wav,225.0,MINI06_20250422_140002.wav,3.0,King Rail,kinrai4,0.1065,1,KIRA,grunt,"wind, two KIRA",1.0,BirdNet_Choctaw_Annotations_final.csv
73613,Spectrogram 1,1,414017.0,414020.0,0.0,12000.0,E:\2025 King Rail Project\Choctaw_WMA_2025 Data\MINI06_20250422_140002.wav,231.0,MINI06_20250422_140002.wav,3.0,King Rail,kinrai4,0.6678,1,KIRA,grunt,,1.0,BirdNet_Choctaw_Annotations_final.csv
73614,Spectrogram 1,1,414020.0,414023.0,0.0,12000.0,E:\2025 King Rail Project\Choctaw_WMA_2025 Data\MINI06_20250422_140002.wav,234.0,MINI06_20250422_140002.wav,3.0,Sora,sora,0.9393,1,SORA,whinny,,1.0,BirdNet_Choctaw_Annotations_final.csv
73615,Spectrogram 1,1,414023.0,414026.0,0.0,12000.0,E:\2025 King Rail Project\Choctaw_WMA_2025 Data\MINI06_20250422_140002.wav,237.0,MINI06_20250422_140002.wav,3.0,Sora,sora,0.2927,1,SORA,whinny,2 KIRA,1.0,BirdNet_Choctaw_Annotations_final.csv
88236,Spectrogram 1,1,459057.9951,459061.0,0.0,12000.0,E:\2025 King Rail Project\Choctaw_WMA_2025 Data\MINI06_20250423_110002.wav,2093.9951,MINI06_20250423_110002.wav,3.0049,Red-winged Blackbird,rewbla,0.4653,1,RWBL,twitter,,1.0,BirdNet_Choctaw_Annotations_final.csv
90143,Spectrogram 1,1,465870.0,465873.0,0.0,12000.0,E:\2025 King Rail Project\Choctaw_WMA_2025 Data\MINI06_20250423_130002.wav,1710.0,MINI06_20250423_130002.wav,3.0,Red-winged Blackbird,rewbla,0.7756,1,RWBL,conklaree,,1.0,BirdNet_Choctaw_Annotations_final.csv
90144,Spectrogram 1,1,465870.0,465873.0,0.0,12000.0,E:\2025 King Rail Project\Choctaw_WMA_2025 Data\MINI06_20250423_130002.wav,1710.0,MINI06_20250423_130002.wav,3.0,Least Bittern,leabit,0.2397,0,,,,1.0,BirdNet_Choctaw_Annotations_final.csv
98339,Spectrogram 1,1,494857.0,494860.0,0.0,12000.0,E:\2025 King Rail Project\Choctaw_WMA_2025 Data\MINI06_20250425_110002.wav,1911.0,MINI06_20250425_110002.wav,3.0,Red-winged Blackbird,rewbla,0.1006,1.0,RWBL,conklaree,,1.0,BirdNet_Choctaw_Annotations_final.csv
129595,Spectrogram 1,1,687615.0,687618.0,0.0,12000.0,E:\2025 King Rail Project\Choctaw_WMA_2025 Data\MINI06_20250505_100002.wav,369.0,MINI06_20250505_100002.wav,3.0,Red-winged Blackbird,rewbla,0.6253,1.0,RWBL,twitter,engine,1.0,BirdNet_Choctaw_Annotations_final.csv
130802,Spectrogram 1,1,697106.0,697109.0,0.0,12000.0,E:\2025 King Rail Project\Choctaw_WMA_2025 Data\MINI06_20250505_120002.wav,2664.0,MINI06_20250505_120002.wav,3.0,Red-winged Blackbird,rewbla,0.4233,1.0,RWBL,check,,1.0,BirdNet_Choctaw_Annotations_final.csv
130806,Spectrogram 1,1,697286.0,697289.0,0.0,12000.0,E:\2025 King Rail Project\Choctaw_WMA_2025 Data\MINI06_20250505_120002.wav,2844.0,MINI06_20250505_120002.wav,3.0,Red-winged Blackbird,rewbla,0.1388,1.0,RWBL,twitter,,1.0,BirdNet_Choctaw_Annotations_final.csv
130807,Spectrogram 1,1,697289.0,697292.0,0.0,12000.0,E:\2025 King Rail Project\Choctaw_WMA_2025 Data\MINI06_20250505_120002.wav,2847.0,MINI06_20250505_120002.wav,3.0,Least Bittern,leabit,0.1938,0.0,,,,1.0,BirdNet_Choctaw_Annotations_final.csv
130808,Spectrogram 1,1,697289.0,697292.0,0.0,12000.0,E:\2025 King Rail Project\Choctaw_WMA_2025 Data\MINI06_20250505_120002.wav,2847.0,MINI06_20250505_120002.wav,3.0,Red-winged Blackbird,rewbla,0.1503,1.0,RWBL,twitter,,1.0,BirdNet_Choctaw_Annotations_final.csv
131622,Spectrogram 1,1,704290.0,704293.0,0.0,12000.0,E:\2025 King Rail Project\Choctaw_WMA_2025 Data\MINI06_20250505_140002.wav,2652.0,MINI06_20250505_140002.wav,3.0,King Rail,kinrai4,0.8795,1.0,KIRA,grunt,grunt and kek,1.0,BirdNet_Choctaw_Annotations_final.csv
132800,Spectrogram 1,1,712410.0,712413.0,0.0,12000.0,E:\2025 King Rail Project\Choctaw_WMA_2025 Data\MINI06_20250505_160002.wav,3576.0,MINI06_20250505_160002.wav,3.0,King Rail,kinrai4,0.8708,1.0,KIRA,grunt,both calls,1.0,BirdNet_Choctaw_Annotations_final.csv
132804,Spectrogram 1,1,712416.0,712419.0,0.0,12000.0,E:\2025 King Rail Project\Choctaw_WMA_2025 Data\MINI06_20250505_160002.wav,3582.0,MINI06_20250505_160002.wav,3.0,King Rail,kinrai4,0.4341,1.0,KIRA,grunt,,1.0,BirdNet_Choctaw_Annotations_final.csv
132805,Spectrogram 1,1,712416.0,712419.0,0.0,12000.0,E:\2025 King Rail Project\Choctaw_WMA_2025 Data\MINI06_20250505_160002.wav,3582.0,MINI06_20250505_160002.wav,3.0,Least Bittern,leabit,0.3327,0.0,,,,1.0,BirdNet_Choctaw_Annotations_final.csv
132806,Spectrogram 1,1,712416.0,712419.0,0.0,12000.0,E:\2025 King Rail Project\Choctaw_WMA_2025 Data\MINI06_20250505_160002.wav,3582.0,MINI06_20250505_160002.wav,3.0,Virginia Rail,virrai,0.1747,0.0,,,,1.0,BirdNet_Choctaw_Annotations_final.csv
134151,Spectrogram 1,1,716690.0,716693.0,0.0,12000.0,E:\2025 King Rail Project\Choctaw_WMA_2025 Data\MINI06_20250505_180002.wav,660.0,MINI06_20250505_180002.wav,3.0,King Rail,kinrai4,0.341,1.0,KIRA,grunt,mix,1.0,BirdNet_Choctaw_Annotations_final.csv
134155,Spectrogram 1,1,716696.0,716699.0,0.0,12000.0,E:\2025 King Rail Project\Choctaw_WMA_2025 Data\MINI06_20250505_180002.wav,666.0,MINI06_20250505_180002.wav,3.0,King Rail,kinrai4,0.6435,1.0,KIRA,grunt,mix,1.0,BirdNet_Choctaw_Annotations_final.csv
149177,Spectrogram 1,1,804021.0,804024.0,0.0,12000.0,E:\2025 King Rail Project\Choctaw_WMA_2025 Data\MINI06_20250512_120002.wav,1635.0,MINI06_20250512_120002.wav,3.0,Red-winged Blackbird,rewbla,0.3169,1.0,RWBL,jeer,rain,1.0,BirdNet_Choctaw_Annotations_final.csv
154752,Spectrogram 1,1,844417.0,844420.0,0.0,12000.0,E:\2025 King Rail Project\Choctaw_WMA_2025 Data\MINI06_20250513_080002.wav,2451.0,MINI06_20250513_080002.wav,3.0,King Rail,kinrai4,0.8774,1.0,KIRA,grunt,,1.0,BirdNet_Choctaw_Annotations_final.csv
161764,Spectrogram 1,1,898668.0,898671.0,0.0,12000.0,E:\2025 King Rail Project\Choctaw_WMA_2025 Data\MINI06_20250514_080002.wav,2730.0,MINI06_20250514_080002.wav,3.0,King Rail,kinrai4,0.8919,1.0,KIRA,grunt,background engine? rain,1.0,BirdNet_Choctaw_Annotations_final.csv
172046,Spectrogram 1,1,1001949.995,1001953.0,0.0,11960.784,E:\2025 King Rail Project\Choctaw_WMA_2025 Data\MINI06_20250522_120002.wav,1667.9951,MINI06_20250522_120002.wav,3.0049,Red-winged Blackbird,rewbla,0.5384,1.0,RWBL,conklaree,rain?,1.0,BirdNet_Choctaw_Annotations_final.csv
172048,Spectrogram 1,1,1001953.0,1001956.0,0.0,12000.0,E:\2025 King Rail Project\Choctaw_WMA_2025 Data\MINI06_20250522_120002.wav,1671.0,MINI06_20250522_120002.wav,3.0,Red-winged Blackbird,rewbla,0.14,1.0,RWBL,conklaree,rain?,1.0,BirdNet_Choctaw_Annotations_final.csv
181362,Spectrogram 1,1,1054938.0,1054941.0,0.0,12000.0,E:\2025 King Rail Project\Choctaw_WMA_2025 Data\MINI06_20250523_120002.wav,684.0,MINI06_20250523_120002.wav,3.0,Red-winged Blackbird,rewbla,0.5647,1.0,RWBL,check,,1.0,BirdNet_Choctaw_Annotations_final.csv
181449,Spectrogram 1,1,1055919.0,1055922.0,0.0,12000.0,E:\2025 King Rail Project\Choctaw_WMA_2025 Data\MINI06_20250523_120002.wav,1665.0,MINI06_20250523_120002.wav,3.0,Red-winged Blackbird,rewbla,0.5104,1.0,RWBL,check,,1.0,BirdNet_Choctaw_Annotations_final.csv
181450,Spectrogram 1,1,1055919.0,1055922.0,0.0,12000.0,E:\2025 King Rail Project\Choctaw_WMA_2025 Data\MINI06_20250523_120002.wav,1665.0,MINI06_20250523_120002.wav,3.0,King Rail,kinrai4,0.221,0.0,,,,1.0,BirdNet_Choctaw_Annotations_final.csv
184277,Spectrogram 1,1,1075457.0,1075460.0,0.0,12000.0,E:\2025 King Rail Project\Choctaw_WMA_2025 Data\MINI06_20250523_170002.wav,3213.0,MINI06_20250523_170002.wav,3.0,Red-winged Blackbird,rewbla,0.5548,1.0,RWBL,check,,1.0,BirdNet_Choctaw_Annotations_final.csv
192313,Spectrogram 1,1,1101999.0,1102002.0,0.0,12000.0,E:\2025 King Rail Project\Choctaw_WMA_2025 Data\MINI06_20250524_100002.wav,969.0,MINI06_20250524_100002.wav,3.0,Red-winged Blackbird,rewbla,0.4253,1.0,RWBL,jeer,,1.0,BirdNet_Choctaw_Annotations_final.csv
219098,Spectrogram 1,1,1280065.0,1280068.0,0.0,12000.0,E:\2025 King Rail Project\Choctaw_WMA_2025 Data\MINI06_20250527_140002.wav,2727.0,MINI06_20250527_140002.wav,3.0,Red-winged Blackbird,rewbla,0.1493,1,RWBL,conklaree,narrow-mouthed toads,1.0,BirdNet_Choctaw_Annotations_final.csv
219317,Spectrogram 1,1,1292660.0,1292663.0,0.0,12000.0,E:\2025 King Rail Project\Choctaw_WMA_2025 Data\MINI06_20250527_180002.wav,930.0,MINI06_20250527_180002.wav,3.0,Red-winged Blackbird,rewbla,0.1827,1,RWBL,jeer,,1.0,BirdNet_Choctaw_Annotations_final.csv
219421,Spectrogram 1,1,1297350.0,1297353.0,0.0,12000.0,E:\2025 King Rail Project\Choctaw_WMA_2025 Data\MINI06_20250527_190002.wav,2022.0,MINI06_20250527_190002.wav,3.0,Red-winged Blackbird,rewbla,0.482,1,,,,1.0,BirdNet_Choctaw_Annotations_final.csv
219438,Spectrogram 1,1,1298385.0,1298388.0,0.0,12000.0,E:\2025 King Rail Project\Choctaw_WMA_2025 Data\MINI06_20250527_190002.wav,3057.0,MINI06_20250527_190002.wav,3.0,Red-winged Blackbird,rewbla,0.5691,1,RWBL,conklaree,,1.0,BirdNet_Choctaw_Annotations_final.csv
4,Spectrogram 1,1,21.0,24.0,0.0,12000.0,E:\2025 King Rail Project\2025 ARU Data Annotated For King Rail Project\Lattimore1 SMA06000\Lattimore1Data20250326to20250707\SMA06000_20250326_193100.wav,21.0,SMA06000_20250326_193100.wav,3.0,Red-winged Blackbird,rewbla,0.2162,1,RWBL,,rain,1.0,BirdNET_SelectionTable_Lat1AnnotatedRM20260310revJMFINAL 1.csv
34,Spectrogram 1,1,318.0,321.0,0.0,12000.0,E:\2025 King Rail Project\2025 ARU Data Annotated For King Rail Project\Lattimore1 SMA06000\Lattimore1Data20250326to20250707\SMA06000_20250326_193100.wav,318.0,SMA06000_20250326_193100.wav,3.0,Red-winged Blackbird,rewbla,0.3213,1,RWBL,conklaree,rain,1.0,BirdNET_SelectionTable_Lat1AnnotatedRM20260310revJMFINAL 1.csv
35,Spectrogram 1,1,321.0,324.0,0.0,12000.0,E:\2025 King Rail Project\2025 ARU Data Annotated For King Rail Project\Lattimore1 SMA06000\Lattimore1Data20250326to20250707\SMA06000_20250326_193100.wav,321.0,SMA06000_20250326_193100.wav,3.0,Red-winged Blackbird,rewbla,0.1146,1,RWBL,,,1.0,BirdNET_SelectionTable_Lat1AnnotatedRM20260310revJMFINAL 1.csv
48,Spectrogram 1,1,381.0,384.0,0.0,12000.0,E:\2025 King Rail Project\2025 ARU Data Annotated For King Rail Project\Lattimore1 SMA06000\Lattimore1Data20250326to20250707\SMA06000_20250326_193100.wav,381.0,SMA06000_20250326_193100.wav,3.0,Virginia Rail,virrai,0.4222,0,RWBL,pink,rain,1.0,BirdNET_SelectionTable_Lat1AnnotatedRM20260310revJMFINAL 1.csv
49,Spectrogram 1,1,384.0,387.0,0.0,12000.0,E:\2025 King Rail Project\2025 ARU Data Annotated For King Rail Project\Lattimore1 SMA06000\Lattimore1Data20250326to20250707\SMA06000_20250326_193100.wav,384.0,SMA06000_20250326_193100.wav,3.0,Virginia Rail,virrai,0.2418,0,,,,1.0,BirdNET_SelectionTable_Lat1AnnotatedRM20260310revJMFINAL 1.csv
50,Spectrogram 1,1,384.0,387.0,0.0,12000.0,E:\2025 King Rail Project\2025 ARU Data Annotated For King Rail Project\Lattimore1 SMA06000\Lattimore1Data20250326to20250707\SMA06000_20250326_193100.wav,384.0,SMA06000_20250326_193100.wav,3.0,Red-winged Blackbird,rewbla,0.1067,1,RWBL,pink,,1.0,BirdNET_SelectionTable_Lat1AnnotatedRM20260310revJMFINAL 1.csv
51,Spectrogram 1,1,387.0,390.0,0.0,12000.0,E:\2025 King Rail Project\2025 ARU Data Annotated For King Rail Project\Lattimore1 SMA06000\Lattimore1Data20250326to20250707\SMA06000_20250326_193100.wav,387.0,SMA06000_20250326_193100.wav,3.0,Virginia Rail,virrai,0.339,0,RWBL,pink,"pink plus conklaree, rain",1.0,BirdNET_SelectionTable_Lat1AnnotatedRM20260310revJMFINAL 1.csv
52,Spectrogram 1,1,387.0,390.0,0.0,12000.0,E:\2025 King Rail Project\2025 ARU Data Annotated For King Rail Project\Lattimore1 SMA06000\Lattimore1Data20250326to20250707\SMA06000_20250326_193100.wav,387.0,SMA06000_20250326_193100.wav,3.0,Common Gallinule,comgal1,0.1512,0,,,rain,1.0,BirdNET_SelectionTable_Lat1AnnotatedRM20260310revJMFINAL 1.csv
53,Spectrogram 1,1,387.0,390.0,0.0,12000.0,E:\2025 King Rail Project\2025 ARU Data Annotated For King Rail Project\Lattimore1 SMA06000\Lattimore1Data20250326to20250707\SMA06000_20250326_193100.wav,387.0,SMA06000_20250326_193100.wav,3.0,Least Bittern,leabit,0.1193,0,,,rain,1.0,BirdNET_SelectionTable_Lat1AnnotatedRM20260310revJMFINAL 1.csv
54,Spectrogram 1,1,390.0,393.0,0.0,12000.0,E:\2025 King Rail Project\2025 ARU Data Annotated For King Rail Project\Lattimore1 SMA06000\Lattimore1Data20250326to20250707\SMA06000_20250326_193100.wav,390.0,SMA06000_20250326_193100.wav,3.0,Virginia Rail,virrai,0.228,0,RWBL,pink,rain,1.0,BirdNET_SelectionTable_Lat1AnnotatedRM20260310revJMFINAL 1.csv
55,Spectrogram 1,1,393.0,396.0,0.0,12000.0,E:\2025 King Rail Project\2025 ARU Data Annotated For King Rail Project\Lattimore1 SMA06000\Lattimore1Data20250326to20250707\SMA06000_20250326_193100.wav,393.0,SMA06000_20250326_193100.wav,3.0,Virginia Rail,virrai,0.4028,0,RWBL,pink,rain,1.0,BirdNET_SelectionTable_Lat1AnnotatedRM20260310revJMFINAL 1.csv
58,Spectrogram 1,1,402.0,405.0,0.0,12000.0,E:\2025 King Rail Project\2025 ARU Data Annotated For King Rail Project\Lattimore1 SMA06000\Lattimore1Data20250326to20250707\SMA06000_20250326_193100.wav,402.0,SMA06000_20250326_193100.wav,3.0,King Rail,kinrai4,0.1055,0,,,rain,1.0,BirdNET_SelectionTable_Lat1AnnotatedRM20260310revJMFINAL 1.csv
172,Spectrogram 1,1,828.0,831.0,0.0,12000.0,E:\2025 King Rail Project\2025 ARU Data Annotated For King Rail Project\Lattimore1 SMA06000\Lattimore1Data20250326to20250707\SMA06000_20250326_193100.wav,828.0,SMA06000_20250326_193100.wav,3.0,Common Gallinule,comgal1,0.1386,0,,,rain,1.0,BirdNET_SelectionTable_Lat1AnnotatedRM20260310revJMFINAL 1.csv
173,Spectrogram 1,1,828.0,831.0,0.0,12000.0,E:\2025 King Rail Project\2025 ARU Data Annotated For King Rail Project\Lattimore1 SMA06000\Lattimore1Data20250326to20250707\SMA06000_20250326_193100.wav,828.0,SMA06000_20250326_193100.wav,3.0,King Rail,kinrai4,0.1377,0,,,rain,1.0,BirdNET_SelectionTable_Lat1AnnotatedRM20260310revJMFINAL 1.csv
174,Spectrogram 1,1,828.0,831.0,0.0,12000.0,E:\2025 King Rail Project\2025 ARU Data Annotated For King Rail Project\Lattimore1 SMA06000\Lattimore1Data20250326to20250707\SMA06000_20250326_193100.wav,828.0,SMA06000_20250326_193100.wav,3.0,Least Bittern,leabit,0.1174,0,,,rain,1.0,BirdNET_SelectionTable_Lat1AnnotatedRM20260310revJMFINAL 1.csv
192,Spectrogram 1,1,963.0,966.0,0.0,12000.0,E:\2025 King Rail Project\2025 ARU Data Annotated For King Rail Project\Lattimore1 SMA06000\Lattimore1Data20250326to20250707\SMA06000_20250326_193100.wav,963.0,SMA06000_20250326_193100.wav,3.0,American Bittern,amebit,0.1477,0,,,rain,1.0,BirdNET_SelectionTable_Lat1AnnotatedRM20260310revJMFINAL 1.csv
195,Spectrogram 1,1,993.0,996.0,0.0,12000.0,E:\2025 King Rail Project\2025 ARU Data Annotated For King Rail Project\Lattimore1 SMA06000\Lattimore1Data20250326to20250707\SMA06000_20250326_193100.wav,993.0,SMA06000_20250326_193100.wav,3.0,Least Bittern,leabit,0.1681,0,,,rain,1.0,BirdNET_SelectionTable_Lat1AnnotatedRM20260310revJMFINAL 1.csv
3270,Spectrogram 1,1,42342.0,42345.0,0.0,12000.0,E:\2025 King Rail Project\2025 ARU Data Annotated For King Rail Project\Lattimore1 SMA06000\Lattimore1Data20250326to20250707\SMA06000_20250402_193800.wav,342.0,SMA06000_20250402_193800.wav,3.0,King Rail,kinrai4,0.1032,0,,,,1.0,BirdNET_SelectionTable_Lat1AnnotatedRM20260310revJMFINAL 1.csv
8438,Spectrogram 1,1,72216.0,72219.0,0.0,12000.0,E:\2025 King Rail Project\2025 ARU Data Annotated For King Rail Project\Lattimore1 SMA06000\Lattimore1Data20250326to20250707\SMA06000_20250407_194400.wav,216.0,SMA06000_20250407_194400.wav,3.0,Red-winged Blackbird,rewbla,0.8408,1,RWBL,,,1.0,BirdNET_SelectionTable_Lat1AnnotatedRM20260310revJMFINAL 1.csv
8521,Spectrogram 1,1,72498.0,72501.0,0.0,12000.0,E:\2025 King Rail Project\2025 ARU Data Annotated For King Rail Project\Lattimore1 SMA06000\Lattimore1Data20250326to20250707\SMA06000_20250407_194400.wav,498.0,SMA06000_20250407_194400.wav,3.0,Red-winged Blackbird,rewbla,0.5835,1,,,,1.0,BirdNET_SelectionTable_Lat1AnnotatedRM20260310revJMFINAL 1.csv
8522,Spectrogram 1,1,72498.0,72501.0,0.0,12000.0,E:\2025 King Rail Project\2025 ARU Data Annotated For King Rail Project\Lattimore1 SMA06000\Lattimore1Data20250326to20250707\SMA06000_20250407_194400.wav,498.0,SMA06000_20250407_194400.wav,3.0,Least Bittern,leabit,0.1252,0,,,,1.0,BirdNET_SelectionTable_Lat1AnnotatedRM20260310revJMFINAL 1.csv
8523,Spectrogram 1,1,72501.0,72504.0,0.0,12000.0,E:\2025 King Rail Project\2025 ARU Data Annotated For King Rail Project\Lattimore1 SMA06000\Lattimore1Data20250326to20250707\SMA06000_20250407_194400.wav,501.0,SMA06000_20250407_194400.wav,3.0,Red-winged Blackbird,rewbla,0.696,1,,,,1.0,BirdNET_SelectionTable_Lat1AnnotatedRM20260310revJMFINAL 1.csv
8525,Spectrogram 1,1,72507.0,72510.0,0.0,12000.0,E:\2025 King Rail Project\2025 ARU Data Annotated For King Rail Project\Lattimore1 SMA06000\Lattimore1Data20250326to20250707\SMA06000_20250407_194400.wav,507.0,SMA06000_20250407_194400.wav,3.0,Red-winged Blackbird,rewbla,0.8209,1,,,,1.0,BirdNET_SelectionTable_Lat1AnnotatedRM20260310revJMFINAL 1.csv
8526,Spectrogram 1,1,72510.0,72513.0,0.0,12000.0,E:\2025 King Rail Project\2025 ARU Data Annotated For King Rail Project\Lattimore1 SMA06000\Lattimore1Data20250326to20250707\SMA06000_20250407_194400.wav,510.0,SMA06000_20250407_194400.wav,3.0,Red-winged Blackbird,rewbla,0.7593,1,,,,1.0,BirdNET_SelectionTable_Lat1AnnotatedRM20260310revJMFINAL 1.csv
8527,Spectrogram 1,1,72510.0,72513.0,0.0,12000.0,E:\2025 King Rail Project\2025 ARU Data Annotated For King Rail Project\Lattimore1 SMA06000\Lattimore1Data20250326to20250707\SMA06000_20250407_194400.wav,510.0,SMA06000_20250407_194400.wav,3.0,Least Bittern,leabit,0.1264,0,,,,1.0,BirdNET_SelectionTable_Lat1AnnotatedRM20260310revJMFINAL 1.csv
8528,Spectrogram 1,1,72513.0,72516.0,0.0,12000.0,E:\2025 King Rail Project\2025 ARU Data Annotated For King Rail Project\Lattimore1 SMA06000\Lattimore1Data20250326to20250707\SMA06000_20250407_194400.wav,513.0,SMA06000_20250407_194400.wav,3.0,Red-winged Blackbird,rewbla,0.6885,1,,,,1.0,BirdNET_SelectionTable_Lat1AnnotatedRM20260310revJMFINAL 1.csv
10453,Spectrogram 1,1,87522.0,87525.0,0.0,12000.0,E:\2025 King Rail Project\2025 ARU Data Annotated For King Rail Project\Lattimore1 SMA06000\Lattimore1Data20250326to20250707\SMA06000_20250410_040000.wav,1122.0,SMA06000_20250410_040000.wav,3.0,Least Bittern,leabit,0.4711,0,,,,1.0,BirdNET_SelectionTable_Lat1AnnotatedRM20260310revJMFINAL 1.csv
11495,Spectrogram 1,1,89808.0,89811.0,0.0,12000.0,E:\2025 King Rail Project\2025 ARU Data Annotated For King Rail Project\Lattimore1 SMA06000\Lattimore1Data20250326to20250707\SMA06000_20250410_064000.wav,2208.0,SMA06000_20250410_064000.wav,3.0,Red-winged Blackbird,rewbla,0.1691,1,RWBL,jeer,rain,1.0,BirdNET_SelectionTable_Lat1AnnotatedRM20260310revJMFINAL 1.csv
11833,Spectrogram 1,1,91212.0,91215.0,0.0,12000.0,E:\2025 King Rail Project\2025 ARU Data Annotated For King Rail Project\Lattimore1 SMA06000\Lattimore1Data20250326to20250707\SMA06000_20250410_194700.wav,1212.0,SMA06000_20250410_194700.wav,3.0,Red-winged Blackbird,rewbla,0.1458,1,,,,1.0,BirdNET_SelectionTable_Lat1AnnotatedRM20260310revJMFINAL 1.csv
11834,Spectrogram 1,1,91212.0,91215.0,0.0,12000.0,E:\2025 King Rail Project\2025 ARU Data Annotated For King Rail Project\Lattimore1 SMA06000\Lattimore1Data20250326to20250707\SMA06000_20250410_194700.wav,1212.0,SMA06000_20250410_194700.wav,3.0,Least Bittern,leabit,0.1214,0,,,,1.0,BirdNET_SelectionTable_Lat1AnnotatedRM20260310revJMFINAL 1.csv
11835,Spectrogram 1,1,91218.0,91221.0,0.0,12000.0,E:\2025 King Rail Project\2025 ARU Data Annotated For King Rail Project\Lattimore1 SMA06000\Lattimore1Data20250326to20250707\SMA06000_20250410_194700.wav,1218.0,SMA06000_20250410_194700.wav,3.0,Virginia Rail,virrai,0.652,0,,,,1.0,BirdNET_SelectionTable_Lat1AnnotatedRM20260310revJMFINAL 1.csv
11836,Spectrogram 1,1,91218.0,91221.0,0.0,12000.0,E:\2025 King Rail Project\2025 ARU Data Annotated For King Rail Project\Lattimore1 SMA06000\Lattimore1Data20250326to20250707\SMA06000_20250410_194700.wav,1218.0,SMA06000_20250410_194700.wav,3.0,Swamp Sparrow,swaspa,0.3453,1,,,,1.0,BirdNET_SelectionTable_Lat1AnnotatedRM20260310revJMFINAL 1.csv
21719,Spectrogram 1,1,130131.0,130134.0,0.0,12000.0,E:\2025 King Rail Project\2025 ARU Data Annotated For King Rail Project\Lattimore1 SMA06000\Lattimore1Data20250326to20250707\SMA06000_20250417_062900.wav,531.0,SMA06000_20250417_062900.wav,3.0,Swamp Sparrow,swaspa,0.5993,,,,,1.0,BirdNET_SelectionTable_Lat1AnnotatedRM20260310revJMFINAL 1.csv
21839,Spectrogram 1,1,130473.0,130476.0,0.0,12000.0,E:\2025 King Rail Project\2025 ARU Data Annotated For King Rail Project\Lattimore1 SMA06000\Lattimore1Data20250326to20250707\SMA06000_20250417_062900.wav,873.0,SMA06000_20250417_062900.wav,3.0,Virginia Rail,virrai,0.4381,0,,,,1.0,BirdNET_SelectionTable_Lat1AnnotatedRM20260310revJMFINAL 1.csv
21842,Spectrogram 1,1,130479.0,130482.0,0.0,12000.0,E:\2025 King Rail Project\2025 ARU Data Annotated For King Rail Project\Lattimore1 SMA06000\Lattimore1Data20250326to20250707\SMA06000_20250417_062900.wav,879.0,SMA06000_20250417_062900.wav,3.0,Virginia Rail,virrai,0.9202,0,,,,1.0,BirdNET_SelectionTable_Lat1AnnotatedRM20260310revJMFINAL 1.csv
21847,Spectrogram 1,1,130494.0,130497.0,0.0,12000.0,E:\2025 King Rail Project\2025 ARU Data Annotated For King Rail Project\Lattimore1 SMA06000\Lattimore1Data20250326to20250707\SMA06000_20250417_062900.wav,894.0,SMA06000_20250417_062900.wav,3.0,Virginia Rail,virrai,0.8625,0,,,,1.0,BirdNET_SelectionTable_Lat1AnnotatedRM20260310revJMFINAL 1.csv
21850,Spectrogram 1,1,130503.0,130506.0,0.0,12000.0,E:\2025 King Rail Project\2025 ARU Data Annotated For King Rail Project\Lattimore1 SMA06000\Lattimore1Data20250326to20250707\SMA06000_20250417_062900.wav,903.0,SMA06000_20250417_062900.wav,3.0,Virginia Rail,virrai,0.8642,0,,,,1.0,BirdNET_SelectionTable_Lat1AnnotatedRM20260310revJMFINAL 1.csv
22084,Spectrogram 1,1,131094.0,131097.0,0.0,12000.0,E:\2025 King Rail Project\2025 ARU Data Annotated For King Rail Project\Lattimore1 SMA06000\Lattimore1Data20250326to20250707\SMA06000_20250417_062900.wav,1494.0,SMA06000_20250417_062900.wav,3.0,American Bittern,amebit,0.1736,,,,,1.0,BirdNET_SelectionTable_Lat1AnnotatedRM20260310revJMFINAL 1.csv
22205,Spectrogram 1,1,131403.0,131406.0,0.0,12000.0,E:\2025 King Rail Project\2025 ARU Data Annotated For King Rail Project\Lattimore1 SMA06000\Lattimore1Data20250326to20250707\SMA06000_20250417_062900.wav,1803.0,SMA06000_20250417_062900.wav,3.0,Red-winged Blackbird,rewbla,0.2213,1,RWBL,,,1.0,BirdNET_SelectionTable_Lat1AnnotatedRM20260310revJMFINAL 1.csv
22207,Spectrogram 1,1,131412.0,131415.0,0.0,12000.0,E:\2025 King Rail Project\2025 ARU Data Annotated For King Rail Project\Lattimore1 SMA06000\Lattimore1Data20250326to20250707\SMA06000_20250417_062900.wav,1812.0,SMA06000_20250417_062900.wav,3.0,Red-winged Blackbird,rewbla,0.4701,1,,,,1.0,BirdNET_SelectionTable_Lat1AnnotatedRM20260310revJMFINAL 1.csv
22208,Spectrogram 1,1,131415.0,131418.0,0.0,12000.0,E:\2025 King Rail Project\2025 ARU Data Annotated For King Rail Project\Lattimore1 SMA06000\Lattimore1Data20250326to20250707\SMA06000_20250417_062900.wav,1815.0,SMA06000_20250417_062900.wav,3.0,Red-winged Blackbird,rewbla,0.4821,1,RWBL,check,,1.0,BirdNET_SelectionTable_Lat1AnnotatedRM20260310revJMFINAL 1.csv
22209,Spectrogram 1,1,131415.0,131418.0,0.0,12000.0,E:\2025 King Rail Project\2025 ARU Data Annotated For King Rail Project\Lattimore1 SMA06000\Lattimore1Data20250326to20250707\SMA06000_20250417_062900.wav,1815.0,SMA06000_20250417_062900.wav,3.0,King Rail,kinrai4,0.1019,0,,,RWBL,1.0,BirdNET_SelectionTable_Lat1AnnotatedRM20260310revJMFINAL 1.csv
32108,Spectrogram 1,1,174600.0,174603.0,0.0,12000.0,E:\2025 King Rail Project\2025 ARU Data Annotated For King Rail Project\Lattimore1 SMA06000\Lattimore1Data20250326to20250707\SMA06000_20250424_200200.wav,600.0,SMA06000_20250424_200200.wav,3.0,Virginia Rail,virrai,0.938,0,,,,1.0,BirdNET_SelectionTable_Lat1AnnotatedRM20260310revJMFINAL 1.csv
32109,Spectrogram 1,1,174600.0,174603.0,0.0,12000.0,E:\2025 King Rail Project\2025 ARU Data Annotated For King Rail Project\Lattimore1 SMA06000\Lattimore1Data20250326to20250707\SMA06000_20250424_200200.wav,600.0,SMA06000_20250424_200200.wav,3.0,Least Bittern,leabit,0.1425,0,,,,1.0,BirdNET_SelectionTable_Lat1AnnotatedRM20260310revJMFINAL 1.csv
40503,Spectrogram 1,1,210897.0,210900.0,0.0,12000.0,E:\2025 King Rail Project\2025 ARU Data Annotated For King Rail Project\Lattimore1 SMA06000\Lattimore1Data20250326to20250707\SMA06000_20250430_200900.wav,897.0,SMA06000_20250430_200900.wav,3.0,Least Bittern,leabit,0.2397,0,,,,1.0,BirdNET_SelectionTable_Lat1AnnotatedRM20260310revJMFINAL 1.csv
40504,Spectrogram 1,1,210897.0,210900.0,0.0,12000.0,E:\2025 King Rail Project\2025 ARU Data Annotated For King Rail Project\Lattimore1 SMA06000\Lattimore1Data20250326to20250707\SMA06000_20250430_200900.wav,897.0,SMA06000_20250430_200900.wav,3.0,King Rail,kinrai4,0.1173,0,,,,1.0,BirdNET_SelectionTable_Lat1AnnotatedRM20260310revJMFINAL 1.csv
40640,Spectrogram 1,1,211872.0,211875.0,0.0,12000.0,E:\2025 King Rail Project\2025 ARU Data Annotated For King Rail Project\Lattimore1 SMA06000\Lattimore1Data20250326to20250707\SMA06000_20250430_200900.wav,1872.0,SMA06000_20250430_200900.wav,3.0,King Rail,kinrai4,0.1255,0,,,,1.0,BirdNET_SelectionTable_Lat1AnnotatedRM20260310revJMFINAL 1.csv
41482,Spectrogram 1,1,216236.0267,216239.0267,0.0,12000.0,E:\2025 King Rail Project\2025 ARU Data Annotated For King Rail Project\Lattimore1 SMA06000\Lattimore1Data20250326to20250707\SMA06000_20250501_201000.wav,378.0,SMA06000_20250501_201000.wav,3.0,King Rail,kinrai4,0.352,0,,,label for training,1.0,BirdNET_SelectionTable_Lat1AnnotatedRM20260310revJMFINAL 1.csv
41483,Spectrogram 1,1,216236.0267,216239.0267,0.0,12000.0,E:\2025 King Rail Project\2025 ARU Data Annotated For King Rail Project\Lattimore1 SMA06000\Lattimore1Data20250326to20250707\SMA06000_20250501_201000.wav,378.0,SMA06000_20250501_201000.wav,3.0,Red-winged Blackbird,rewbla,0.1193,1,RWBL,check,,1.0,BirdNET_SelectionTable_Lat1AnnotatedRM20260310revJMFINAL 1.csv
41484,Spectrogram 1,1,216236.0267,216239.0267,0.0,12000.0,E:\2025 King Rail Project\2025 ARU Data Annotated For King Rail Project\Lattimore1 SMA06000\Lattimore1Data20250326to20250707\SMA06000_20250501_201000.wav,378.0,SMA06000_20250501_201000.wav,3.0,Sora,sora,0.1183,0,,,,1.0,BirdNET_SelectionTable_Lat1AnnotatedRM20260310revJMFINAL 1.csv
41485,Spectrogram 1,1,216236.0267,216239.0267,0.0,12000.0,E:\2025 King Rail Project\2025 ARU Data Annotated For King Rail Project\Lattimore1 SMA06000\Lattimore1Data20250326to20250707\SMA06000_20250501_201000.wav,378.0,SMA06000_20250501_201000.wav,3.0,Least Bittern,leabit,0.1032,0,,,,1.0,BirdNET_SelectionTable_Lat1AnnotatedRM20260310revJMFINAL 1.csv
41486,Spectrogram 1,1,216239.0267,216242.0267,0.0,12000.0,E:\2025 King Rail Project\2025 ARU Data Annotated For King Rail Project\Lattimore1 SMA06000\Lattimore1Data20250326to20250707\SMA06000_20250501_201000.wav,381.0,SMA06000_20250501_201000.wav,3.0,King Rail,kinrai4,0.1825,0,,,,1.0,BirdNET_SelectionTable_Lat1AnnotatedRM20260310revJMFINAL 1.csv
41487,Spectrogram 1,1,216239.0267,216242.0267,0.0,12000.0,E:\2025 King Rail Project\2025 ARU Data Annotated For King Rail Project\Lattimore1 SMA06000\Lattimore1Data20250326to20250707\SMA06000_20250501_201000.wav,381.0,SMA06000_20250501_201000.wav,3.0,Least Bittern,leabit,0.1474,0,,,,1.0,BirdNET_SelectionTable_Lat1AnnotatedRM20260310revJMFINAL 1.csv
41489,Spectrogram 1,1,216242.0267,216245.0267,0.0,12000.0,E:\2025 King Rail Project\2025 ARU Data Annotated For King Rail Project\Lattimore1 SMA06000\Lattimore1Data20250326to20250707\SMA06000_20250501_201000.wav,384.0,SMA06000_20250501_201000.wav,3.0,King Rail,kinrai4,0.2093,0,,,,1.0,BirdNET_SelectionTable_Lat1AnnotatedRM20260310revJMFINAL 1.csv
41490,Spectrogram 1,1,216242.0267,216245.0267,0.0,12000.0,E:\2025 King Rail Project\2025 ARU Data Annotated For King Rail Project\Lattimore1 SMA06000\Lattimore1Data20250326to20250707\SMA06000_20250501_201000.wav,384.0,SMA06000_20250501_201000.wav,3.0,Red-winged Blackbird,rewbla,0.1059,1,RWBL,Multiple,,1.0,BirdNET_SelectionTable_Lat1AnnotatedRM20260310revJMFINAL 1.csv
43112,Spectrogram 1,1,223010.0267,223013.0267,0.0,12000.0,E:\2025 King Rail Project\2025 ARU Data Annotated For King Rail Project\Lattimore1 SMA06000\Lattimore1Data20250326to20250707\SMA06000_20250502_201100.wav,1152.0,SMA06000_20250502_201100.wav,3.0,American Bittern,amebit,0.1364,0,,,,1.0,BirdNET_SelectionTable_Lat1AnnotatedRM20260310revJMFINAL 1.csv
49224,Spectrogram 1,1,254186.0267,254189.0267,0.0,12000.0,E:\2025 King Rail Project\2025 ARU Data Annotated For King Rail Project\Lattimore1 SMA06000\Lattimore1Data20250326to20250707\SMA06000_20250507_201600.wav,2328.0,SMA06000_20250507_201600.wav,3.0,King Rail,kinrai4,0.3605,1,KIRA,kek,,1.0,BirdNET_SelectionTable_Lat1AnnotatedRM20260310revJMFINAL 1.csv
49225,Spectrogram 1,1,254186.0267,254189.0267,0.0,12000.0,E:\2025 King Rail Project\2025 ARU Data Annotated For King Rail Project\Lattimore1 SMA06000\Lattimore1Data20250326to20250707\SMA06000_20250507_201600.wav,2328.0,SMA06000_20250507_201600.wav,3.0,Least Bittern,leabit,0.1346,0,,,,1.0,BirdNET_SelectionTable_Lat1AnnotatedRM20260310revJMFINAL 1.csv
49240,Spectrogram 1,1,254213.0267,254216.0267,0.0,12000.0,E:\2025 King Rail Project\2025 ARU Data Annotated For King Rail Project\Lattimore1 SMA06000\Lattimore1Data20250326to20250707\SMA06000_20250507_201600.wav,2355.0,SMA06000_20250507_201600.wav,3.0,King Rail,kinrai4,0.2154,1,KIRA,grunt,,1.0,BirdNET_SelectionTable_Lat1AnnotatedRM20260310revJMFINAL 1.csv
49241,Spectrogram 1,1,254213.0267,254216.0267,0.0,12000.0,E:\2025 King Rail Project\2025 ARU Data Annotated For King Rail Project\Lattimore1 SMA06000\Lattimore1Data20250326to20250707\SMA06000_20250507_201600.wav,2355.0,SMA06000_20250507_201600.wav,3.0,Least Bittern,leabit,0.184,0,,,,1.0,BirdNET_SelectionTable_Lat1AnnotatedRM20260310revJMFINAL 1.csv
49242,Spectrogram 1,1,254216.0267,254219.0267,0.0,12000.0,E:\2025 King Rail Project\2025 ARU Data Annotated For King Rail Project\Lattimore1 SMA06000\Lattimore1Data20250326to20250707\SMA06000_20250507_201600.wav,2358.0,SMA06000_20250507_201600.wav,3.0,King Rail,kinrai4,0.1151,1,KIRA,grunt,,1.0,BirdNET_SelectionTable_Lat1AnnotatedRM20260310revJMFINAL 1.csv
49258,Spectrogram 1,1,254480.0267,254483.0267,0.0,12000.0,E:\2025 King Rail Project\2025 ARU Data Annotated For King Rail Project\Lattimore1 SMA06000\Lattimore1Data20250326to20250707\SMA06000_20250508_040000.wav,222.0,SMA06000_20250508_040000.wav,3.0,King Rail,kinrai4,0.2634,1,KIRA,kek,,1.0,BirdNET_SelectionTable_Lat1AnnotatedRM20260310revJMFINAL 1.csv
49260,Spectrogram 1,1,254507.0267,254510.0267,0.0,12000.0,E:\2025 King Rail Project\2025 ARU Data Annotated For King Rail Project\Lattimore1 SMA06000\Lattimore1Data20250326to20250707\SMA06000_20250508_040000.wav,249.0,SMA06000_20250508_040000.wav,3.0,King Rail,kinrai4,0.1332,1,KIRA,grunt,clean,1.0,BirdNET_SelectionTable_Lat1AnnotatedRM20260310revJMFINAL 1.csv
49261,Spectrogram 1,1,254552.0267,254555.0267,0.0,12000.0,E:\2025 King Rail Project\2025 ARU Data Annotated For King Rail Project\Lattimore1 SMA06000\Lattimore1Data20250326to20250707\SMA06000_20250508_040000.wav,294.0,SMA06000_20250508_040000.wav,3.0,King Rail,kinrai4,0.3362,1,KIRA,kek burr,,1.0,BirdNET_SelectionTable_Lat1AnnotatedRM20260310revJMFINAL 1.csv
49262,Spectrogram 1,1,254759.0267,254762.0267,0.0,12000.0,E:\2025 King Rail Project\2025 ARU Data Annotated For King Rail Project\Lattimore1 SMA06000\Lattimore1Data20250326to20250707\SMA06000_20250508_040000.wav,501.0,SMA06000_20250508_040000.wav,3.0,King Rail,kinrai4,0.1484,1,KIRA,kek,,1.0,BirdNET_SelectionTable_Lat1AnnotatedRM20260310revJMFINAL 1.csv
49265,Spectrogram 1,1,254945.0267,254948.0267,0.0,12000.0,E:\2025 King Rail Project\2025 ARU Data Annotated For King Rail Project\Lattimore1 SMA06000\Lattimore1Data20250326to20250707\SMA06000_20250508_040000.wav,687.0,SMA06000_20250508_040000.wav,3.0,King Rail,kinrai4,0.1276,1,KIRA,grunt,clean,1.0,BirdNET_SelectionTable_Lat1AnnotatedRM20260310revJMFINAL 1.csv
49266,Spectrogram 1,1,255020.0267,255023.0267,0.0,12000.0,E:\2025 King Rail Project\2025 ARU Data Annotated For King Rail Project\Lattimore1 SMA06000\Lattimore1Data20250326to20250707\SMA06000_20250508_040000.wav,762.0,SMA06000_20250508_040000.wav,3.0,King Rail,kinrai4,0.3633,1,KIRA,kek,clean,1.0,BirdNET_SelectionTable_Lat1AnnotatedRM20260310revJMFINAL 1.csv
49268,Spectrogram 1,1,255083.0267,255086.0267,0.0,12000.0,E:\2025 King Rail Project\2025 ARU Data Annotated For King Rail Project\Lattimore1 SMA06000\Lattimore1Data20250326to20250707\SMA06000_20250508_040000.wav,825.0,SMA06000_20250508_040000.wav,3.0,King Rail,kinrai4,0.293,1,KIRA,grunt,clean,1.0,BirdNET_SelectionTable_Lat1AnnotatedRM20260310revJMFINAL 1.csv
49270,Spectrogram 1,1,255086.0267,255089.0267,0.0,12000.0,E:\2025 King Rail Project\2025 ARU Data Annotated For King Rail Project\Lattimore1 SMA06000\Lattimore1Data20250326to20250707\SMA06000_20250508_040000.wav,828.0,SMA06000_20250508_040000.wav,3.0,King Rail,kinrai4,0.1222,1,KIRA,grunt,clean,1.0,BirdNET_SelectionTable_Lat1AnnotatedRM20260310revJMFINAL 1.csv
57215,Spectrogram 1,1,296153.0267,296156.0267,0.0,12000.0,E:\2025 King Rail Project\2025 ARU Data Annotated For King Rail Project\Lattimore1 SMA06000\Lattimore1Data20250326to20250707\SMA06000_20250514_202300.wav,2295.0,SMA06000_20250514_202300.wav,3.0,American Bittern,amebit,0.142,0,,,,1.0,BirdNET_SelectionTable_Lat1AnnotatedRM20260310revJMFINAL 1.csv
57216,Spectrogram 1,1,296153.0267,296156.0267,0.0,12000.0,E:\2025 King Rail Project\2025 ARU Data Annotated For King Rail Project\Lattimore1 SMA06000\Lattimore1Data20250326to20250707\SMA06000_20250514_202300.wav,2295.0,SMA06000_20250514_202300.wav,3.0,Least Bittern,leabit,0.109,0,,,,1.0,BirdNET_SelectionTable_Lat1AnnotatedRM20260310revJMFINAL 1.csv
59933,Spectrogram 1,1,307535.0267,307538.0267,0.0,12000.0,E:\2025 King Rail Project\2025 ARU Data Annotated For King Rail Project\Lattimore1 SMA06000\Lattimore1Data20250326to20250707\SMA06000_20250516_202500.wav,1677.0,SMA06000_20250516_202500.wav,3.0,Least Bittern,leabit,0.1557,0,,,rain,1.0,BirdNET_SelectionTable_Lat1AnnotatedRM20260310revJMFINAL 1.csv
59934,Spectrogram 1,1,307538.0267,307541.0267,0.0,12000.0,E:\2025 King Rail Project\2025 ARU Data Annotated For King Rail Project\Lattimore1 SMA06000\Lattimore1Data20250326to20250707\SMA06000_20250516_202500.wav,1680.0,SMA06000_20250516_202500.wav,3.0,Least Bittern,leabit,0.1348,0,,,,1.0,BirdNET_SelectionTable_Lat1AnnotatedRM20260310revJMFINAL 1.csv
60330,Spectrogram 1,1,310451.0267,310454.0267,0.0,12000.0,E:\2025 King Rail Project\2025 ARU Data Annotated For King Rail Project\Lattimore1 SMA06000\Lattimore1Data20250326to20250707\SMA06000_20250517_055100.wav,993.0,SMA06000_20250517_055100.wav,3.0,American Bittern,amebit,0.1083,0,,,rain,1.0,BirdNET_SelectionTable_Lat1AnnotatedRM20260310revJMFINAL 1.csv
60761,Spectrogram 1,1,312299.0267,312302.0267,0.0,12000.0,E:\2025 King Rail Project\2025 ARU Data Annotated For King Rail Project\Lattimore1 SMA06000\Lattimore1Data20250326to20250707\SMA06000_20250517_202600.wav,441.0,SMA06000_20250517_202600.wav,3.0,King Rail,kinrai4,0.1281,0,,,rain,1.0,BirdNET_SelectionTable_Lat1AnnotatedRM20260310revJMFINAL 1.csv
60762,Spectrogram 1,1,312299.0267,312302.0267,0.0,12000.0,E:\2025 King Rail Project\2025 ARU Data Annotated For King Rail Project\Lattimore1 SMA06000\Lattimore1Data20250326to20250707\SMA06000_20250517_202600.wav,441.0,SMA06000_20250517_202600.wav,3.0,Least Bittern,leabit,0.1278,0,,,rain,1.0,BirdNET_SelectionTable_Lat1AnnotatedRM20260310revJMFINAL 1.csv
60763,Spectrogram 1,1,312299.0267,312302.0267,0.0,12000.0,E:\2025 King Rail Project\2025 ARU Data Annotated For King Rail Project\Lattimore1 SMA06000\Lattimore1Data20250326to20250707\SMA06000_20250517_202600.wav,441.0,SMA06000_20250517_202600.wav,3.0,Willow Flycatcher,wilfly,0.1174,0,,,rain,1.0,BirdNET_SelectionTable_Lat1AnnotatedRM20260310revJMFINAL 1.csv
73448,Spectrogram 1,1,383089.2747,383092.2747,0.0,12000.0,E:\2025 King Rail Project\2025 ARU Data Annotated For King Rail Project\Lattimore1 SMA06000\Lattimore1Data20250326to20250707\SMA06000_20250529_054200.wav,1782.0,SMA06000_20250529_054200.wav,3.0,King Rail,kinrai4,0.1405,0,,,,1.0,BirdNET_SelectionTable_Lat1AnnotatedRM20260310revJMFINAL 1.csv
73449,Spectrogram 1,1,383089.2747,383092.2747,0.0,12000.0,E:\2025 King Rail Project\2025 ARU Data Annotated For King Rail Project\Lattimore1 SMA06000\Lattimore1Data20250326to20250707\SMA06000_20250529_054200.wav,1782.0,SMA06000_20250529_054200.wav,3.0,Least Bittern,leabit,0.1051,0,,,,1.0,BirdNET_SelectionTable_Lat1AnnotatedRM20260310revJMFINAL 1.csv
79088,Spectrogram 1,1,407152.2747,407155.2747,0.0,12000.0,E:\2025 King Rail Project\2025 ARU Data Annotated For King Rail Project\Lattimore1 SMA06000\Lattimore1Data20250326to20250707\SMA06000_20250602_054000.wav,1845.0,SMA06000_20250602_054000.wav,3.0,Least Bittern,leabit,0.1672,0,,,,1.0,BirdNET_SelectionTable_Lat1AnnotatedRM20260310revJMFINAL 1.csv
79089,Spectrogram 1,1,407152.2747,407155.2747,0.0,12000.0,E:\2025 King Rail Project\2025 ARU Data Annotated For King Rail Project\Lattimore1 SMA06000\Lattimore1Data20250326to20250707\SMA06000_20250602_054000.wav,1845.0,SMA06000_20250602_054000.wav,3.0,Red-winged Blackbird,rewbla,0.1628,1,,,,1.0,BirdNET_SelectionTable_Lat1AnnotatedRM20260310revJMFINAL 1.csv
79090,Spectrogram 1,1,407152.2747,407155.2747,0.0,12000.0,E:\2025 King Rail Project\2025 ARU Data Annotated For King Rail Project\Lattimore1 SMA06000\Lattimore1Data20250326to20250707\SMA06000_20250602_054000.wav,1845.0,SMA06000_20250602_054000.wav,3.0,Willow Flycatcher,wilfly,0.1068,0,,,,1.0,BirdNET_SelectionTable_Lat1AnnotatedRM20260310revJMFINAL 1.csv
80083,Spectrogram 1,1,409786.2747,409789.2747,0.0,12000.0,E:\2025 King Rail Project\2025 ARU Data Annotated For King Rail Project\Lattimore1 SMA06000\Lattimore1Data20250326to20250707\SMA06000_20250602_204000.wav,2079.0,SMA06000_20250602_204000.wav,3.0,Red-winged Blackbird,rewbla,0.5753,1,RWBL,cheer-type call,,1.0,BirdNET_SelectionTable_Lat1AnnotatedRM20260310revJMFINAL 1.csv
94804,Spectrogram 1,1,492287.024,492290.024,0.0,12000.0,E:\2025 King Rail Project\2025 ARU Data Annotated For King Rail Project\Lattimore1 SMA06000\Lattimore1Data20250326to20250707\SMA06000_20250616_204800.wav,786.0,SMA06000_20250616_204800.wav,3.0,Least Bittern,leabit,0.167,0,,,,1.0,BirdNET_SelectionTable_Lat1AnnotatedRM20260310revJMFINAL 1.csv
94805,Spectrogram 1,1,492287.024,492290.024,0.0,12000.0,E:\2025 King Rail Project\2025 ARU Data Annotated For King Rail Project\Lattimore1 SMA06000\Lattimore1Data20250326to20250707\SMA06000_20250616_204800.wav,786.0,SMA06000_20250616_204800.wav,3.0,Red-winged Blackbird,rewbla,0.1346,1,RWBL,,,1.0,BirdNET_SelectionTable_Lat1AnnotatedRM20260310revJMFINAL 1.csv
95851,Spectrogram 1,1,497600.024,497603.024,0.0,12000.0,E:\2025 King Rail Project\2025 ARU Data Annotated For King Rail Project\Lattimore1 SMA06000\Lattimore1Data20250326to20250707\SMA06000_20250617_204800.wav,99.0,SMA06000_20250617_204800.wav,3.0,Least Bittern,leabit,0.8528,1,,,,1.0,BirdNET_SelectionTable_Lat1AnnotatedRM20260310revJMFINAL 1.csv
96430,Spectrogram 1,1,499415.024,499418.024,0.0,12000.0,E:\2025 King Rail Project\2025 ARU Data Annotated For King Rail Project\Lattimore1 SMA06000\Lattimore1Data20250326to20250707\SMA06000_20250617_204800.wav,1914.0,SMA06000_20250617_204800.wav,3.0,Red-winged Blackbird,rewbla,0.2336,1,,,,1.0,BirdNET_SelectionTable_Lat1AnnotatedRM20260310revJMFINAL 1.csv
97401,Spectrogram 1,1,504215.024,504218.024,0.0,12000.0,E:\2025 King Rail Project\2025 ARU Data Annotated For King Rail Project\Lattimore1 SMA06000\Lattimore1Data20250326to20250707\SMA06000_20250618_204800.wav,714.0,SMA06000_20250618_204800.wav,3.0,Red-winged Blackbird,rewbla,0.1752,1,,,,1.0,BirdNET_SelectionTable_Lat1AnnotatedRM20260310revJMFINAL 1.csv
97402,Spectrogram 1,1,504215.024,504218.024,0.0,12000.0,E:\2025 King Rail Project\2025 ARU Data Annotated For King Rail Project\Lattimore1 SMA06000\Lattimore1Data20250326to20250707\SMA06000_20250618_204800.wav,714.0,SMA06000_20250618_204800.wav,3.0,Least Bittern,leabit,0.1279,0,,,,1.0,BirdNET_SelectionTable_Lat1AnnotatedRM20260310revJMFINAL 1.csv
99680,Spectrogram 1,1,516836.024,516839.024,0.0,12000.0,E:\2025 King Rail Project\2025 ARU Data Annotated For King Rail Project\Lattimore1 SMA06000\Lattimore1Data20250326to20250707\SMA06000_20250620_204900.wav,1335.0,SMA06000_20250620_204900.wav,3.0,Least Bittern,leabit,0.3781,0,,,,1.0,BirdNET_SelectionTable_Lat1AnnotatedRM20260310revJMFINAL 1.csv
99681,Spectrogram 1,1,516836.024,516839.024,0.0,12000.0,E:\2025 King Rail Project\2025 ARU Data Annotated For King Rail Project\Lattimore1 SMA06000\Lattimore1Data20250326to20250707\SMA06000_20250620_204900.wav,1335.0,SMA06000_20250620_204900.wav,3.0,King Rail,kinrai4,0.1097,0,,,,1.0,BirdNET_SelectionTable_Lat1AnnotatedRM20260310revJMFINAL 1.csv
102671,Spectrogram 1,1,533759.024,533762.024,0.0,12000.0,E:\2025 King Rail Project\2025 ARU Data Annotated For King Rail Project\Lattimore1 SMA06000\Lattimore1Data20250326to20250707\SMA06000_20250623_205000.wav,258.0,SMA06000_20250623_205000.wav,3.0,Virginia Rail,virrai,0.9111,0,,,,1.0,BirdNET_SelectionTable_Lat1AnnotatedRM20260310revJMFINAL 1.csv
102672,Spectrogram 1,1,533759.024,533762.024,0.0,12000.0,E:\2025 King Rail Project\2025 ARU Data Annotated For King Rail Project\Lattimore1 SMA06000\Lattimore1Data20250326to20250707\SMA06000_20250623_205000.wav,258.0,SMA06000_20250623_205000.wav,3.0,Least Bittern,leabit,0.2908,0,,,,1.0,BirdNET_SelectionTable_Lat1AnnotatedRM20260310revJMFINAL 1.csv
102673,Spectrogram 1,1,533759.024,533762.024,0.0,12000.0,E:\2025 King Rail Project\2025 ARU Data Annotated For King Rail Project\Lattimore1 SMA06000\Lattimore1Data20250326to20250707\SMA06000_20250623_205000.wav,258.0,SMA06000_20250623_205000.wav,3.0,King Rail,kinrai4,0.2141,0,,,,1.0,BirdNET_SelectionTable_Lat1AnnotatedRM20260310revJMFINAL 1.csv
102674,Spectrogram 1,1,533759.024,533762.024,0.0,12000.0,E:\2025 King Rail Project\2025 ARU Data Annotated For King Rail Project\Lattimore1 SMA06000\Lattimore1Data20250326to20250707\SMA06000_20250623_205000.wav,258.0,SMA06000_20250623_205000.wav,3.0,Marsh Wren,marwre,0.1332,1,,,,1.0,BirdNET_SelectionTable_Lat1AnnotatedRM20260310revJMFINAL 1.csv
104523,Spectrogram 1,1,541736.024,541739.024,0.0,12000.0,E:\2025 King Rail Project\2025 ARU Data Annotated For King Rail Project\Lattimore1 SMA06000\Lattimore1Data20250326to20250707\SMA06000_20250624_205000.wav,2235.0,SMA06000_20250624_205000.wav,3.0,Virginia Rail,virrai,0.9091,0,,,,1.0,BirdNET_SelectionTable_Lat1AnnotatedRM20260310revJMFINAL 1.csv
104524,Spectrogram 1,1,541736.024,541739.024,0.0,12000.0,E:\2025 King Rail Project\2025 ARU Data Annotated For King Rail Project\Lattimore1 SMA06000\Lattimore1Data20250326to20250707\SMA06000_20250624_205000.wav,2235.0,SMA06000_20250624_205000.wav,3.0,Least Bittern,leabit,0.2992,0,,,,1.0,BirdNET_SelectionTable_Lat1AnnotatedRM20260310revJMFINAL 1.csv
108301,Spectrogram 1,1,565526.024,565529.024,0.0,12000.0,E:\2025 King Rail Project\2025 ARU Data Annotated For King Rail Project\Lattimore1 SMA06000\Lattimore1Data20250326to20250707\SMA06000_20250628_205000.wav,2025.0,SMA06000_20250628_205000.wav,3.0,Virginia Rail,virrai,0.2201,0,,,,1.0,BirdNET_SelectionTable_Lat1AnnotatedRM20260310revJMFINAL 1.csv
108302,Spectrogram 1,1,565526.024,565529.024,0.0,12000.0,E:\2025 King Rail Project\2025 ARU Data Annotated For King Rail Project\Lattimore1 SMA06000\Lattimore1Data20250326to20250707\SMA06000_20250628_205000.wav,2025.0,SMA06000_20250628_205000.wav,3.0,American Bittern,amebit,0.1365,0,,,,1.0,BirdNET_SelectionTable_Lat1AnnotatedRM20260310revJMFINAL 1.csv
108303,Spectrogram 1,1,565526.024,565529.024,0.0,12000.0,E:\2025 King Rail Project\2025 ARU Data Annotated For King Rail Project\Lattimore1 SMA06000\Lattimore1Data20250326to20250707\SMA06000_20250628_205000.wav,2025.0,SMA06000_20250628_205000.wav,3.0,Least Bittern,leabit,0.1027,0,,,,1.0,BirdNET_SelectionTable_Lat1AnnotatedRM20260310revJMFINAL 1.csv
108304,Spectrogram 1,1,565529.024,565532.024,0.0,12000.0,E:\2025 King Rail Project\2025 ARU Data Annotated For King Rail Project\Lattimore1 SMA06000\Lattimore1Data20250326to20250707\SMA06000_20250628_205000.wav,2028.0,SMA06000_20250628_205000.wav,3.0,Virginia Rail,virrai,0.8635,0,,,,1.0,BirdNET_SelectionTable_Lat1AnnotatedRM20260310revJMFINAL 1.csv
108305,Spectrogram 1,1,565529.024,565532.024,0.0,12000.0,E:\2025 King Rail Project\2025 ARU Data Annotated For King Rail Project\Lattimore1 SMA06000\Lattimore1Data20250326to20250707\SMA06000_20250628_205000.wav,2028.0,SMA06000_20250628_205000.wav,3.0,King Rail,kinrai4,0.1526,0,,,,1.0,BirdNET_SelectionTable_Lat1AnnotatedRM20260310revJMFINAL 1.csv
108306,Spectrogram 1,1,565529.024,565532.024,0.0,12000.0,E:\2025 King Rail Project\2025 ARU Data Annotated For King Rail Project\Lattimore1 SMA06000\Lattimore1Data20250326to20250707\SMA06000_20250628_205000.wav,2028.0,SMA06000_20250628_205000.wav,3.0,Least Bittern,leabit,0.1087,0,,,,1.0,BirdNET_SelectionTable_Lat1AnnotatedRM20260310revJMFINAL 1.csv
109520,Spectrogram 1,1,571676.024,571679.024,0.0,12000.0,E:\2025 King Rail Project\2025 ARU Data Annotated For King Rail Project\Lattimore1 SMA06000\Lattimore1Data20250326to20250707\SMA06000_20250629_205000.wav,2175.0,SMA06000_20250629_205000.wav,3.0,Virginia Rail,virrai,0.7759,0,,,,1.0,BirdNET_SelectionTable_Lat1AnnotatedRM20260310revJMFINAL 1.csv
113024,Spectrogram 1,1,589496.024,589499.024,0.0,12000.0,E:\2025 King Rail Project\2025 ARU Data Annotated For King Rail Project\Lattimore1 SMA06000\Lattimore1Data20250326to20250707\SMA06000_20250702_204900.wav,1995.0,SMA06000_20250702_204900.wav,3.0,Least Bittern,leabit,0.2183,0,,,,1.0,BirdNET_SelectionTable_Lat1AnnotatedRM20260310revJMFINAL 1.csv
113025,Spectrogram 1,1,589496.024,589499.024,0.0,12000.0,E:\2025 King Rail Project\2025 ARU Data Annotated For King Rail Project\Lattimore1 SMA06000\Lattimore1Data20250326to20250707\SMA06000_20250702_204900.wav,1995.0,SMA06000_20250702_204900.wav,3.0,King Rail,kinrai4,0.1318,0,,,,1.0,BirdNET_SelectionTable_Lat1AnnotatedRM20260310revJMFINAL 1.csv
113026,Spectrogram 1,1,589496.024,589499.024,0.0,12000.0,E:\2025 King Rail Project\2025 ARU Data Annotated For King Rail Project\Lattimore1 SMA06000\Lattimore1Data20250326to20250707\SMA06000_20250702_204900.wav,1995.0,SMA06000_20250702_204900.wav,3.0,Red-winged Blackbird,rewbla,0.1259,1,,,,1.0,BirdNET_SelectionTable_Lat1AnnotatedRM20260310revJMFINAL 1.csv
113746,Spectrogram 1,1,592703.024,592706.024,0.0,12000.0,E:\2025 King Rail Project\2025 ARU Data Annotated For King Rail Project\Lattimore1 SMA06000\Lattimore1Data20250326to20250707\SMA06000_20250703_054300.wav,1602.0,SMA06000_20250703_054300.wav,3.0,Least Bittern,leabit,0.323,0,,,,1.0,BirdNET_SelectionTable_Lat1AnnotatedRM20260310revJMFINAL 1.csv
113747,Spectrogram 1,1,592703.024,592706.024,0.0,12000.0,E:\2025 King Rail Project\2025 ARU Data Annotated For King Rail Project\Lattimore1 SMA06000\Lattimore1Data20250326to20250707\SMA06000_20250703_054300.wav,1602.0,SMA06000_20250703_054300.wav,3.0,King Rail,kinrai4,0.116,0,,,,1.0,BirdNET_SelectionTable_Lat1AnnotatedRM20260310revJMFINAL 1.csv
113748,Spectrogram 1,1,592703.024,592706.024,0.0,12000.0,E:\2025 King Rail Project\2025 ARU Data Annotated For King Rail Project\Lattimore1 SMA06000\Lattimore1Data20250326to20250707\SMA06000_20250703_054300.wav,1602.0,SMA06000_20250703_054300.wav,3.0,American Bittern,amebit,0.1128,0,,,FP from check + frog,1.0,BirdNET_SelectionTable_Lat1AnnotatedRM20260310revJMFINAL 1.csv
114220,Spectrogram 1,1,593894.024,593897.024,0.0,12000.0,E:\2025 King Rail Project\2025 ARU Data Annotated For King Rail Project\Lattimore1 SMA06000\Lattimore1Data20250326to20250707\SMA06000_20250703_204900.wav,393.0,SMA06000_20250703_204900.wav,3.0,King Rail,kinrai4,0.3983,0,,,,1.0,BirdNET_SelectionTable_Lat1AnnotatedRM20260310revJMFINAL 1.csv
114663,Spectrogram 1,1,597521.024,597524.024,0.0,12000.0,E:\2025 King Rail Project\2025 ARU Data Annotated For King Rail Project\Lattimore1 SMA06000\Lattimore1Data20250326to20250707\SMA06000_20250704_054400.wav,420.0,SMA06000_20250704_054400.wav,3.0,King Rail,kinrai4,0.3413,0,,,,1.0,BirdNET_SelectionTable_Lat1AnnotatedRM20260310revJMFINAL 1.csv
114664,Spectrogram 1,1,597521.024,597524.024,0.0,12000.0,E:\2025 King Rail Project\2025 ARU Data Annotated For King Rail Project\Lattimore1 SMA06000\Lattimore1Data20250326to20250707\SMA06000_20250704_054400.wav,420.0,SMA06000_20250704_054400.wav,3.0,Least Bittern,leabit,0.2825,0,,,,1.0,BirdNET_SelectionTable_Lat1AnnotatedRM20260310revJMFINAL 1.csv
114665,Spectrogram 1,1,597521.024,597524.024,0.0,12000.0,E:\2025 King Rail Project\2025 ARU Data Annotated For King Rail Project\Lattimore1 SMA06000\Lattimore1Data20250326to20250707\SMA06000_20250704_054400.wav,420.0,SMA06000_20250704_054400.wav,3.0,Virginia Rail,virrai,0.2338,0,,,,1.0,BirdNET_SelectionTable_Lat1AnnotatedRM20260310revJMFINAL 1.csv
114666,Spectrogram 1,1,597521.024,597524.024,0.0,12000.0,E:\2025 King Rail Project\2025 ARU Data Annotated For King Rail Project\Lattimore1 SMA06000\Lattimore1Data20250326to20250707\SMA06000_20250704_054400.wav,420.0,SMA06000_20250704_054400.wav,3.0,Swamp Sparrow,swaspa,0.1136,1,,,,1.0,BirdNET_SelectionTable_Lat1AnnotatedRM20260310revJMFINAL 1.csv
115632,Spectrogram 1,1,601322.024,601325.024,0.0,12000.0,E:\2025 King Rail Project\2025 ARU Data Annotated For King Rail Project\Lattimore1 SMA06000\Lattimore1Data20250326to20250707\SMA06000_20250704_204900.wav,1821.0,SMA06000_20250704_204900.wav,3.0,Least Bittern,leabit,0.3775,0,,,,1.0,BirdNET_SelectionTable_Lat1AnnotatedRM20260310revJMFINAL 1.csv
115633,Spectrogram 1,1,601322.024,601325.024,0.0,12000.0,E:\2025 King Rail Project\2025 ARU Data Annotated For King Rail Project\Lattimore1 SMA06000\Lattimore1Data20250326to20250707\SMA06000_20250704_204900.wav,1821.0,SMA06000_20250704_204900.wav,3.0,Red-winged Blackbird,rewbla,0.1073,1,,,,1.0,BirdNET_SelectionTable_Lat1AnnotatedRM20260310revJMFINAL 1.csv
116188,Spectrogram 1,1,603830.024,603833.024,0.0,12000.0,E:\2025 King Rail Project\2025 ARU Data Annotated For King Rail Project\Lattimore1 SMA06000\Lattimore1Data20250326to20250707\SMA06000_20250705_054400.wav,729.0,SMA06000_20250705_054400.wav,3.0,King Rail,kinrai4,0.428,0,,,messy clip. FP likely noise,1.0,BirdNET_SelectionTable_Lat1AnnotatedRM20260310revJMFINAL 1.csv
116848,Spectrogram 1,1,605678.024,605681.024,0.0,12000.0,E:\2025 King Rail Project\2025 ARU Data Annotated For King Rail Project\Lattimore1 SMA06000\Lattimore1Data20250326to20250707\SMA06000_20250705_204900.wav,177.0,SMA06000_20250705_204900.wav,3.0,Red-winged Blackbird,rewbla,0.1696,1,,,,1.0,BirdNET_SelectionTable_Lat1AnnotatedRM20260310revJMFINAL 1.csv
116849,Spectrogram 1,1,605678.024,605681.024,0.0,12000.0,E:\2025 King Rail Project\2025 ARU Data Annotated For King Rail Project\Lattimore1 SMA06000\Lattimore1Data20250326to20250707\SMA06000_20250705_204900.wav,177.0,SMA06000_20250705_204900.wav,3.0,Least Bittern,leabit,0.1179,0,,,,1.0,BirdNET_SelectionTable_Lat1AnnotatedRM20260310revJMFINAL 1.csv
117730,Spectrogram 1,1,611390.024,611393.024,0.0,12000.0,E:\2025 King Rail Project\2025 ARU Data Annotated For King Rail Project\Lattimore1 SMA06000\Lattimore1Data20250326to20250707\SMA06000_20250706_054500.wav,2289.0,SMA06000_20250706_054500.wav,3.0,Swamp Sparrow,swaspa,0.6192,1,,,,1.0,BirdNET_SelectionTable_Lat1AnnotatedRM20260310revJMFINAL 1.csv
117731,Spectrogram 1,1,611390.024,611393.024,0.0,12000.0,E:\2025 King Rail Project\2025 ARU Data Annotated For King Rail Project\Lattimore1 SMA06000\Lattimore1Data20250326to20250707\SMA06000_20250706_054500.wav,2289.0,SMA06000_20250706_054500.wav,3.0,King Rail,kinrai4,0.1938,0,,,,1.0,BirdNET_SelectionTable_Lat1AnnotatedRM20260310revJMFINAL 1.csv
117778,Spectrogram 1,1,611762.024,611765.024,0.0,12000.0,E:\2025 King Rail Project\2025 ARU Data Annotated For King Rail Project\Lattimore1 SMA06000\Lattimore1Data20250326to20250707\SMA06000_20250706_204800.wav,261.0,SMA06000_20250706_204800.wav,3.0,Least Bittern,leabit,0.1421,0,,,,1.0,BirdNET_SelectionTable_Lat1AnnotatedRM20260310revJMFINAL 1.csv
117842,Spectrogram 1,1,612332.024,612335.024,0.0,12000.0,E:\2025 King Rail Project\2025 ARU Data Annotated For King Rail Project\Lattimore1 SMA06000\Lattimore1Data20250326to20250707\SMA06000_20250706_204800.wav,831.0,SMA06000_20250706_204800.wav,3.0,Least Bittern,leabit,0.4204,0,,,,1.0,BirdNET_SelectionTable_Lat1AnnotatedRM20260310revJMFINAL 1.csv
117843,Spectrogram 1,1,612332.024,612335.024,0.0,12000.0,E:\2025 King Rail Project\2025 ARU Data Annotated For King Rail Project\Lattimore1 SMA06000\Lattimore1Data20250326to20250707\SMA06000_20250706_204800.wav,831.0,SMA06000_20250706_204800.wav,3.0,Red-winged Blackbird,rewbla,0.1385,1,,,,1.0,BirdNET_SelectionTable_Lat1AnnotatedRM20260310revJMFINAL 1.csv
117844,Spectrogram 1,1,612341.024,612344.024,0.0,12000.0,E:\2025 King Rail Project\2025 ARU Data Annotated For King Rail Project\Lattimore1 SMA06000\Lattimore1Data20250326to20250707\SMA06000_20250706_204800.wav,840.0,SMA06000_20250706_204800.wav,3.0,American Bittern,amebit,0.1197,0,,,,1.0,BirdNET_SelectionTable_Lat1AnnotatedRM20260310revJMFINAL 1.csv
117845,Spectrogram 1,1,612341.024,612344.024,0.0,12000.0,E:\2025 King Rail Project\2025 ARU Data Annotated For King Rail Project\Lattimore1 SMA06000\Lattimore1Data20250326to20250707\SMA06000_20250706_204800.wav,840.0,SMA06000_20250706_204800.wav,3.0,Swamp Sparrow,swaspa,0.1139,1,,,,1.0,BirdNET_SelectionTable_Lat1AnnotatedRM20260310revJMFINAL 1.csv
117846,Spectrogram 1,1,612347.024,612350.024,0.0,12000.0,E:\2025 King Rail Project\2025 ARU Data Annotated For King Rail Project\Lattimore1 SMA06000\Lattimore1Data20250326to20250707\SMA06000_20250706_204800.wav,846.0,SMA06000_20250706_204800.wav,3.0,Red-winged Blackbird,rewbla,0.2023,1,,,,1.0,BirdNET_SelectionTable_Lat1AnnotatedRM20260310revJMFINAL 1.csv
117980,Spectrogram 1,1,615764.024,615767.024,0.0,12000.0,E:\2025 King Rail Project\2025 ARU Data Annotated For King Rail Project\Lattimore1 SMA06000\Lattimore1Data20250326to20250707\SMA06000_20250707_054600.wav,663.0,SMA06000_20250707_054600.wav,3.0,Least Bittern,leabit,0.2551,0,,,,1.0,BirdNET_SelectionTable_Lat1AnnotatedRM20260310revJMFINAL 1.csv
117981,Spectrogram 1,1,615764.024,615767.024,0.0,12000.0,E:\2025 King Rail Project\2025 ARU Data Annotated For King Rail Project\Lattimore1 SMA06000\Lattimore1Data20250326to20250707\SMA06000_20250707_054600.wav,663.0,SMA06000_20250707_054600.wav,3.0,Red-winged Blackbird,rewbla,0.1611,1,,,,1.0,BirdNET_SelectionTable_Lat1AnnotatedRM20260310revJMFINAL 1.csv
118698,Spectrogram 1,1,91215.00561,91217.98696,0.0,12000.0,E:\2025 King Rail Project\2025 ARU Data Annotated For King Rail Project\Lattimore1 SMA06000\Lattimore1Data20250326to20250707\SMA06000_20250410_194700.wav,1215.0056,SMA06000_20250410_194700.wav,2.9814,Red-winged Blackbird,,,,RWBL,multiple,"jeer (highalarm), jenk, twitter",1.0,BirdNET_SelectionTable_Lat1AnnotatedRM20260310revJMFINAL 1.csv
25,Spectrogram 1,1,219.0,222.0,0.0,12000.0,E:\2025 King Rail Project\2025 ARU Data Annotated For King Rail Project\Lattimore2 2MA06246\Lattimore2Data20250404to20250707\2MA06246_20250404_194100.wav,219.0,2MA06246_20250404_194100.wav,3.0,King Rail,kinrai4,0.2055,0,,,,1.0,BirdNET_SelectionTable_Lat2AnnotatedRMrevJS20260319FINAL.csv
36,Spectrogram 1,1,318.0,321.0,0.0,12000.0,E:\2025 King Rail Project\2025 ARU Data Annotated For King Rail Project\Lattimore2 2MA06246\Lattimore2Data20250404to20250707\2MA06246_20250404_194100.wav,318.0,2MA06246_20250404_194100.wav,3.0,King Rail,kinrai4,0.1415,0,,,,1.0,BirdNET_SelectionTable_Lat2AnnotatedRMrevJS20260319FINAL.csv
50,Spectrogram 1,1,417.0,420.0,0.0,12000.0,E:\2025 King Rail Project\2025 ARU Data Annotated For King Rail Project\Lattimore2 2MA06246\Lattimore2Data20250404to20250707\2MA06246_20250404_194100.wav,417.0,2MA06246_20250404_194100.wav,3.0,Virginia Rail,virrai,0.8628,0,,,,1.0,BirdNET_SelectionTable_Lat2AnnotatedRMrevJS20260319FINAL.csv
51,Spectrogram 1,1,420.0,423.0,0.0,12000.0,E:\2025 King Rail Project\2025 ARU Data Annotated For King Rail Project\Lattimore2 2MA06246\Lattimore2Data20250404to20250707\2MA06246_20250404_194100.wav,420.0,2MA06246_20250404_194100.wav,3.0,Virginia Rail,virrai,0.8816,0,,,,1.0,BirdNET_SelectionTable_Lat2AnnotatedRMrevJS20260319FINAL.csv
57,Spectrogram 1,1,438.0,441.0,0.0,12000.0,E:\2025 King Rail Project\2025 ARU Data Annotated For King Rail Project\Lattimore2 2MA06246\Lattimore2Data20250404to20250707\2MA06246_20250404_194100.wav,438.0,2MA06246_20250404_194100.wav,3.0,Virginia Rail,virrai,0.7945,0,,,,1.0,BirdNET_SelectionTable_Lat2AnnotatedRMrevJS20260319FINAL.csv
94,Spectrogram 1,1,1221.0,1224.0,0.0,12000.0,E:\2025 King Rail Project\2025 ARU Data Annotated For King Rail Project\Lattimore2 2MA06246\Lattimore2Data20250404to20250707\2MA06246_20250404_194100.wav,1221.0,2MA06246_20250404_194100.wav,3.0,King Rail,kinrai4,0.2259,0,,,,1.0,BirdNET_SelectionTable_Lat2AnnotatedRMrevJS20260319FINAL.csv
382,Spectrogram 1,1,5415.0,5418.0,0.0,12000.0,E:\2025 King Rail Project\2025 ARU Data Annotated For King Rail Project\Lattimore2 2MA06246\Lattimore2Data20250404to20250707\2MA06246_20250405_064800.wav,1815.0,2MA06246_20250405_064800.wav,3.0,American Bittern,amebit,0.1945,0,,,,1.0,BirdNET_SelectionTable_Lat2AnnotatedRMrevJS20260319FINAL.csv
383,Spectrogram 1,1,5415.0,5418.0,0.0,12000.0,E:\2025 King Rail Project\2025 ARU Data Annotated For King Rail Project\Lattimore2 2MA06246\Lattimore2Data20250404to20250707\2MA06246_20250405_064800.wav,1815.0,2MA06246_20250405_064800.wav,3.0,Least Bittern,leabit,0.1798,0,,,,1.0,BirdNET_SelectionTable_Lat2AnnotatedRMrevJS20260319FINAL.csv
384,Spectrogram 1,1,5415.0,5418.0,0.0,12000.0,E:\2025 King Rail Project\2025 ARU Data Annotated For King Rail Project\Lattimore2 2MA06246\Lattimore2Data20250404to20250707\2MA06246_20250405_064800.wav,1815.0,2MA06246_20250405_064800.wav,3.0,Sora,sora,0.1382,0,,,,1.0,BirdNET_SelectionTable_Lat2AnnotatedRMrevJS20260319FINAL.csv
385,Spectrogram 1,1,5415.0,5418.0,0.0,12000.0,E:\2025 King Rail Project\2025 ARU Data Annotated For King Rail Project\Lattimore2 2MA06246\Lattimore2Data20250404to20250707\2MA06246_20250405_064800.wav,1815.0,2MA06246_20250405_064800.wav,3.0,King Rail,kinrai4,0.1186,0,,,,1.0,BirdNET_SelectionTable_Lat2AnnotatedRMrevJS20260319FINAL.csv
737,Spectrogram 1,1,7173.0,7176.0,0.0,12000.0,E:\2025 King Rail Project\2025 ARU Data Annotated For King Rail Project\Lattimore2 2MA06246\Lattimore2Data20250404to20250707\2MA06246_20250405_194200.wav,1173.0,2MA06246_20250405_194200.wav,3.0,Red-winged Blackbird,rewbla,0.3134,1,,,,1.0,BirdNET_SelectionTable_Lat2AnnotatedRMrevJS20260319FINAL.csv
738,Spectrogram 1,1,7173.0,7176.0,0.0,12000.0,E:\2025 King Rail Project\2025 ARU Data Annotated For King Rail Project\Lattimore2 2MA06246\Lattimore2Data20250404to20250707\2MA06246_20250405_194200.wav,1173.0,2MA06246_20250405_194200.wav,3.0,King Rail,kinrai4,0.1798,0,,,,1.0,BirdNET_SelectionTable_Lat2AnnotatedRMrevJS20260319FINAL.csv
840,Spectrogram 1,1,11025.0,11028.0,0.0,12000.0,E:\2025 King Rail Project\2025 ARU Data Annotated For King Rail Project\Lattimore2 2MA06246\Lattimore2Data20250404to20250707\2MA06246_20250406_064700.wav,1425.0,2MA06246_20250406_064700.wav,3.0,Red-winged Blackbird,rewbla,0.2009,1,,,windy,1.0,BirdNET_SelectionTable_Lat2AnnotatedRMrevJS20260319FINAL.csv
841,Spectrogram 1,1,11025.0,11028.0,0.0,12000.0,E:\2025 King Rail Project\2025 ARU Data Annotated For King Rail Project\Lattimore2 2MA06246\Lattimore2Data20250404to20250707\2MA06246_20250406_064700.wav,1425.0,2MA06246_20250406_064700.wav,3.0,Least Bittern,leabit,0.1792,0,,,windy,1.0,BirdNET_SelectionTable_Lat2AnnotatedRMrevJS20260319FINAL.csv
842,Spectrogram 1,1,11028.0,11031.0,0.0,12000.0,E:\2025 King Rail Project\2025 ARU Data Annotated For King Rail Project\Lattimore2 2MA06246\Lattimore2Data20250404to20250707\2MA06246_20250406_064700.wav,1428.0,2MA06246_20250406_064700.wav,3.0,King Rail,kinrai4,0.1137,0,,,wind clipping,1.0,BirdNET_SelectionTable_Lat2AnnotatedRMrevJS20260319FINAL.csv
843,Spectrogram 1,1,11067.0,11070.0,0.0,12000.0,E:\2025 King Rail Project\2025 ARU Data Annotated For King Rail Project\Lattimore2 2MA06246\Lattimore2Data20250404to20250707\2MA06246_20250406_064700.wav,1467.0,2MA06246_20250406_064700.wav,3.0,Least Bittern,leabit,0.2836,0,,,"windy, wind clipping",1.0,BirdNET_SelectionTable_Lat2AnnotatedRMrevJS20260319FINAL.csv
844,Spectrogram 1,1,11067.0,11070.0,0.0,12000.0,E:\2025 King Rail Project\2025 ARU Data Annotated For King Rail Project\Lattimore2 2MA06246\Lattimore2Data20250404to20250707\2MA06246_20250406_064700.wav,1467.0,2MA06246_20250406_064700.wav,3.0,Red-winged Blackbird,rewbla,0.2149,1,,,"windy, wind clipping",1.0,BirdNET_SelectionTable_Lat2AnnotatedRMrevJS20260319FINAL.csv
845,Spectrogram 1,1,11070.0,11073.0,0.0,12000.0,E:\2025 King Rail Project\2025 ARU Data Annotated For King Rail Project\Lattimore2 2MA06246\Lattimore2Data20250404to20250707\2MA06246_20250406_064700.wav,1470.0,2MA06246_20250406_064700.wav,3.0,King Rail,kinrai4,0.1277,0,,,wind clipping,1.0,BirdNET_SelectionTable_Lat2AnnotatedRMrevJS20260319FINAL.csv
846,Spectrogram 1,1,11070.0,11073.0,0.0,12000.0,E:\2025 King Rail Project\2025 ARU Data Annotated For King Rail Project\Lattimore2 2MA06246\Lattimore2Data20250404to20250707\2MA06246_20250406_064700.wav,1470.0,2MA06246_20250406_064700.wav,3.0,Red-winged Blackbird,rewbla,0.1173,1,RWBL,conklaree,wind clipping,1.0,BirdNET_SelectionTable_Lat2AnnotatedRMrevJS20260319FINAL.csv
847,Spectrogram 1,1,11073.0,11076.0,0.0,12000.0,E:\2025 King Rail Project\2025 ARU Data Annotated For King Rail Project\Lattimore2 2MA06246\Lattimore2Data20250404to20250707\2MA06246_20250406_064700.wav,1473.0,2MA06246_20250406_064700.wav,3.0,Red-winged Blackbird,rewbla,0.2924,1,RWBL,jeer,,1.0,BirdNET_SelectionTable_Lat2AnnotatedRMrevJS20260319FINAL.csv
894,Spectrogram 1,1,11535.0,11538.0,0.0,12000.0,E:\2025 King Rail Project\2025 ARU Data Annotated For King Rail Project\Lattimore2 2MA06246\Lattimore2Data20250404to20250707\2MA06246_20250406_064700.wav,1935.0,2MA06246_20250406_064700.wav,3.0,King Rail,kinrai4,0.7617,0,,,wind clipping,1.0,BirdNET_SelectionTable_Lat2AnnotatedRMrevJS20260319FINAL.csv
895,Spectrogram 1,1,11535.0,11538.0,0.0,12000.0,E:\2025 King Rail Project\2025 ARU Data Annotated For King Rail Project\Lattimore2 2MA06246\Lattimore2Data20250404to20250707\2MA06246_20250406_064700.wav,1935.0,2MA06246_20250406_064700.wav,3.0,Virginia Rail,virrai,0.1494,0,,,,1.0,BirdNET_SelectionTable_Lat2AnnotatedRMrevJS20260319FINAL.csv
897,Spectrogram 1,1,11538.0,11541.0,0.0,12000.0,E:\2025 King Rail Project\2025 ARU Data Annotated For King Rail Project\Lattimore2 2MA06246\Lattimore2Data20250404to20250707\2MA06246_20250406_064700.wav,1938.0,2MA06246_20250406_064700.wav,3.0,Least Bittern,leabit,0.1104,0,,,,1.0,BirdNET_SelectionTable_Lat2AnnotatedRMrevJS20260319FINAL.csv
902,Spectrogram 1,1,11556.0,11559.0,0.0,12000.0,E:\2025 King Rail Project\2025 ARU Data Annotated For King Rail Project\Lattimore2 2MA06246\Lattimore2Data20250404to20250707\2MA06246_20250406_064700.wav,1956.0,2MA06246_20250406_064700.wav,3.0,King Rail,kinrai4,0.3448,0,,,,1.0,BirdNET_SelectionTable_Lat2AnnotatedRMrevJS20260319FINAL.csv
903,Spectrogram 1,1,11556.0,11559.0,0.0,12000.0,E:\2025 King Rail Project\2025 ARU Data Annotated For King Rail Project\Lattimore2 2MA06246\Lattimore2Data20250404to20250707\2MA06246_20250406_064700.wav,1956.0,2MA06246_20250406_064700.wav,3.0,Least Bittern,leabit,0.1451,0,,,,1.0,BirdNET_SelectionTable_Lat2AnnotatedRMrevJS20260319FINAL.csv
904,Spectrogram 1,1,11562.0,11565.0,0.0,12000.0,E:\2025 King Rail Project\2025 ARU Data Annotated For King Rail Project\Lattimore2 2MA06246\Lattimore2Data20250404to20250707\2MA06246_20250406_064700.wav,1962.0,2MA06246_20250406_064700.wav,3.0,King Rail,kinrai4,0.4188,0,,,,1.0,BirdNET_SelectionTable_Lat2AnnotatedRMrevJS20260319FINAL.csv
905,Spectrogram 1,1,11562.0,11565.0,0.0,12000.0,E:\2025 King Rail Project\2025 ARU Data Annotated For King Rail Project\Lattimore2 2MA06246\Lattimore2Data20250404to20250707\2MA06246_20250406_064700.wav,1962.0,2MA06246_20250406_064700.wav,3.0,Least Bittern,leabit,0.1483,0,,,,1.0,BirdNET_SelectionTable_Lat2AnnotatedRMrevJS20260319FINAL.csv
906,Spectrogram 1,1,11562.0,11565.0,0.0,12000.0,E:\2025 King Rail Project\2025 ARU Data Annotated For King Rail Project\Lattimore2 2MA06246\Lattimore2Data20250404to20250707\2MA06246_20250406_064700.wav,1962.0,2MA06246_20250406_064700.wav,3.0,Virginia Rail,virrai,0.1271,0,,,,1.0,BirdNET_SelectionTable_Lat2AnnotatedRMrevJS20260319FINAL.csv
938,Spectrogram 1,1,11658.0,11661.0,0.0,12000.0,E:\2025 King Rail Project\2025 ARU Data Annotated For King Rail Project\Lattimore2 2MA06246\Lattimore2Data20250404to20250707\2MA06246_20250406_064700.wav,2058.0,2MA06246_20250406_064700.wav,3.0,King Rail,kinrai4,0.4287,0,,,wind clipping,1.0,BirdNET_SelectionTable_Lat2AnnotatedRMrevJS20260319FINAL.csv
939,Spectrogram 1,1,11658.0,11661.0,0.0,12000.0,E:\2025 King Rail Project\2025 ARU Data Annotated For King Rail Project\Lattimore2 2MA06246\Lattimore2Data20250404to20250707\2MA06246_20250406_064700.wav,2058.0,2MA06246_20250406_064700.wav,3.0,Virginia Rail,virrai,0.2128,0,,,,1.0,BirdNET_SelectionTable_Lat2AnnotatedRMrevJS20260319FINAL.csv
962,Spectrogram 1,1,11748.0,11751.0,0.0,12000.0,E:\2025 King Rail Project\2025 ARU Data Annotated For King Rail Project\Lattimore2 2MA06246\Lattimore2Data20250404to20250707\2MA06246_20250406_064700.wav,2148.0,2MA06246_20250406_064700.wav,3.0,King Rail,kinrai4,0.6179,0,,,wind clipping,1.0,BirdNET_SelectionTable_Lat2AnnotatedRMrevJS20260319FINAL.csv
964,Spectrogram 1,1,11754.0,11757.0,0.0,12000.0,E:\2025 King Rail Project\2025 ARU Data Annotated For King Rail Project\Lattimore2 2MA06246\Lattimore2Data20250404to20250707\2MA06246_20250406_064700.wav,2154.0,2MA06246_20250406_064700.wav,3.0,King Rail,kinrai4,0.5925,0,,,windy,1.0,BirdNET_SelectionTable_Lat2AnnotatedRMrevJS20260319FINAL.csv
987,Spectrogram 1,1,11856.0,11859.0,0.0,12000.0,E:\2025 King Rail Project\2025 ARU Data Annotated For King Rail Project\Lattimore2 2MA06246\Lattimore2Data20250404to20250707\2MA06246_20250406_064700.wav,2256.0,2MA06246_20250406_064700.wav,3.0,King Rail,kinrai4,0.3897,0,,,,1.0,BirdNET_SelectionTable_Lat2AnnotatedRMrevJS20260319FINAL.csv
988,Spectrogram 1,1,11856.0,11859.0,0.0,12000.0,E:\2025 King Rail Project\2025 ARU Data Annotated For King Rail Project\Lattimore2 2MA06246\Lattimore2Data20250404to20250707\2MA06246_20250406_064700.wav,2256.0,2MA06246_20250406_064700.wav,3.0,Least Bittern,leabit,0.1837,0,,,,1.0,BirdNET_SelectionTable_Lat2AnnotatedRMrevJS20260319FINAL.csv
1013,Spectrogram 1,1,11967.0,11970.0,0.0,12000.0,E:\2025 King Rail Project\2025 ARU Data Annotated For King Rail Project\Lattimore2 2MA06246\Lattimore2Data20250404to20250707\2MA06246_20250406_064700.wav,2367.0,2MA06246_20250406_064700.wav,3.0,King Rail,kinrai4,0.4068,0,,,,1.0,BirdNET_SelectionTable_Lat2AnnotatedRMrevJS20260319FINAL.csv
1015,Spectrogram 1,1,11973.0,11976.0,0.0,12000.0,E:\2025 King Rail Project\2025 ARU Data Annotated For King Rail Project\Lattimore2 2MA06246\Lattimore2Data20250404to20250707\2MA06246_20250406_064700.wav,2373.0,2MA06246_20250406_064700.wav,3.0,King Rail,kinrai4,0.3658,0,,,,1.0,BirdNET_SelectionTable_Lat2AnnotatedRMrevJS20260319FINAL.csv
1102,Spectrogram 1,1,12471.0,12474.0,0.0,12000.0,E:\2025 King Rail Project\2025 ARU Data Annotated For King Rail Project\Lattimore2 2MA06246\Lattimore2Data20250404to20250707\2MA06246_20250406_194300.wav,471.0,2MA06246_20250406_194300.wav,3.0,King Rail,kinrai4,0.6723,0,,,,1.0,BirdNET_SelectionTable_Lat2AnnotatedRMrevJS20260319FINAL.csv
1103,Spectrogram 1,1,12471.0,12474.0,0.0,12000.0,E:\2025 King Rail Project\2025 ARU Data Annotated For King Rail Project\Lattimore2 2MA06246\Lattimore2Data20250404to20250707\2MA06246_20250406_194300.wav,471.0,2MA06246_20250406_194300.wav,3.0,Least Bittern,leabit,0.1146,0,,,,1.0,BirdNET_SelectionTable_Lat2AnnotatedRMrevJS20260319FINAL.csv
1104,Spectrogram 1,1,12471.0,12474.0,0.0,12000.0,E:\2025 King Rail Project\2025 ARU Data Annotated For King Rail Project\Lattimore2 2MA06246\Lattimore2Data20250404to20250707\2MA06246_20250406_194300.wav,471.0,2MA06246_20250406_194300.wav,3.0,Virginia Rail,virrai,0.1027,0,,,,1.0,BirdNET_SelectionTable_Lat2AnnotatedRMrevJS20260319FINAL.csv
2370,Spectrogram 1,1,23307.0,23310.0,0.0,12000.0,E:\2025 King Rail Project\2025 ARU Data Annotated For King Rail Project\Lattimore2 2MA06246\Lattimore2Data20250404to20250707\2MA06246_20250408_064300.wav,1707.0,2MA06246_20250408_064300.wav,3.0,King Rail,kinrai4,0.5539,0,,,,1.0,BirdNET_SelectionTable_Lat2AnnotatedRMrevJS20260319FINAL.csv
2493,Spectrogram 1,1,24207.0,24210.0,0.0,12000.0,E:\2025 King Rail Project\2025 ARU Data Annotated For King Rail Project\Lattimore2 2MA06246\Lattimore2Data20250404to20250707\2MA06246_20250408_194500.wav,207.0,2MA06246_20250408_194500.wav,3.0,Red-winged Blackbird,rewbla,0.6175,0,,,,1.0,BirdNET_SelectionTable_Lat2AnnotatedRMrevJS20260319FINAL.csv
4344,Spectrogram 1,1,41343.0,41346.0,0.0,12000.0,E:\2025 King Rail Project\2025 ARU Data Annotated For King Rail Project\Lattimore2 2MA06246\Lattimore2Data20250404to20250707\2MA06246_20250411_063800.wav,1743.0,2MA06246_20250411_063800.wav,3.0,Red-winged Blackbird,rewbla,0.7024,1,,,,1.0,BirdNET_SelectionTable_Lat2AnnotatedRMrevJS20260319FINAL.csv
4373,Spectrogram 1,1,41439.0,41442.0,0.0,12000.0,E:\2025 King Rail Project\2025 ARU Data Annotated For King Rail Project\Lattimore2 2MA06246\Lattimore2Data20250404to20250707\2MA06246_20250411_063800.wav,1839.0,2MA06246_20250411_063800.wav,3.0,King Rail,kinrai4,0.4195,0,,,,1.0,BirdNET_SelectionTable_Lat2AnnotatedRMrevJS20260319FINAL.csv
14630,Spectrogram 1,1,116361.0,116364.0,0.0,12000.0,E:\2025 King Rail Project\2025 ARU Data Annotated For King Rail Project\Lattimore2 2MA06246\Lattimore2Data20250404to20250707\2MA06246_20250423_200100.wav,2361.0,2MA06246_20250423_200100.wav,3.0,Sora,sora,0.9887,1,,,,1.0,BirdNET_SelectionTable_Lat2AnnotatedRMrevJS20260319FINAL.csv
15152,Spectrogram 1,1,120414.0,120417.0,0.0,12000.0,E:\2025 King Rail Project\2025 ARU Data Annotated For King Rail Project\Lattimore2 2MA06246\Lattimore2Data20250404to20250707\2MA06246_20250424_200200.wav,414.0,2MA06246_20250424_200200.wav,3.0,King Rail,kinrai4,0.5993,0,,,,1.0,BirdNET_SelectionTable_Lat2AnnotatedRMrevJS20260319FINAL.csv
15153,Spectrogram 1,1,120414.0,120417.0,0.0,12000.0,E:\2025 King Rail Project\2025 ARU Data Annotated For King Rail Project\Lattimore2 2MA06246\Lattimore2Data20250404to20250707\2MA06246_20250424_200200.wav,414.0,2MA06246_20250424_200200.wav,3.0,Virginia Rail,virrai,0.1842,0,,,,1.0,BirdNET_SelectionTable_Lat2AnnotatedRMrevJS20260319FINAL.csv
16121,Spectrogram 1,1,126015.0,126018.0,0.0,12000.0,E:\2025 King Rail Project\2025 ARU Data Annotated For King Rail Project\Lattimore2 2MA06246\Lattimore2Data20250404to20250707\2MA06246_20250425_200300.wav,15.0,2MA06246_20250425_200300.wav,3.0,King Rail,kinrai4,0.4303,0,,,,1.0,BirdNET_SelectionTable_Lat2AnnotatedRMrevJS20260319FINAL.csv
16306,Spectrogram 1,1,126543.0,126546.0,0.0,12000.0,E:\2025 King Rail Project\2025 ARU Data Annotated For King Rail Project\Lattimore2 2MA06246\Lattimore2Data20250404to20250707\2MA06246_20250425_200300.wav,543.0,2MA06246_20250425_200300.wav,3.0,King Rail,kinrai4,0.4302,0,,,repeat checks,1.0,BirdNET_SelectionTable_Lat2AnnotatedRMrevJS20260319FINAL.csv
17501,Spectrogram 1,1,132942.0,132945.0,0.0,12000.0,E:\2025 King Rail Project\2025 ARU Data Annotated For King Rail Project\Lattimore2 2MA06246\Lattimore2Data20250404to20250707\2MA06246_20250426_200400.wav,942.0,2MA06246_20250426_200400.wav,3.0,King Rail,kinrai4,0.245,0,,,,1.0,BirdNET_SelectionTable_Lat2AnnotatedRMrevJS20260319FINAL.csv
17502,Spectrogram 1,1,132942.0,132945.0,0.0,12000.0,E:\2025 King Rail Project\2025 ARU Data Annotated For King Rail Project\Lattimore2 2MA06246\Lattimore2Data20250404to20250707\2MA06246_20250426_200400.wav,942.0,2MA06246_20250426_200400.wav,3.0,Red-winged Blackbird,rewbla,0.2218,1,,,,1.0,BirdNET_SelectionTable_Lat2AnnotatedRMrevJS20260319FINAL.csv
18632,Spectrogram 1,1,138492.0,138495.0,0.0,12000.0,E:\2025 King Rail Project\2025 ARU Data Annotated For King Rail Project\Lattimore2 2MA06246\Lattimore2Data20250404to20250707\2MA06246_20250427_200500.wav,492.0,2MA06246_20250427_200500.wav,3.0,Least Bittern,leabit,0.1544,0,,,,1.0,BirdNET_SelectionTable_Lat2AnnotatedRMrevJS20260319FINAL.csv
18633,Spectrogram 1,1,138492.0,138495.0,0.0,12000.0,E:\2025 King Rail Project\2025 ARU Data Annotated For King Rail Project\Lattimore2 2MA06246\Lattimore2Data20250404to20250707\2MA06246_20250427_200500.wav,492.0,2MA06246_20250427_200500.wav,3.0,Red-winged Blackbird,rewbla,0.1279,1,,,,1.0,BirdNET_SelectionTable_Lat2AnnotatedRMrevJS20260319FINAL.csv
19582,Spectrogram 1,1,143907.0,143910.0,0.0,12000.0,E:\2025 King Rail Project\2025 ARU Data Annotated For King Rail Project\Lattimore2 2MA06246\Lattimore2Data20250404to20250707\2MA06246_20250428_061300.wav,2307.0,2MA06246_20250428_061300.wav,3.0,Sora,sora,0.9907,1,SORA,whinny,,1.0,BirdNET_SelectionTable_Lat2AnnotatedRMrevJS20260319FINAL.csv
20372,Spectrogram 1,1,150186.0,150189.0,0.0,12000.0,E:\2025 King Rail Project\2025 ARU Data Annotated For King Rail Project\Lattimore2 2MA06246\Lattimore2Data20250404to20250707\2MA06246_20250429_200800.wav,186.0,2MA06246_20250429_200800.wav,3.0,Red-winged Blackbird,rewbla,0.8418,1,,,,1.0,BirdNET_SelectionTable_Lat2AnnotatedRMrevJS20260319FINAL.csv
20744,Spectrogram 1,1,154047.0,154050.0,0.0,12000.0,E:\2025 King Rail Project\2025 ARU Data Annotated For King Rail Project\Lattimore2 2MA06246\Lattimore2Data20250404to20250707\2MA06246_20250430_061000.wav,447.0,2MA06246_20250430_061000.wav,3.0,King Rail,kinrai4,0.5594,0,,,,1.0,BirdNET_SelectionTable_Lat2AnnotatedRMrevJS20260319FINAL.csv
20745,Spectrogram 1,1,154047.0,154050.0,0.0,12000.0,E:\2025 King Rail Project\2025 ARU Data Annotated For King Rail Project\Lattimore2 2MA06246\Lattimore2Data20250404to20250707\2MA06246_20250430_061000.wav,447.0,2MA06246_20250430_061000.wav,3.0,Swamp Sparrow,swaspa,0.258,1,,,,1.0,BirdNET_SelectionTable_Lat2AnnotatedRMrevJS20260319FINAL.csv
20746,Spectrogram 1,1,154047.0,154050.0,0.0,12000.0,E:\2025 King Rail Project\2025 ARU Data Annotated For King Rail Project\Lattimore2 2MA06246\Lattimore2Data20250404to20250707\2MA06246_20250430_061000.wav,447.0,2MA06246_20250430_061000.wav,3.0,American Bittern,amebit,0.108,0,,,,1.0,BirdNET_SelectionTable_Lat2AnnotatedRMrevJS20260319FINAL.csv
21185,Spectrogram 1,1,156450.0,156453.0,0.0,12000.0,E:\2025 King Rail Project\2025 ARU Data Annotated For King Rail Project\Lattimore2 2MA06246\Lattimore2Data20250404to20250707\2MA06246_20250430_200900.wav,450.0,2MA06246_20250430_200900.wav,3.0,King Rail,kinrai4,0.5163,0,,,,1.0,BirdNET_SelectionTable_Lat2AnnotatedRMrevJS20260319FINAL.csv
21825,Spectrogram 1,1,160593.0,160596.0,0.0,12000.0,E:\2025 King Rail Project\2025 ARU Data Annotated For King Rail Project\Lattimore2 2MA06246\Lattimore2Data20250404to20250707\2MA06246_20250501_060900.wav,993.0,2MA06246_20250501_060900.wav,3.0,Sora,sora,0.9011,1,,,,1.0,BirdNET_SelectionTable_Lat2AnnotatedRMrevJS20260319FINAL.csv
22158,Spectrogram 1,1,162021.1093,162024.1093,0.0,12000.0,E:\2025 King Rail Project\2025 ARU Data Annotated For King Rail Project\Lattimore2 2MA06246\Lattimore2Data20250404to20250707\2MA06246_20250501_201000.wav,144.0,2MA06246_20250501_201000.wav,3.0,King Rail,kinrai4,0.6876,0,,,,1.0,BirdNET_SelectionTable_Lat2AnnotatedRMrevJS20260319FINAL.csv
22566,Spectrogram 1,1,163323.1093,163326.1093,0.0,12000.0,E:\2025 King Rail Project\2025 ARU Data Annotated For King Rail Project\Lattimore2 2MA06246\Lattimore2Data20250404to20250707\2MA06246_20250501_201000.wav,1446.0,2MA06246_20250501_201000.wav,3.0,King Rail,kinrai4,0.5207,0,,,,1.0,BirdNET_SelectionTable_Lat2AnnotatedRMrevJS20260319FINAL.csv
22567,Spectrogram 1,1,163323.1093,163326.1093,0.0,12000.0,E:\2025 King Rail Project\2025 ARU Data Annotated For King Rail Project\Lattimore2 2MA06246\Lattimore2Data20250404to20250707\2MA06246_20250501_201000.wav,1446.0,2MA06246_20250501_201000.wav,3.0,Least Bittern,leabit,0.4604,0,,,,1.0,BirdNET_SelectionTable_Lat2AnnotatedRMrevJS20260319FINAL.csv
22568,Spectrogram 1,1,163323.1093,163326.1093,0.0,12000.0,E:\2025 King Rail Project\2025 ARU Data Annotated For King Rail Project\Lattimore2 2MA06246\Lattimore2Data20250404to20250707\2MA06246_20250501_201000.wav,1446.0,2MA06246_20250501_201000.wav,3.0,Sora,sora,0.1422,0,,,,1.0,BirdNET_SelectionTable_Lat2AnnotatedRMrevJS20260319FINAL.csv
24835,Spectrogram 1,1,174018.1093,174021.1093,0.0,12000.0,E:\2025 King Rail Project\2025 ARU Data Annotated For King Rail Project\Lattimore2 2MA06246\Lattimore2Data20250404to20250707\2MA06246_20250503_201200.wav,141.0,2MA06246_20250503_201200.wav,3.0,Red-winged Blackbird,rewbla,0.3229,1,,,,1.0,BirdNET_SelectionTable_Lat2AnnotatedRMrevJS20260319FINAL.csv
24836,Spectrogram 1,1,174018.1093,174021.1093,0.0,12000.0,E:\2025 King Rail Project\2025 ARU Data Annotated For King Rail Project\Lattimore2 2MA06246\Lattimore2Data20250404to20250707\2MA06246_20250503_201200.wav,141.0,2MA06246_20250503_201200.wav,3.0,Sora,sora,0.1548,0,,,,1.0,BirdNET_SelectionTable_Lat2AnnotatedRMrevJS20260319FINAL.csv
24837,Spectrogram 1,1,174018.1093,174021.1093,0.0,12000.0,E:\2025 King Rail Project\2025 ARU Data Annotated For King Rail Project\Lattimore2 2MA06246\Lattimore2Data20250404to20250707\2MA06246_20250503_201200.wav,141.0,2MA06246_20250503_201200.wav,3.0,Least Bittern,leabit,0.1304,0,,,,1.0,BirdNET_SelectionTable_Lat2AnnotatedRMrevJS20260319FINAL.csv
24838,Spectrogram 1,1,174018.1093,174021.1093,0.0,12000.0,E:\2025 King Rail Project\2025 ARU Data Annotated For King Rail Project\Lattimore2 2MA06246\Lattimore2Data20250404to20250707\2MA06246_20250503_201200.wav,141.0,2MA06246_20250503_201200.wav,3.0,Tree Swallow,treswa,0.1126,0,,,,1.0,BirdNET_SelectionTable_Lat2AnnotatedRMrevJS20260319FINAL.csv
26442,Spectrogram 1,1,185724.1093,185727.1093,0.0,12000.0,E:\2025 King Rail Project\2025 ARU Data Annotated For King Rail Project\Lattimore2 2MA06246\Lattimore2Data20250404to20250707\2MA06246_20250505_060400.wav,2247.0,2MA06246_20250505_060400.wav,3.0,King Rail,kinrai4,0.5751,0,,,,1.0,BirdNET_SelectionTable_Lat2AnnotatedRMrevJS20260319FINAL.csv
26443,Spectrogram 1,1,185724.1093,185727.1093,0.0,12000.0,E:\2025 King Rail Project\2025 ARU Data Annotated For King Rail Project\Lattimore2 2MA06246\Lattimore2Data20250404to20250707\2MA06246_20250505_060400.wav,2247.0,2MA06246_20250505_060400.wav,3.0,Virginia Rail,virrai,0.1274,0,,,,1.0,BirdNET_SelectionTable_Lat2AnnotatedRMrevJS20260319FINAL.csv
30169,Spectrogram 1,1,200064.1093,200067.1093,0.0,12000.0,E:\2025 King Rail Project\2025 ARU Data Annotated For King Rail Project\Lattimore2 2MA06246\Lattimore2Data20250404to20250707\2MA06246_20250507_201600.wav,2187.0,2MA06246_20250507_201600.wav,3.0,American Bittern,amebit,0.1049,0,,,,1.0,BirdNET_SelectionTable_Lat2AnnotatedRMrevJS20260319FINAL.csv
30170,Spectrogram 1,1,200067.1093,200070.1093,0.0,12000.0,E:\2025 King Rail Project\2025 ARU Data Annotated For King Rail Project\Lattimore2 2MA06246\Lattimore2Data20250404to20250707\2MA06246_20250507_201600.wav,2190.0,2MA06246_20250507_201600.wav,3.0,Swamp Sparrow,swaspa,0.2945,1,,,,1.0,BirdNET_SelectionTable_Lat2AnnotatedRMrevJS20260319FINAL.csv
30171,Spectrogram 1,1,200067.1093,200070.1093,0.0,12000.0,E:\2025 King Rail Project\2025 ARU Data Annotated For King Rail Project\Lattimore2 2MA06246\Lattimore2Data20250404to20250707\2MA06246_20250507_201600.wav,2190.0,2MA06246_20250507_201600.wav,3.0,Virginia Rail,virrai,0.2471,0,,,KIRA kek,1.0,BirdNET_SelectionTable_Lat2AnnotatedRMrevJS20260319FINAL.csv
30172,Spectrogram 1,1,200067.1093,200070.1093,0.0,12000.0,E:\2025 King Rail Project\2025 ARU Data Annotated For King Rail Project\Lattimore2 2MA06246\Lattimore2Data20250404to20250707\2MA06246_20250507_201600.wav,2190.0,2MA06246_20250507_201600.wav,3.0,American Bittern,amebit,0.1827,0,,,,1.0,BirdNET_SelectionTable_Lat2AnnotatedRMrevJS20260319FINAL.csv
30173,Spectrogram 1,1,200070.1093,200073.1093,0.0,12000.0,E:\2025 King Rail Project\2025 ARU Data Annotated For King Rail Project\Lattimore2 2MA06246\Lattimore2Data20250404to20250707\2MA06246_20250507_201600.wav,2193.0,2MA06246_20250507_201600.wav,3.0,King Rail,kinrai4,0.3318,1,KIRA,kek,,1.0,BirdNET_SelectionTable_Lat2AnnotatedRMrevJS20260319FINAL.csv
30174,Spectrogram 1,1,200070.1093,200073.1093,0.0,12000.0,E:\2025 King Rail Project\2025 ARU Data Annotated For King Rail Project\Lattimore2 2MA06246\Lattimore2Data20250404to20250707\2MA06246_20250507_201600.wav,2193.0,2MA06246_20250507_201600.wav,3.0,Virginia Rail,virrai,0.1218,0,,,,1.0,BirdNET_SelectionTable_Lat2AnnotatedRMrevJS20260319FINAL.csv
30181,Spectrogram 1,1,200085.1093,200088.1093,0.0,12000.0,E:\2025 King Rail Project\2025 ARU Data Annotated For King Rail Project\Lattimore2 2MA06246\Lattimore2Data20250404to20250707\2MA06246_20250507_201600.wav,2208.0,2MA06246_20250507_201600.wav,3.0,American Bittern,amebit,0.1692,0,,,,1.0,BirdNET_SelectionTable_Lat2AnnotatedRMrevJS20260319FINAL.csv
30182,Spectrogram 1,1,200085.1093,200088.1093,0.0,12000.0,E:\2025 King Rail Project\2025 ARU Data Annotated For King Rail Project\Lattimore2 2MA06246\Lattimore2Data20250404to20250707\2MA06246_20250507_201600.wav,2208.0,2MA06246_20250507_201600.wav,3.0,Virginia Rail,virrai,0.1077,0,,,"KIRA grunt, double check",1.0,BirdNET_SelectionTable_Lat2AnnotatedRMrevJS20260319FINAL.csv
30186,Spectrogram 1,1,200097.1093,200100.1093,0.0,12000.0,E:\2025 King Rail Project\2025 ARU Data Annotated For King Rail Project\Lattimore2 2MA06246\Lattimore2Data20250404to20250707\2MA06246_20250507_201600.wav,2220.0,2MA06246_20250507_201600.wav,3.0,King Rail,kinrai4,0.3433,1,KIRA,grunt,,1.0,BirdNET_SelectionTable_Lat2AnnotatedRMrevJS20260319FINAL.csv
30187,Spectrogram 1,1,200097.1093,200100.1093,0.0,12000.0,E:\2025 King Rail Project\2025 ARU Data Annotated For King Rail Project\Lattimore2 2MA06246\Lattimore2Data20250404to20250707\2MA06246_20250507_201600.wav,2220.0,2MA06246_20250507_201600.wav,3.0,Least Bittern,leabit,0.2591,0,,,,1.0,BirdNET_SelectionTable_Lat2AnnotatedRMrevJS20260319FINAL.csv
30188,Spectrogram 1,1,200097.1093,200100.1093,0.0,12000.0,E:\2025 King Rail Project\2025 ARU Data Annotated For King Rail Project\Lattimore2 2MA06246\Lattimore2Data20250404to20250707\2MA06246_20250507_201600.wav,2220.0,2MA06246_20250507_201600.wav,3.0,Common Gallinule,comgal1,0.2118,0,,,,1.0,BirdNET_SelectionTable_Lat2AnnotatedRMrevJS20260319FINAL.csv
30189,Spectrogram 1,1,200103.1093,200106.1093,0.0,12000.0,E:\2025 King Rail Project\2025 ARU Data Annotated For King Rail Project\Lattimore2 2MA06246\Lattimore2Data20250404to20250707\2MA06246_20250507_201600.wav,2226.0,2MA06246_20250507_201600.wav,3.0,Eastern Kingbird,easkin,0.1265,1,,,,1.0,BirdNET_SelectionTable_Lat2AnnotatedRMrevJS20260319FINAL.csv
30190,Spectrogram 1,1,200106.1093,200109.1093,0.0,12000.0,E:\2025 King Rail Project\2025 ARU Data Annotated For King Rail Project\Lattimore2 2MA06246\Lattimore2Data20250404to20250707\2MA06246_20250507_201600.wav,2229.0,2MA06246_20250507_201600.wav,3.0,King Rail,kinrai4,0.1001,1,KIRA,grunt,,1.0,BirdNET_SelectionTable_Lat2AnnotatedRMrevJS20260319FINAL.csv
30192,Spectrogram 1,1,200112.1093,200115.1093,0.0,12000.0,E:\2025 King Rail Project\2025 ARU Data Annotated For King Rail Project\Lattimore2 2MA06246\Lattimore2Data20250404to20250707\2MA06246_20250507_201600.wav,2235.0,2MA06246_20250507_201600.wav,3.0,Virginia Rail,virrai,0.3568,0,KIRA,grunt,double check,1.0,BirdNET_SelectionTable_Lat2AnnotatedRMrevJS20260319FINAL.csv
30193,Spectrogram 1,1,200112.1093,200115.1093,0.0,12000.0,E:\2025 King Rail Project\2025 ARU Data Annotated For King Rail Project\Lattimore2 2MA06246\Lattimore2Data20250404to20250707\2MA06246_20250507_201600.wav,2235.0,2MA06246_20250507_201600.wav,3.0,Least Bittern,leabit,0.2968,0,,,,1.0,BirdNET_SelectionTable_Lat2AnnotatedRMrevJS20260319FINAL.csv
30194,Spectrogram 1,1,200112.1093,200115.1093,0.0,12000.0,E:\2025 King Rail Project\2025 ARU Data Annotated For King Rail Project\Lattimore2 2MA06246\Lattimore2Data20250404to20250707\2MA06246_20250507_201600.wav,2235.0,2MA06246_20250507_201600.wav,3.0,American Bittern,amebit,0.146,0,,,,1.0,BirdNET_SelectionTable_Lat2AnnotatedRMrevJS20260319FINAL.csv
30195,Spectrogram 1,1,200112.1093,200115.1093,0.0,12000.0,E:\2025 King Rail Project\2025 ARU Data Annotated For King Rail Project\Lattimore2 2MA06246\Lattimore2Data20250404to20250707\2MA06246_20250507_201600.wav,2235.0,2MA06246_20250507_201600.wav,3.0,King Rail,kinrai4,0.1065,1,KIRA,grunt,,1.0,BirdNET_SelectionTable_Lat2AnnotatedRMrevJS20260319FINAL.csv
30196,Spectrogram 1,1,200115.1093,200118.1093,0.0,12000.0,E:\2025 King Rail Project\2025 ARU Data Annotated For King Rail Project\Lattimore2 2MA06246\Lattimore2Data20250404to20250707\2MA06246_20250507_201600.wav,2238.0,2MA06246_20250507_201600.wav,3.0,Virginia Rail,virrai,0.1931,0,,,KIRA grunt,1.0,BirdNET_SelectionTable_Lat2AnnotatedRMrevJS20260319FINAL.csv
30197,Spectrogram 1,1,200115.1093,200118.1093,0.0,12000.0,E:\2025 King Rail Project\2025 ARU Data Annotated For King Rail Project\Lattimore2 2MA06246\Lattimore2Data20250404to20250707\2MA06246_20250507_201600.wav,2238.0,2MA06246_20250507_201600.wav,3.0,Least Bittern,leabit,0.1796,0,,,,1.0,BirdNET_SelectionTable_Lat2AnnotatedRMrevJS20260319FINAL.csv
30240,Spectrogram 1,1,200805.1093,200808.1093,0.0,12000.0,E:\2025 King Rail Project\2025 ARU Data Annotated For King Rail Project\Lattimore2 2MA06246\Lattimore2Data20250404to20250707\2MA06246_20250508_040000.wav,528.0,2MA06246_20250508_040000.wav,3.0,King Rail,kinrai4,0.1663,1,KIRA,grunt,,1.0,BirdNET_SelectionTable_Lat2AnnotatedRMrevJS20260319FINAL.csv
30241,Spectrogram 1,1,200808.1093,200811.1093,0.0,12000.0,E:\2025 King Rail Project\2025 ARU Data Annotated For King Rail Project\Lattimore2 2MA06246\Lattimore2Data20250404to20250707\2MA06246_20250508_040000.wav,531.0,2MA06246_20250508_040000.wav,3.0,American Bittern,amebit,0.1854,0,,,,1.0,BirdNET_SelectionTable_Lat2AnnotatedRMrevJS20260319FINAL.csv
30563,Spectrogram 1,1,202830.1093,202833.1093,0.0,12000.0,E:\2025 King Rail Project\2025 ARU Data Annotated For King Rail Project\Lattimore2 2MA06246\Lattimore2Data20250404to20250707\2MA06246_20250508_060000.wav,1353.0,2MA06246_20250508_060000.wav,3.0,King Rail,kinrai4,0.5848,0,,,,1.0,BirdNET_SelectionTable_Lat2AnnotatedRMrevJS20260319FINAL.csv
30564,Spectrogram 1,1,202830.1093,202833.1093,0.0,12000.0,E:\2025 King Rail Project\2025 ARU Data Annotated For King Rail Project\Lattimore2 2MA06246\Lattimore2Data20250404to20250707\2MA06246_20250508_060000.wav,1353.0,2MA06246_20250508_060000.wav,3.0,Virginia Rail,virrai,0.1211,0,,,,1.0,BirdNET_SelectionTable_Lat2AnnotatedRMrevJS20260319FINAL.csv
44718,Spectrogram 1,1,283416.1093,283419.1093,0.0,12000.0,E:\2025 King Rail Project\2025 ARU Data Annotated For King Rail Project\Lattimore2 2MA06246\Lattimore2Data20250404to20250707\2MA06246_20250521_203000.wav,1539.0,2MA06246_20250521_203000.wav,3.0,King Rail,kinrai4,0.2612,0,,,"rain, file clipping",1.0,BirdNET_SelectionTable_Lat2AnnotatedRMrevJS20260319FINAL.csv
44719,Spectrogram 1,1,283416.1093,283419.1093,0.0,12000.0,E:\2025 King Rail Project\2025 ARU Data Annotated For King Rail Project\Lattimore2 2MA06246\Lattimore2Data20250404to20250707\2MA06246_20250521_203000.wav,1539.0,2MA06246_20250521_203000.wav,3.0,Least Bittern,leabit,0.1291,0,,,,1.0,BirdNET_SelectionTable_Lat2AnnotatedRMrevJS20260319FINAL.csv
44720,Spectrogram 1,1,283416.1093,283419.1093,0.0,12000.0,E:\2025 King Rail Project\2025 ARU Data Annotated For King Rail Project\Lattimore2 2MA06246\Lattimore2Data20250404to20250707\2MA06246_20250521_203000.wav,1539.0,2MA06246_20250521_203000.wav,3.0,Red-winged Blackbird,rewbla,0.1176,1,,,,1.0,BirdNET_SelectionTable_Lat2AnnotatedRMrevJS20260319FINAL.csv
46652,Spectrogram 1,1,295572.6907,295575.6907,0.0,12000.0,E:\2025 King Rail Project\2025 ARU Data Annotated For King Rail Project\Lattimore2 2MA06246\Lattimore2Data20250404to20250707\2MA06246_20250523_203200.wav,1797.0,2MA06246_20250523_203200.wav,3.0,Virginia Rail,virrai,0.8738,0,,,,1.0,BirdNET_SelectionTable_Lat2AnnotatedRMrevJS20260319FINAL.csv
46653,Spectrogram 1,1,295572.6907,295575.6907,0.0,12000.0,E:\2025 King Rail Project\2025 ARU Data Annotated For King Rail Project\Lattimore2 2MA06246\Lattimore2Data20250404to20250707\2MA06246_20250523_203200.wav,1797.0,2MA06246_20250523_203200.wav,3.0,Marsh Wren,marwre,0.1416,1,,,,1.0,BirdNET_SelectionTable_Lat2AnnotatedRMrevJS20260319FINAL.csv
46654,Spectrogram 1,1,295572.6907,295575.6907,0.0,12000.0,E:\2025 King Rail Project\2025 ARU Data Annotated For King Rail Project\Lattimore2 2MA06246\Lattimore2Data20250404to20250707\2MA06246_20250523_203200.wav,1797.0,2MA06246_20250523_203200.wav,3.0,Red-winged Blackbird,rewbla,0.1246,1,,,,1.0,BirdNET_SelectionTable_Lat2AnnotatedRMrevJS20260319FINAL.csv
51614,Spectrogram 1,1,311883.6907,311886.6907,0.0,12000.0,E:\2025 King Rail Project\2025 ARU Data Annotated For King Rail Project\Lattimore2 2MA06246\Lattimore2Data20250404to20250707\2MA06246_20250526_203500.wav,108.0,2MA06246_20250526_203500.wav,3.0,Red-winged Blackbird,rewbla,0.4007,1,,,,1.0,BirdNET_SelectionTable_Lat2AnnotatedRMrevJS20260319FINAL.csv
51859,Spectrogram 1,1,312918.6907,312921.6907,0.0,12000.0,E:\2025 King Rail Project\2025 ARU Data Annotated For King Rail Project\Lattimore2 2MA06246\Lattimore2Data20250404to20250707\2MA06246_20250526_203500.wav,1143.0,2MA06246_20250526_203500.wav,3.0,Red-winged Blackbird,rewbla,0.8757,1,RWBL,conklaree,,1.0,BirdNET_SelectionTable_Lat2AnnotatedRMrevJS20260319FINAL.csv
52897,Spectrogram 1,1,317898.6926,317901.6907,0.0,12000.0,E:\2025 King Rail Project\2025 ARU Data Annotated For King Rail Project\Lattimore2 2MA06246\Lattimore2Data20250404to20250707\2MA06246_20250527_203500.wav,123.0019,2MA06246_20250527_203500.wav,2.9981,Red-winged Blackbird,rewbla,0.5103,1,,,,1.0,BirdNET_SelectionTable_Lat2AnnotatedRMrevJS20260319FINAL.csv
52898,Spectrogram 1,1,317898.6907,317901.6907,0.0,12000.0,E:\2025 King Rail Project\2025 ARU Data Annotated For King Rail Project\Lattimore2 2MA06246\Lattimore2Data20250404to20250707\2MA06246_20250527_203500.wav,123.0,2MA06246_20250527_203500.wav,3.0,Least Bittern,leabit,0.1385,0,,,,1.0,BirdNET_SelectionTable_Lat2AnnotatedRMrevJS20260319FINAL.csv
71695,Spectrogram 1,1,396876.6907,396879.6907,0.0,12000.0,E:\2025 King Rail Project\2025 ARU Data Annotated For King Rail Project\Lattimore2 2MA06246\Lattimore2Data20250404to20250707\2MA06246_20250609_204500.wav,1101.0,2MA06246_20250609_204500.wav,3.0,Swamp Sparrow,swaspa,0.8617,1,,,,1.0,BirdNET_SelectionTable_Lat2AnnotatedRMrevJS20260319FINAL.csv
71696,Spectrogram 1,1,396876.6907,396879.6907,0.0,12000.0,E:\2025 King Rail Project\2025 ARU Data Annotated For King Rail Project\Lattimore2 2MA06246\Lattimore2Data20250404to20250707\2MA06246_20250609_204500.wav,1101.0,2MA06246_20250609_204500.wav,3.0,Virginia Rail,virrai,0.1774,0,,,,1.0,BirdNET_SelectionTable_Lat2AnnotatedRMrevJS20260319FINAL.csv
74390,Spectrogram 1,1,406434.6907,406437.6907,0.0,12000.0,E:\2025 King Rail Project\2025 ARU Data Annotated For King Rail Project\Lattimore2 2MA06246\Lattimore2Data20250404to20250707\2MA06246_20250611_053800.wav,1059.0,2MA06246_20250611_053800.wav,3.0,Virginia Rail,virrai,0.9189,0,,,,1.0,BirdNET_SelectionTable_Lat2AnnotatedRMrevJS20260319FINAL.csv
74391,Spectrogram 1,1,406434.6907,406437.6907,0.0,12000.0,E:\2025 King Rail Project\2025 ARU Data Annotated For King Rail Project\Lattimore2 2MA06246\Lattimore2Data20250404to20250707\2MA06246_20250611_053800.wav,1059.0,2MA06246_20250611_053800.wav,3.0,Tree Swallow,treswa,0.1992,1,,,,1.0,BirdNET_SelectionTable_Lat2AnnotatedRMrevJS20260319FINAL.csv
77822,Spectrogram 1,1,427707.6907,427710.6907,0.0,12000.0,E:\2025 King Rail Project\2025 ARU Data Annotated For King Rail Project\Lattimore2 2MA06246\Lattimore2Data20250404to20250707\2MA06246_20250614_204700.wav,1932.0,2MA06246_20250614_204700.wav,3.0,Virginia Rail,virrai,0.8726,0,,,why vira?,1.0,BirdNET_SelectionTable_Lat2AnnotatedRMrevJS20260319FINAL.csv
97020,Spectrogram 1,1,499860.6907,499863.6907,0.0,12000.0,E:\2025 King Rail Project\2025 ARU Data Annotated For King Rail Project\Lattimore2 2MA06246\Lattimore2Data20250404to20250707\2MA06246_20250626_205000.wav,2085.0,2MA06246_20250626_205000.wav,3.0,American Bittern,amebit,0.8656,0,,,water? rainy,1.0,BirdNET_SelectionTable_Lat2AnnotatedRMrevJS20260319FINAL.csv
112269,Spectrogram 1,1,563760.6907,563763.6907,0.0,12000.0,E:\2025 King Rail Project\2025 ARU Data Annotated For King Rail Project\Lattimore2 2MA06246\Lattimore2Data20250404to20250707\2MA06246_20250707_054600.wav,2385.0,2MA06246_20250707_054600.wav,3.0,Swamp Sparrow,swaspa,0.3476,1,,,,1.0,BirdNET_SelectionTable_Lat2AnnotatedRMrevJS20260319FINAL.csv
112270,Spectrogram 1,1,563760.6907,563763.6907,0.0,12000.0,E:\2025 King Rail Project\2025 ARU Data Annotated For King Rail Project\Lattimore2 2MA06246\Lattimore2Data20250404to20250707\2MA06246_20250707_054600.wav,2385.0,2MA06246_20250707_054600.wav,3.0,American Bittern,amebit,0.1186,0,,,,1.0,BirdNET_SelectionTable_Lat2AnnotatedRMrevJS20260319FINAL.csv
112271,Spectrogram 1,1,563760.6907,563763.6907,0.0,12000.0,E:\2025 King Rail Project\2025 ARU Data Annotated For King Rail Project\Lattimore2 2MA06246\Lattimore2Data20250404to20250707\2MA06246_20250707_054600.wav,2385.0,2MA06246_20250707_054600.wav,3.0,Least Bittern,leabit,0.1092,0,,,,1.0,BirdNET_SelectionTable_Lat2AnnotatedRMrevJS20260319FINAL.csv
112273,Spectrogram 1,1,563766.6907,563769.6907,0.0,12000.0,E:\2025 King Rail Project\2025 ARU Data Annotated For King Rail Project\Lattimore2 2MA06246\Lattimore2Data20250404to20250707\2MA06246_20250707_054600.wav,2391.0,2MA06246_20250707_054600.wav,3.0,Least Bittern,leabit,0.7139,0,,,,1.0,BirdNET_SelectionTable_Lat2AnnotatedRMrevJS20260319FINAL.csv
112274,Spectrogram 1,1,563766.6907,563769.6907,0.0,12000.0,E:\2025 King Rail Project\2025 ARU Data Annotated For King Rail Project\Lattimore2 2MA06246\Lattimore2Data20250404to20250707\2MA06246_20250707_054600.wav,2391.0,2MA06246_20250707_054600.wav,3.0,Virginia Rail,virrai,0.1348,0,,,,1.0,BirdNET_SelectionTable_Lat2AnnotatedRMrevJS20260319FINAL.csv
3,Spectrogram 1,1,27.0,30.0,0.0,12000.0,E:\2025 King Rail Project\2025 ARU Data Annotated For King Rail Project\NorthLily1 SMA06024\NorthLily1Data20250326to20250707\SMA06024_20250326_193100.wav,27.0,SMA06024_20250326_193100.wav,3.0,American Bittern,amebit,0.2837,0,,,,1.0,BirdNET_SelectionTable_NLily1AnnotatedRMrevJS20260324FINAL.csv
4,Spectrogram 1,1,27.0,30.0,0.0,12000.0,E:\2025 King Rail Project\2025 ARU Data Annotated For King Rail Project\NorthLily1 SMA06024\NorthLily1Data20250326to20250707\SMA06024_20250326_193100.wav,27.0,SMA06024_20250326_193100.wav,3.0,Red-winged Blackbird,rewbla,0.1434,1,RWBL,multiple,,1.0,BirdNET_SelectionTable_NLily1AnnotatedRMrevJS20260324FINAL.csv
5,Spectrogram 1,1,42.0,45.0,0.0,12000.0,E:\2025 King Rail Project\2025 ARU Data Annotated For King Rail Project\NorthLily1 SMA06024\NorthLily1Data20250326to20250707\SMA06024_20250326_193100.wav,42.0,SMA06024_20250326_193100.wav,3.0,Red-winged Blackbird,rewbla,0.1164,1,,,,1.0,BirdNET_SelectionTable_NLily1AnnotatedRMrevJS20260324FINAL.csv
17,Spectrogram 1,1,108.0,111.0,0.0,12000.0,E:\2025 King Rail Project\2025 ARU Data Annotated For King Rail Project\NorthLily1 SMA06024\NorthLily1Data20250326to20250707\SMA06024_20250326_193100.wav,108.0,SMA06024_20250326_193100.wav,3.0,Red-winged Blackbird,rewbla,0.2168,1,,,,1.0,BirdNET_SelectionTable_NLily1AnnotatedRMrevJS20260324FINAL.csv
18,Spectrogram 1,1,111.0,114.0,0.0,12000.0,E:\2025 King Rail Project\2025 ARU Data Annotated For King Rail Project\NorthLily1 SMA06024\NorthLily1Data20250326to20250707\SMA06024_20250326_193100.wav,111.0,SMA06024_20250326_193100.wav,3.0,Least Bittern,leabit,0.1342,0,,,,1.0,BirdNET_SelectionTable_NLily1AnnotatedRMrevJS20260324FINAL.csv
127,Spectrogram 1,1,1071.0,1074.0,0.0,12000.0,E:\2025 King Rail Project\2025 ARU Data Annotated For King Rail Project\NorthLily1 SMA06024\NorthLily1Data20250326to20250707\SMA06024_20250326_193100.wav,1071.0,SMA06024_20250326_193100.wav,3.0,Red-winged Blackbird,rewbla,0.2091,1,,,,1.0,BirdNET_SelectionTable_NLily1AnnotatedRMrevJS20260324FINAL.csv
128,Spectrogram 1,1,1071.0,1074.0,0.0,12000.0,E:\2025 King Rail Project\2025 ARU Data Annotated For King Rail Project\NorthLily1 SMA06024\NorthLily1Data20250326to20250707\SMA06024_20250326_193100.wav,1071.0,SMA06024_20250326_193100.wav,3.0,Marsh Wren,marwre,0.1293,0,,,,1.0,BirdNET_SelectionTable_NLily1AnnotatedRMrevJS20260324FINAL.csv
139,Spectrogram 1,1,1194.0,1197.0,0.0,12000.0,E:\2025 King Rail Project\2025 ARU Data Annotated For King Rail Project\NorthLily1 SMA06024\NorthLily1Data20250326to20250707\SMA06024_20250326_193100.wav,1194.0,SMA06024_20250326_193100.wav,3.0,Red-winged Blackbird,rewbla,0.2723,1,RWBL,,,1.0,BirdNET_SelectionTable_NLily1AnnotatedRMrevJS20260324FINAL.csv
140,Spectrogram 1,1,1197.0,1200.0,0.0,12000.0,E:\2025 King Rail Project\2025 ARU Data Annotated For King Rail Project\NorthLily1 SMA06024\NorthLily1Data20250326to20250707\SMA06024_20250326_193100.wav,1197.0,SMA06024_20250326_193100.wav,3.0,Red-winged Blackbird,rewbla,0.2083,1,RWBL,,,1.0,BirdNET_SelectionTable_NLily1AnnotatedRMrevJS20260324FINAL.csv
141,Spectrogram 1,1,1197.0,1200.0,0.0,12000.0,E:\2025 King Rail Project\2025 ARU Data Annotated For King Rail Project\NorthLily1 SMA06024\NorthLily1Data20250326to20250707\SMA06024_20250326_193100.wav,1197.0,SMA06024_20250326_193100.wav,3.0,Virginia Rail,virrai,0.1001,0,,,mall mistaken for grunt?,1.0,BirdNET_SelectionTable_NLily1AnnotatedRMrevJS20260324FINAL.csv
479,Spectrogram 1,1,6693.0,6696.0,0.0,12000.0,E:\2025 King Rail Project\2025 ARU Data Annotated For King Rail Project\NorthLily1 SMA06024\NorthLily1Data20250326to20250707\SMA06024_20250327_193200.wav,693.0,SMA06024_20250327_193200.wav,3.0,Red-winged Blackbird,rewbla,0.1814,1,RWBL,multiple,,1.0,BirdNET_SelectionTable_NLily1AnnotatedRMrevJS20260324FINAL.csv
480,Spectrogram 1,1,6696.0,6699.0,0.0,12000.0,E:\2025 King Rail Project\2025 ARU Data Annotated For King Rail Project\NorthLily1 SMA06024\NorthLily1Data20250326to20250707\SMA06024_20250327_193200.wav,696.0,SMA06024_20250327_193200.wav,3.0,American Bittern,amebit,0.1004,0,,,,1.0,BirdNET_SelectionTable_NLily1AnnotatedRMrevJS20260324FINAL.csv
581,Spectrogram 1,1,7404.0,7407.0,0.0,12000.0,E:\2025 King Rail Project\2025 ARU Data Annotated For King Rail Project\NorthLily1 SMA06024\NorthLily1Data20250326to20250707\SMA06024_20250327_193200.wav,1404.0,SMA06024_20250327_193200.wav,3.0,Red-winged Blackbird,rewbla,0.5973,1,,,,1.0,BirdNET_SelectionTable_NLily1AnnotatedRMrevJS20260324FINAL.csv
1925,Spectrogram 1,1,36426.0,36429.0,0.0,12000.0,E:\2025 King Rail Project\2025 ARU Data Annotated For King Rail Project\NorthLily1 SMA06024\NorthLily1Data20250326to20250707\SMA06024_20250401_193700.wav,426.0,SMA06024_20250401_193700.wav,3.0,Red-winged Blackbird,rewbla,0.1732,1,,,,1.0,BirdNET_SelectionTable_NLily1AnnotatedRMrevJS20260324FINAL.csv
1931,Spectrogram 1,1,36531.0,36534.0,0.0,12000.0,E:\2025 King Rail Project\2025 ARU Data Annotated For King Rail Project\NorthLily1 SMA06024\NorthLily1Data20250326to20250707\SMA06024_20250401_193700.wav,531.0,SMA06024_20250401_193700.wav,3.0,Red-winged Blackbird,rewbla,0.1938,1,,,,1.0,BirdNET_SelectionTable_NLily1AnnotatedRMrevJS20260324FINAL.csv
1991,Spectrogram 1,1,41319.0,41322.0,0.0,12000.0,E:\2025 King Rail Project\2025 ARU Data Annotated For King Rail Project\NorthLily1 SMA06024\NorthLily1Data20250326to20250707\SMA06024_20250402_065300.wav,1719.0,SMA06024_20250402_065300.wav,3.0,Red-winged Blackbird,rewbla,0.1095,1,RWBL,jeer,rain,1.0,BirdNET_SelectionTable_NLily1AnnotatedRMrevJS20260324FINAL.csv
1992,Spectrogram 1,1,41367.0,41370.0,0.0,12000.0,E:\2025 King Rail Project\2025 ARU Data Annotated For King Rail Project\NorthLily1 SMA06024\NorthLily1Data20250326to20250707\SMA06024_20250402_065300.wav,1767.0,SMA06024_20250402_065300.wav,3.0,Red-winged Blackbird,rewbla,0.1175,1,RWBL,jeer,,1.0,BirdNET_SelectionTable_NLily1AnnotatedRMrevJS20260324FINAL.csv
2000,Spectrogram 1,1,41547.0,41550.0,0.0,12000.0,E:\2025 King Rail Project\2025 ARU Data Annotated For King Rail Project\NorthLily1 SMA06024\NorthLily1Data20250326to20250707\SMA06024_20250402_065300.wav,1947.0,SMA06024_20250402_065300.wav,3.0,Red-winged Blackbird,rewbla,0.1648,1,RWBL,jeer,,1.0,BirdNET_SelectionTable_NLily1AnnotatedRMrevJS20260324FINAL.csv
2047,Spectrogram 1,1,42081.0,42084.0,0.0,12000.0,E:\2025 King Rail Project\2025 ARU Data Annotated For King Rail Project\NorthLily1 SMA06024\NorthLily1Data20250326to20250707\SMA06024_20250402_193800.wav,81.0,SMA06024_20250402_193800.wav,3.0,Common Gallinule,comgal1,0.1569,0,,,,1.0,BirdNET_SelectionTable_NLily1AnnotatedRMrevJS20260324FINAL.csv
2048,Spectrogram 1,1,42081.0,42084.0,0.0,12000.0,E:\2025 King Rail Project\2025 ARU Data Annotated For King Rail Project\NorthLily1 SMA06024\NorthLily1Data20250326to20250707\SMA06024_20250402_193800.wav,81.0,SMA06024_20250402_193800.wav,3.0,Red-winged Blackbird,rewbla,0.1068,1,RWBL,jenk,,1.0,BirdNET_SelectionTable_NLily1AnnotatedRMrevJS20260324FINAL.csv
2068,Spectrogram 1,1,42165.0,42168.0,0.0,12000.0,E:\2025 King Rail Project\2025 ARU Data Annotated For King Rail Project\NorthLily1 SMA06024\NorthLily1Data20250326to20250707\SMA06024_20250402_193800.wav,165.0,SMA06024_20250402_193800.wav,3.0,Pied-billed Grebe,pibgre,0.2179,1,,,,1.0,BirdNET_SelectionTable_NLily1AnnotatedRMrevJS20260324FINAL.csv
2069,Spectrogram 1,1,42165.0,42168.0,0.0,12000.0,E:\2025 King Rail Project\2025 ARU Data Annotated For King Rail Project\NorthLily1 SMA06024\NorthLily1Data20250326to20250707\SMA06024_20250402_193800.wav,165.0,SMA06024_20250402_193800.wav,3.0,Least Bittern,leabit,0.1362,0,,,,1.0,BirdNET_SelectionTable_NLily1AnnotatedRMrevJS20260324FINAL.csv
2242,Spectrogram 1,1,42636.0,42639.0,0.0,12000.0,E:\2025 King Rail Project\2025 ARU Data Annotated For King Rail Project\NorthLily1 SMA06024\NorthLily1Data20250326to20250707\SMA06024_20250402_193800.wav,636.0,SMA06024_20250402_193800.wav,3.0,Virginia Rail,virrai,0.6352,0,RWBL,,good negative training example,1.0,BirdNET_SelectionTable_NLily1AnnotatedRMrevJS20260324FINAL.csv
2362,Spectrogram 1,1,42936.0,42939.0,0.0,12000.0,E:\2025 King Rail Project\2025 ARU Data Annotated For King Rail Project\NorthLily1 SMA06024\NorthLily1Data20250326to20250707\SMA06024_20250402_193800.wav,936.0,SMA06024_20250402_193800.wav,3.0,Red-winged Blackbird,rewbla,0.6736,1,RWBL,jeer,,1.0,BirdNET_SelectionTable_NLily1AnnotatedRMrevJS20260324FINAL.csv
2363,Spectrogram 1,1,42936.0,42939.0,0.0,12000.0,E:\2025 King Rail Project\2025 ARU Data Annotated For King Rail Project\NorthLily1 SMA06024\NorthLily1Data20250326to20250707\SMA06024_20250402_193800.wav,936.0,SMA06024_20250402_193800.wav,3.0,Least Bittern,leabit,0.2421,0,,,,1.0,BirdNET_SelectionTable_NLily1AnnotatedRMrevJS20260324FINAL.csv
2802,Spectrogram 1,1,49122.0,49125.0,0.0,12000.0,E:\2025 King Rail Project\2025 ARU Data Annotated For King Rail Project\NorthLily1 SMA06024\NorthLily1Data20250326to20250707\SMA06024_20250403_193900.wav,1122.0,SMA06024_20250403_193900.wav,3.0,Red-winged Blackbird,rewbla,0.7936,1,,,,1.0,BirdNET_SelectionTable_NLily1AnnotatedRMrevJS20260324FINAL.csv
4677,Spectrogram 1,1,65721.0,65724.0,0.0,12000.0,E:\2025 King Rail Project\2025 ARU Data Annotated For King Rail Project\NorthLily1 SMA06024\NorthLily1Data20250326to20250707\SMA06024_20250406_064600.wav,2121.0,SMA06024_20250406_064600.wav,3.0,Pied-billed Grebe,pibgre,0.9958,1,PBGR,hyena,,1.0,BirdNET_SelectionTable_NLily1AnnotatedRMrevJS20260324FINAL.csv
4678,Spectrogram 1,1,65724.0,65727.0,0.0,12000.0,E:\2025 King Rail Project\2025 ARU Data Annotated For King Rail Project\NorthLily1 SMA06024\NorthLily1Data20250326to20250707\SMA06024_20250406_064600.wav,2124.0,SMA06024_20250406_064600.wav,3.0,Pied-billed Grebe,pibgre,0.9953,1,PBGR,,,1.0,BirdNET_SelectionTable_NLily1AnnotatedRMrevJS20260324FINAL.csv
5462,Spectrogram 1,1,73278.0,73281.0,0.0,12000.0,E:\2025 King Rail Project\2025 ARU Data Annotated For King Rail Project\NorthLily1 SMA06024\NorthLily1Data20250326to20250707\SMA06024_20250407_194400.wav,1278.0,SMA06024_20250407_194400.wav,3.0,Red-winged Blackbird,rewbla,0.7671,1,,,,1.0,BirdNET_SelectionTable_NLily1AnnotatedRMrevJS20260324FINAL.csv
5989,Spectrogram 1,1,79110.0,79113.0,0.0,12000.0,E:\2025 King Rail Project\2025 ARU Data Annotated For King Rail Project\NorthLily1 SMA06024\NorthLily1Data20250326to20250707\SMA06024_20250408_194500.wav,1110.0,SMA06024_20250408_194500.wav,3.0,Red-winged Blackbird,rewbla,0.4683,1,RWBL,conklaree,,1.0,BirdNET_SelectionTable_NLily1AnnotatedRMrevJS20260324FINAL.csv
6000,Spectrogram 1,1,79137.0,79140.0,0.0,12000.0,E:\2025 King Rail Project\2025 ARU Data Annotated For King Rail Project\NorthLily1 SMA06024\NorthLily1Data20250326to20250707\SMA06024_20250408_194500.wav,1137.0,SMA06024_20250408_194500.wav,3.0,Red-winged Blackbird,rewbla,0.6004,1,RWBL,conklaree,,1.0,BirdNET_SelectionTable_NLily1AnnotatedRMrevJS20260324FINAL.csv
6001,Spectrogram 1,1,79140.0,79143.0,0.0,12000.0,E:\2025 King Rail Project\2025 ARU Data Annotated For King Rail Project\NorthLily1 SMA06024\NorthLily1Data20250326to20250707\SMA06024_20250408_194500.wav,1140.0,SMA06024_20250408_194500.wav,3.0,Wood Duck,wooduc,0.373,1,WODU,,,1.0,BirdNET_SelectionTable_NLily1AnnotatedRMrevJS20260324FINAL.csv
6783,Spectrogram 1,1,90276.0,90279.0,0.0,12000.0,E:\2025 King Rail Project\2025 ARU Data Annotated For King Rail Project\NorthLily1 SMA06024\NorthLily1Data20250326to20250707\SMA06024_20250410_194700.wav,276.0,SMA06024_20250410_194700.wav,3.0,Red-winged Blackbird,rewbla,0.1653,1,RWBL,conklaree,,1.0,BirdNET_SelectionTable_NLily1AnnotatedRMrevJS20260324FINAL.csv
12577,Spectrogram 1,1,145590.0,145593.0,0.0,12000.0,E:\2025 King Rail Project\2025 ARU Data Annotated For King Rail Project\NorthLily1 SMA06024\NorthLily1Data20250326to20250707\SMA06024_20250419_195700.wav,1590.0,SMA06024_20250419_195700.wav,3.0,Virginia Rail,virrai,0.132,0,,,,1.0,BirdNET_SelectionTable_NLily1AnnotatedRMrevJS20260324FINAL.csv
18669,Spectrogram 1,1,181620.0,181623.0,0.0,12000.0,E:\2025 King Rail Project\2025 ARU Data Annotated For King Rail Project\NorthLily1 SMA06024\NorthLily1Data20250326to20250707\SMA06024_20250425_200300.wav,1620.0,SMA06024_20250425_200300.wav,3.0,King Rail,kinrai4,0.235,0,,,,1.0,BirdNET_SelectionTable_NLily1AnnotatedRMrevJS20260324FINAL.csv
18670,Spectrogram 1,1,181620.0,181623.0,0.0,12000.0,E:\2025 King Rail Project\2025 ARU Data Annotated For King Rail Project\NorthLily1 SMA06024\NorthLily1Data20250326to20250707\SMA06024_20250425_200300.wav,1620.0,SMA06024_20250425_200300.wav,3.0,Red-winged Blackbird,rewbla,0.1199,1,RWBL,multiple,,1.0,BirdNET_SelectionTable_NLily1AnnotatedRMrevJS20260324FINAL.csv
18671,Spectrogram 1,1,181620.0,181623.0,0.0,12000.0,E:\2025 King Rail Project\2025 ARU Data Annotated For King Rail Project\NorthLily1 SMA06024\NorthLily1Data20250326to20250707\SMA06024_20250425_200300.wav,1620.0,SMA06024_20250425_200300.wav,3.0,American Bittern,amebit,0.1028,0,,,,1.0,BirdNET_SelectionTable_NLily1AnnotatedRMrevJS20260324FINAL.csv
20132,Spectrogram 1,1,192951.0,192954.0,0.0,12000.0,E:\2025 King Rail Project\2025 ARU Data Annotated For King Rail Project\NorthLily1 SMA06024\NorthLily1Data20250326to20250707\SMA06024_20250427_200500.wav,951.0,SMA06024_20250427_200500.wav,3.0,Red-winged Blackbird,rewbla,0.536,1,RWBL,twitter,,1.0,BirdNET_SelectionTable_NLily1AnnotatedRMrevJS20260324FINAL.csv
20133,Spectrogram 1,1,192951.0,192954.0,0.0,12000.0,E:\2025 King Rail Project\2025 ARU Data Annotated For King Rail Project\NorthLily1 SMA06024\NorthLily1Data20250326to20250707\SMA06024_20250427_200500.wav,951.0,SMA06024_20250427_200500.wav,3.0,Least Bittern,leabit,0.1512,0,,,,1.0,BirdNET_SelectionTable_NLily1AnnotatedRMrevJS20260324FINAL.csv
21522,Spectrogram 1,1,202239.0,202242.0,0.0,12000.0,E:\2025 King Rail Project\2025 ARU Data Annotated For King Rail Project\NorthLily1 SMA06024\NorthLily1Data20250326to20250707\SMA06024_20250429_061100.wav,639.0,SMA06024_20250429_061100.wav,3.0,Red-winged Blackbird,rewbla,0.3082,1,RWBL,jeer,,1.0,BirdNET_SelectionTable_NLily1AnnotatedRMrevJS20260324FINAL.csv
21523,Spectrogram 1,1,202239.0,202242.0,0.0,12000.0,E:\2025 King Rail Project\2025 ARU Data Annotated For King Rail Project\NorthLily1 SMA06024\NorthLily1Data20250326to20250707\SMA06024_20250429_061100.wav,639.0,SMA06024_20250429_061100.wav,3.0,Least Bittern,leabit,0.1439,0,,,,1.0,BirdNET_SelectionTable_NLily1AnnotatedRMrevJS20260324FINAL.csv
23325,Spectrogram 1,1,223698.0,223701.0,0.0,12000.0,E:\2025 King Rail Project\2025 ARU Data Annotated For King Rail Project\NorthLily1 SMA06024\NorthLily1Data20250326to20250707\SMA06024_20250502_201100.wav,1698.0,SMA06024_20250502_201100.wav,3.0,Red-winged Blackbird,rewbla,0.81,1,,,"important seg, try to ID UNK if poss",1.0,BirdNET_SelectionTable_NLily1AnnotatedRMrevJS20260324FINAL.csv
27109,Spectrogram 1,1,254220.0,254223.0,0.0,12000.0,E:\2025 King Rail Project\2025 ARU Data Annotated For King Rail Project\NorthLily1 SMA06024\NorthLily1Data20250326to20250707\SMA06024_20250507_201600.wav,2220.0,SMA06024_20250507_201600.wav,3.0,Least Bittern,leabit,0.164,0,,,,1.0,BirdNET_SelectionTable_NLily1AnnotatedRMrevJS20260324FINAL.csv
27114,Spectrogram 1,1,254238.0,254241.0,0.0,12000.0,E:\2025 King Rail Project\2025 ARU Data Annotated For King Rail Project\NorthLily1 SMA06024\NorthLily1Data20250326to20250707\SMA06024_20250507_201600.wav,2238.0,SMA06024_20250507_201600.wav,3.0,American Bittern,amebit,0.1568,0,,,,1.0,BirdNET_SelectionTable_NLily1AnnotatedRMrevJS20260324FINAL.csv
27115,Spectrogram 1,1,254241.0,254244.0,0.0,12000.0,E:\2025 King Rail Project\2025 ARU Data Annotated For King Rail Project\NorthLily1 SMA06024\NorthLily1Data20250326to20250707\SMA06024_20250507_201600.wav,2241.0,SMA06024_20250507_201600.wav,3.0,King Rail,kinrai4,0.1305,1,KIRA,grunt,,1.0,BirdNET_SelectionTable_NLily1AnnotatedRMrevJS20260324FINAL.csv
42036,Spectrogram 1,1,409251.0,409254.0,0.0,12000.0,E:\2025 King Rail Project\2025 ARU Data Annotated For King Rail Project\NorthLily1 SMA06024\NorthLily1Data20250326to20250707\SMA06024_20250602_204000.wav,1251.0,SMA06024_20250602_204000.wav,3.0,Least Bittern,leabit,0.2084,0,,,,1.0,BirdNET_SelectionTable_NLily1AnnotatedRMrevJS20260324FINAL.csv
42037,Spectrogram 1,1,409251.0,409254.0,0.0,12000.0,E:\2025 King Rail Project\2025 ARU Data Annotated For King Rail Project\NorthLily1 SMA06024\NorthLily1Data20250326to20250707\SMA06024_20250602_204000.wav,1251.0,SMA06024_20250602_204000.wav,3.0,Red-winged Blackbird,rewbla,0.1035,1,RWBL,conklaree,,1.0,BirdNET_SelectionTable_NLily1AnnotatedRMrevJS20260324FINAL.csv
42262,Spectrogram 1,1,410181.0,410184.0,0.0,12000.0,E:\2025 King Rail Project\2025 ARU Data Annotated For King Rail Project\NorthLily1 SMA06024\NorthLily1Data20250326to20250707\SMA06024_20250602_204000.wav,2181.0,SMA06024_20250602_204000.wav,3.0,Virginia Rail,virrai,0.1213,0,,,RWBL pink,1.0,BirdNET_SelectionTable_NLily1AnnotatedRMrevJS20260324FINAL.csv
42263,Spectrogram 1,1,410181.0,410184.0,0.0,12000.0,E:\2025 King Rail Project\2025 ARU Data Annotated For King Rail Project\NorthLily1 SMA06024\NorthLily1Data20250326to20250707\SMA06024_20250602_204000.wav,2181.0,SMA06024_20250602_204000.wav,3.0,American Bittern,amebit,0.1154,0,,,,1.0,BirdNET_SelectionTable_NLily1AnnotatedRMrevJS20260324FINAL.csv
42430,Spectrogram 1,1,412617.0,412620.0,0.0,12000.0,E:\2025 King Rail Project\2025 ARU Data Annotated For King Rail Project\NorthLily1 SMA06024\NorthLily1Data20250326to20250707\SMA06024_20250603_054000.wav,1017.0,SMA06024_20250603_054000.wav,3.0,American Bittern,amebit,0.321,0,,,,1.0,BirdNET_SelectionTable_NLily1AnnotatedRMrevJS20260324FINAL.csv
42431,Spectrogram 1,1,412617.0,412620.0,0.0,12000.0,E:\2025 King Rail Project\2025 ARU Data Annotated For King Rail Project\NorthLily1 SMA06024\NorthLily1Data20250326to20250707\SMA06024_20250603_054000.wav,1017.0,SMA06024_20250603_054000.wav,3.0,Least Bittern,leabit,0.1729,0,,,,1.0,BirdNET_SelectionTable_NLily1AnnotatedRMrevJS20260324FINAL.csv
44720,Spectrogram 1,1,446259.0,446262.0,0.0,12000.0,E:\2025 King Rail Project\2025 ARU Data Annotated For King Rail Project\NorthLily1 SMA06024\NorthLily1Data20250326to20250707\SMA06024_20250608_204400.wav,2259.0,SMA06024_20250608_204400.wav,3.0,Sora,sora,0.7524,0,,,,1.0,BirdNET_SelectionTable_NLily1AnnotatedRMrevJS20260324FINAL.csv
44721,Spectrogram 1,1,446262.0,446265.0,0.0,12000.0,E:\2025 King Rail Project\2025 ARU Data Annotated For King Rail Project\NorthLily1 SMA06024\NorthLily1Data20250326to20250707\SMA06024_20250608_204400.wav,2262.0,SMA06024_20250608_204400.wav,3.0,Sora,sora,0.1281,0,,,,1.0,BirdNET_SelectionTable_NLily1AnnotatedRMrevJS20260324FINAL.csv
45977,Spectrogram 1,1,475077.0,475080.0,0.0,12000.0,E:\2025 King Rail Project\2025 ARU Data Annotated For King Rail Project\NorthLily1 SMA06024\NorthLily1Data20250326to20250707\SMA06024_20250613_204700.wav,1077.0,SMA06024_20250613_204700.wav,3.0,Least Bittern,leabit,0.1124,0,,,rain,1.0,BirdNET_SelectionTable_NLily1AnnotatedRMrevJS20260324FINAL.csv
46007,Spectrogram 1,1,478995.0,478998.0,0.0,12000.0,E:\2025 King Rail Project\2025 ARU Data Annotated For King Rail Project\NorthLily1 SMA06024\NorthLily1Data20250326to20250707\SMA06024_20250614_053800.wav,1395.0,SMA06024_20250614_053800.wav,3.0,Red-winged Blackbird,rewbla,0.308,1,RWBL,conklaree,loud rain,1.0,BirdNET_SelectionTable_NLily1AnnotatedRMrevJS20260324FINAL.csv
46620,Spectrogram 1,1,486471.0,486474.0,0.0,12000.0,E:\2025 King Rail Project\2025 ARU Data Annotated For King Rail Project\NorthLily1 SMA06024\NorthLily1Data20250326to20250707\SMA06024_20250615_204700.wav,471.0,SMA06024_20250615_204700.wav,3.0,King Rail,kinrai4,0.2436,1,KIRA,kek,KIRA kek + RWBL check,1.0,BirdNET_SelectionTable_NLily1AnnotatedRMrevJS20260324FINAL.csv
46627,Spectrogram 1,1,486525.0,486528.0,0.0,12000.0,E:\2025 King Rail Project\2025 ARU Data Annotated For King Rail Project\NorthLily1 SMA06024\NorthLily1Data20250326to20250707\SMA06024_20250615_204700.wav,525.0,SMA06024_20250615_204700.wav,3.0,Virginia Rail,virrai,0.464,0,,,RWBL pink?,1.0,BirdNET_SelectionTable_NLily1AnnotatedRMrevJS20260324FINAL.csv
46772,Spectrogram 1,1,487605.0,487608.0,0.0,12000.0,E:\2025 King Rail Project\2025 ARU Data Annotated For King Rail Project\NorthLily1 SMA06024\NorthLily1Data20250326to20250707\SMA06024_20250615_204700.wav,1605.0,SMA06024_20250615_204700.wav,3.0,Red-winged Blackbird,rewbla,0.1517,1,,,,1.0,BirdNET_SelectionTable_NLily1AnnotatedRMrevJS20260324FINAL.csv
47212,Spectrogram 1,1,493626.0,493629.0,0.0,12000.0,E:\2025 King Rail Project\2025 ARU Data Annotated For King Rail Project\NorthLily1 SMA06024\NorthLily1Data20250326to20250707\SMA06024_20250616_204800.wav,1626.0,SMA06024_20250616_204800.wav,3.0,Red-winged Blackbird,rewbla,0.4089,1,RWBL,conklaree,,1.0,BirdNET_SelectionTable_NLily1AnnotatedRMrevJS20260324FINAL.csv
47214,Spectrogram 1,1,493647.0,493650.0,0.0,12000.0,E:\2025 King Rail Project\2025 ARU Data Annotated For King Rail Project\NorthLily1 SMA06024\NorthLily1Data20250326to20250707\SMA06024_20250616_204800.wav,1647.0,SMA06024_20250616_204800.wav,3.0,Red-winged Blackbird,rewbla,0.4753,1,RWBL,conklaree,,1.0,BirdNET_SelectionTable_NLily1AnnotatedRMrevJS20260324FINAL.csv
47216,Spectrogram 1,1,493698.0,493701.0,0.0,12000.0,E:\2025 King Rail Project\2025 ARU Data Annotated For King Rail Project\NorthLily1 SMA06024\NorthLily1Data20250326to20250707\SMA06024_20250616_204800.wav,1698.0,SMA06024_20250616_204800.wav,3.0,King Rail,kinrai4,0.3889,1,KIRA,kek,,1.0,BirdNET_SelectionTable_NLily1AnnotatedRMrevJS20260324FINAL.csv
47217,Spectrogram 1,1,493701.0,493704.0,0.0,12000.0,E:\2025 King Rail Project\2025 ARU Data Annotated For King Rail Project\NorthLily1 SMA06024\NorthLily1Data20250326to20250707\SMA06024_20250616_204800.wav,1701.0,SMA06024_20250616_204800.wav,3.0,King Rail,kinrai4,0.5984,1,KIRA,kek,,1.0,BirdNET_SelectionTable_NLily1AnnotatedRMrevJS20260324FINAL.csv
47218,Spectrogram 1,1,493701.0,493704.0,0.0,12000.0,E:\2025 King Rail Project\2025 ARU Data Annotated For King Rail Project\NorthLily1 SMA06024\NorthLily1Data20250326to20250707\SMA06024_20250616_204800.wav,1701.0,SMA06024_20250616_204800.wav,3.0,Virginia Rail,virrai,0.1572,0,,,,1.0,BirdNET_SelectionTable_NLily1AnnotatedRMrevJS20260324FINAL.csv
47223,Spectrogram 1,1,493836.0,493839.0,0.0,12000.0,E:\2025 King Rail Project\2025 ARU Data Annotated For King Rail Project\NorthLily1 SMA06024\NorthLily1Data20250326to20250707\SMA06024_20250616_204800.wav,1836.0,SMA06024_20250616_204800.wav,3.0,King Rail,kinrai4,0.1335,1,KIRA,kek,,1.0,BirdNET_SelectionTable_NLily1AnnotatedRMrevJS20260324FINAL.csv
47225,Spectrogram 1,1,493848.0,493851.0,0.0,12000.0,E:\2025 King Rail Project\2025 ARU Data Annotated For King Rail Project\NorthLily1 SMA06024\NorthLily1Data20250326to20250707\SMA06024_20250616_204800.wav,1848.0,SMA06024_20250616_204800.wav,3.0,King Rail,kinrai4,0.1123,1,KIRA,kek,,1.0,BirdNET_SelectionTable_NLily1AnnotatedRMrevJS20260324FINAL.csv
47226,Spectrogram 1,1,493854.0,493857.0,0.0,12000.0,E:\2025 King Rail Project\2025 ARU Data Annotated For King Rail Project\NorthLily1 SMA06024\NorthLily1Data20250326to20250707\SMA06024_20250616_204800.wav,1854.0,SMA06024_20250616_204800.wav,3.0,King Rail,kinrai4,0.2427,1,KIRA,kek,,1.0,BirdNET_SelectionTable_NLily1AnnotatedRMrevJS20260324FINAL.csv
47227,Spectrogram 1,1,493854.0,493857.0,0.0,12000.0,E:\2025 King Rail Project\2025 ARU Data Annotated For King Rail Project\NorthLily1 SMA06024\NorthLily1Data20250326to20250707\SMA06024_20250616_204800.wav,1854.0,SMA06024_20250616_204800.wav,3.0,Virginia Rail,virrai,0.1352,0,,,unsure about sparrow chips,1.0,BirdNET_SelectionTable_NLily1AnnotatedRMrevJS20260324FINAL.csv
47233,Spectrogram 1,1,493872.0,493875.0,0.0,12000.0,E:\2025 King Rail Project\2025 ARU Data Annotated For King Rail Project\NorthLily1 SMA06024\NorthLily1Data20250326to20250707\SMA06024_20250616_204800.wav,1872.0,SMA06024_20250616_204800.wav,3.0,King Rail,kinrai4,0.4094,1,KIRA,kek,,1.0,BirdNET_SelectionTable_NLily1AnnotatedRMrevJS20260324FINAL.csv
47234,Spectrogram 1,1,493875.0,493878.0,0.0,12000.0,E:\2025 King Rail Project\2025 ARU Data Annotated For King Rail Project\NorthLily1 SMA06024\NorthLily1Data20250326to20250707\SMA06024_20250616_204800.wav,1875.0,SMA06024_20250616_204800.wav,3.0,King Rail,kinrai4,0.847,1,KIRA,kek,,1.0,BirdNET_SelectionTable_NLily1AnnotatedRMrevJS20260324FINAL.csv
47247,Spectrogram 1,1,494034.0,494037.0,0.0,12000.0,E:\2025 King Rail Project\2025 ARU Data Annotated For King Rail Project\NorthLily1 SMA06024\NorthLily1Data20250326to20250707\SMA06024_20250616_204800.wav,2034.0,SMA06024_20250616_204800.wav,3.0,King Rail,kinrai4,0.2227,1,KIRA,kek,,1.0,BirdNET_SelectionTable_NLily1AnnotatedRMrevJS20260324FINAL.csv
47249,Spectrogram 1,1,494400.0,494403.0,0.0,12000.0,E:\2025 King Rail Project\2025 ARU Data Annotated For King Rail Project\NorthLily1 SMA06024\NorthLily1Data20250326to20250707\SMA06024_20250617_040000.wav,0.0,SMA06024_20250617_040000.wav,3.0,King Rail,kinrai4,0.8214,1,KIRA,kek,,1.0,BirdNET_SelectionTable_NLily1AnnotatedRMrevJS20260324FINAL.csv
47250,Spectrogram 1,1,494400.0,494403.0,0.0,12000.0,E:\2025 King Rail Project\2025 ARU Data Annotated For King Rail Project\NorthLily1 SMA06024\NorthLily1Data20250326to20250707\SMA06024_20250617_040000.wav,0.0,SMA06024_20250617_040000.wav,3.0,Virginia Rail,virrai,0.1351,0,,,,1.0,BirdNET_SelectionTable_NLily1AnnotatedRMrevJS20260324FINAL.csv
47257,Spectrogram 1,1,494430.0,494433.0,0.0,12000.0,E:\2025 King Rail Project\2025 ARU Data Annotated For King Rail Project\NorthLily1 SMA06024\NorthLily1Data20250326to20250707\SMA06024_20250617_040000.wav,30.0,SMA06024_20250617_040000.wav,3.0,Virginia Rail,virrai,0.1386,0,,,,1.0,BirdNET_SelectionTable_NLily1AnnotatedRMrevJS20260324FINAL.csv
47258,Spectrogram 1,1,494433.0,494436.0,0.0,12000.0,E:\2025 King Rail Project\2025 ARU Data Annotated For King Rail Project\NorthLily1 SMA06024\NorthLily1Data20250326to20250707\SMA06024_20250617_040000.wav,33.0,SMA06024_20250617_040000.wav,3.0,King Rail,kinrai4,0.6496,1,KIRA,kek,,1.0,BirdNET_SelectionTable_NLily1AnnotatedRMrevJS20260324FINAL.csv
47261,Spectrogram 1,1,494448.0,494451.0,0.0,12000.0,E:\2025 King Rail Project\2025 ARU Data Annotated For King Rail Project\NorthLily1 SMA06024\NorthLily1Data20250326to20250707\SMA06024_20250617_040000.wav,48.0,SMA06024_20250617_040000.wav,3.0,King Rail,kinrai4,0.5489,1,KIRA,kek,,1.0,BirdNET_SelectionTable_NLily1AnnotatedRMrevJS20260324FINAL.csv
47262,Spectrogram 1,1,494457.0,494460.0,0.0,12000.0,E:\2025 King Rail Project\2025 ARU Data Annotated For King Rail Project\NorthLily1 SMA06024\NorthLily1Data20250326to20250707\SMA06024_20250617_040000.wav,57.0,SMA06024_20250617_040000.wav,3.0,King Rail,kinrai4,0.5121,1,KIRA,kek,,1.0,BirdNET_SelectionTable_NLily1AnnotatedRMrevJS20260324FINAL.csv
47263,Spectrogram 1,1,494460.0,494463.0,0.0,12000.0,E:\2025 King Rail Project\2025 ARU Data Annotated For King Rail Project\NorthLily1 SMA06024\NorthLily1Data20250326to20250707\SMA06024_20250617_040000.wav,60.0,SMA06024_20250617_040000.wav,3.0,King Rail,kinrai4,0.6533,1,KIRA,kek,,1.0,BirdNET_SelectionTable_NLily1AnnotatedRMrevJS20260324FINAL.csv
47270,Spectrogram 1,1,494484.0,494487.0,0.0,12000.0,E:\2025 King Rail Project\2025 ARU Data Annotated For King Rail Project\NorthLily1 SMA06024\NorthLily1Data20250326to20250707\SMA06024_20250617_040000.wav,84.0,SMA06024_20250617_040000.wav,3.0,King Rail,kinrai4,0.6635,1,KIRA,kek,,1.0,BirdNET_SelectionTable_NLily1AnnotatedRMrevJS20260324FINAL.csv
47271,Spectrogram 1,1,494487.0,494490.0,0.0,12000.0,E:\2025 King Rail Project\2025 ARU Data Annotated For King Rail Project\NorthLily1 SMA06024\NorthLily1Data20250326to20250707\SMA06024_20250617_040000.wav,87.0,SMA06024_20250617_040000.wav,3.0,King Rail,kinrai4,0.9106,1,KIRA,kek,,1.0,BirdNET_SelectionTable_NLily1AnnotatedRMrevJS20260324FINAL.csv
47284,Spectrogram 1,1,494538.0,494541.0,0.0,12000.0,E:\2025 King Rail Project\2025 ARU Data Annotated For King Rail Project\NorthLily1 SMA06024\NorthLily1Data20250326to20250707\SMA06024_20250617_040000.wav,138.0,SMA06024_20250617_040000.wav,3.0,King Rail,kinrai4,0.2277,1,KIRA,kek,,1.0,BirdNET_SelectionTable_NLily1AnnotatedRMrevJS20260324FINAL.csv
47285,Spectrogram 1,1,494541.0,494544.0,0.0,12000.0,E:\2025 King Rail Project\2025 ARU Data Annotated For King Rail Project\NorthLily1 SMA06024\NorthLily1Data20250326to20250707\SMA06024_20250617_040000.wav,141.0,SMA06024_20250617_040000.wav,3.0,King Rail,kinrai4,0.73,1,KIRA,kek,,1.0,BirdNET_SelectionTable_NLily1AnnotatedRMrevJS20260324FINAL.csv
47300,Spectrogram 1,1,494616.0,494619.0,0.0,12000.0,E:\2025 King Rail Project\2025 ARU Data Annotated For King Rail Project\NorthLily1 SMA06024\NorthLily1Data20250326to20250707\SMA06024_20250617_040000.wav,216.0,SMA06024_20250617_040000.wav,3.0,King Rail,kinrai4,0.4331,1,KIRA,kek,,1.0,BirdNET_SelectionTable_NLily1AnnotatedRMrevJS20260324FINAL.csv
47301,Spectrogram 1,1,494619.0,494622.0,0.0,12000.0,E:\2025 King Rail Project\2025 ARU Data Annotated For King Rail Project\NorthLily1 SMA06024\NorthLily1Data20250326to20250707\SMA06024_20250617_040000.wav,219.0,SMA06024_20250617_040000.wav,3.0,King Rail,kinrai4,0.8153,1,KIRA,kek,,1.0,BirdNET_SelectionTable_NLily1AnnotatedRMrevJS20260324FINAL.csv
47313,Spectrogram 1,1,494667.0,494670.0,0.0,12000.0,E:\2025 King Rail Project\2025 ARU Data Annotated For King Rail Project\NorthLily1 SMA06024\NorthLily1Data20250326to20250707\SMA06024_20250617_040000.wav,267.0,SMA06024_20250617_040000.wav,3.0,King Rail,kinrai4,0.2145,1,,,,1.0,BirdNET_SelectionTable_NLily1AnnotatedRMrevJS20260324FINAL.csv
47317,Spectrogram 1,1,494688.0,494691.0,0.0,12000.0,E:\2025 King Rail Project\2025 ARU Data Annotated For King Rail Project\NorthLily1 SMA06024\NorthLily1Data20250326to20250707\SMA06024_20250617_040000.wav,288.0,SMA06024_20250617_040000.wav,3.0,King Rail,kinrai4,0.2557,1,KIRA,kek,,1.0,BirdNET_SelectionTable_NLily1AnnotatedRMrevJS20260324FINAL.csv
47361,Spectrogram 1,1,494841.0,494844.0,0.0,12000.0,E:\2025 King Rail Project\2025 ARU Data Annotated For King Rail Project\NorthLily1 SMA06024\NorthLily1Data20250326to20250707\SMA06024_20250617_040000.wav,441.0,SMA06024_20250617_040000.wav,3.0,King Rail,kinrai4,0.3335,1,KIRA,kek,,1.0,BirdNET_SelectionTable_NLily1AnnotatedRMrevJS20260324FINAL.csv
47420,Spectrogram 1,1,495048.0,495051.0,0.0,12000.0,E:\2025 King Rail Project\2025 ARU Data Annotated For King Rail Project\NorthLily1 SMA06024\NorthLily1Data20250326to20250707\SMA06024_20250617_040000.wav,648.0,SMA06024_20250617_040000.wav,3.0,King Rail,kinrai4,0.1245,1,KIRA,kek,,1.0,BirdNET_SelectionTable_NLily1AnnotatedRMrevJS20260324FINAL.csv
47421,Spectrogram 1,1,495051.0,495054.0,0.0,12000.0,E:\2025 King Rail Project\2025 ARU Data Annotated For King Rail Project\NorthLily1 SMA06024\NorthLily1Data20250326to20250707\SMA06024_20250617_040000.wav,651.0,SMA06024_20250617_040000.wav,3.0,King Rail,kinrai4,0.3559,1,KIRA,kek,,1.0,BirdNET_SelectionTable_NLily1AnnotatedRMrevJS20260324FINAL.csv
47422,Spectrogram 1,1,495051.0,495054.0,0.0,12000.0,E:\2025 King Rail Project\2025 ARU Data Annotated For King Rail Project\NorthLily1 SMA06024\NorthLily1Data20250326to20250707\SMA06024_20250617_040000.wav,651.0,SMA06024_20250617_040000.wav,3.0,Virginia Rail,virrai,0.157,0,,,,1.0,BirdNET_SelectionTable_NLily1AnnotatedRMrevJS20260324FINAL.csv
47423,Spectrogram 1,1,495054.0,495057.0,0.0,12000.0,E:\2025 King Rail Project\2025 ARU Data Annotated For King Rail Project\NorthLily1 SMA06024\NorthLily1Data20250326to20250707\SMA06024_20250617_040000.wav,654.0,SMA06024_20250617_040000.wav,3.0,King Rail,kinrai4,0.7858,1,KIRA,kek,,1.0,BirdNET_SelectionTable_NLily1AnnotatedRMrevJS20260324FINAL.csv
47424,Spectrogram 1,1,495057.0,495060.0,0.0,12000.0,E:\2025 King Rail Project\2025 ARU Data Annotated For King Rail Project\NorthLily1 SMA06024\NorthLily1Data20250326to20250707\SMA06024_20250617_040000.wav,657.0,SMA06024_20250617_040000.wav,3.0,Virginia Rail,virrai,0.2274,0,,,,1.0,BirdNET_SelectionTable_NLily1AnnotatedRMrevJS20260324FINAL.csv
47425,Spectrogram 1,1,495057.0,495060.0,0.0,12000.0,E:\2025 King Rail Project\2025 ARU Data Annotated For King Rail Project\NorthLily1 SMA06024\NorthLily1Data20250326to20250707\SMA06024_20250617_040000.wav,657.0,SMA06024_20250617_040000.wav,3.0,King Rail,kinrai4,0.1268,1,KIRA,kek,,1.0,BirdNET_SelectionTable_NLily1AnnotatedRMrevJS20260324FINAL.csv
47426,Spectrogram 1,1,495066.0,495069.0,0.0,12000.0,E:\2025 King Rail Project\2025 ARU Data Annotated For King Rail Project\NorthLily1 SMA06024\NorthLily1Data20250326to20250707\SMA06024_20250617_040000.wav,666.0,SMA06024_20250617_040000.wav,3.0,King Rail,kinrai4,0.9077,1,KIRA,kek,,1.0,BirdNET_SelectionTable_NLily1AnnotatedRMrevJS20260324FINAL.csv
47431,Spectrogram 1,1,495093.0,495096.0,0.0,12000.0,E:\2025 King Rail Project\2025 ARU Data Annotated For King Rail Project\NorthLily1 SMA06024\NorthLily1Data20250326to20250707\SMA06024_20250617_040000.wav,693.0,SMA06024_20250617_040000.wav,3.0,King Rail,kinrai4,0.794,1,KIRA,kek,rain,1.0,BirdNET_SelectionTable_NLily1AnnotatedRMrevJS20260324FINAL.csv
47458,Spectrogram 1,1,495222.0,495225.0,0.0,12000.0,E:\2025 King Rail Project\2025 ARU Data Annotated For King Rail Project\NorthLily1 SMA06024\NorthLily1Data20250326to20250707\SMA06024_20250617_040000.wav,822.0,SMA06024_20250617_040000.wav,3.0,Virginia Rail,virrai,0.1554,1,KIRA,kek,rain,1.0,BirdNET_SelectionTable_NLily1AnnotatedRMrevJS20260324FINAL.csv
47481,Spectrogram 1,1,495399.0,495402.0,0.0,12000.0,E:\2025 King Rail Project\2025 ARU Data Annotated For King Rail Project\NorthLily1 SMA06024\NorthLily1Data20250326to20250707\SMA06024_20250617_040000.wav,999.0,SMA06024_20250617_040000.wav,3.0,Virginia Rail,virrai,0.3591,0,,,,1.0,BirdNET_SelectionTable_NLily1AnnotatedRMrevJS20260324FINAL.csv
47482,Spectrogram 1,1,495399.0,495402.0,0.0,12000.0,E:\2025 King Rail Project\2025 ARU Data Annotated For King Rail Project\NorthLily1 SMA06024\NorthLily1Data20250326to20250707\SMA06024_20250617_040000.wav,999.0,SMA06024_20250617_040000.wav,3.0,King Rail,kinrai4,0.3074,1,KIRA,kek,,1.0,BirdNET_SelectionTable_NLily1AnnotatedRMrevJS20260324FINAL.csv
47484,Spectrogram 1,1,495414.0,495417.0,0.0,12000.0,E:\2025 King Rail Project\2025 ARU Data Annotated For King Rail Project\NorthLily1 SMA06024\NorthLily1Data20250326to20250707\SMA06024_20250617_040000.wav,1014.0,SMA06024_20250617_040000.wav,3.0,King Rail,kinrai4,0.4831,1,,,likely yes,1.0,BirdNET_SelectionTable_NLily1AnnotatedRMrevJS20260324FINAL.csv
47485,Spectrogram 1,1,495420.0,495423.0,0.0,12000.0,E:\2025 King Rail Project\2025 ARU Data Annotated For King Rail Project\NorthLily1 SMA06024\NorthLily1Data20250326to20250707\SMA06024_20250617_040000.wav,1020.0,SMA06024_20250617_040000.wav,3.0,King Rail,kinrai4,0.6994,1,KIRA,kek,,1.0,BirdNET_SelectionTable_NLily1AnnotatedRMrevJS20260324FINAL.csv
48376,Spectrogram 1,1,516033.0,516036.0,0.0,12000.0,E:\2025 King Rail Project\2025 ARU Data Annotated For King Rail Project\NorthLily1 SMA06024\NorthLily1Data20250326to20250707\SMA06024_20250620_204900.wav,33.0,SMA06024_20250620_204900.wav,3.0,King Rail,kinrai4,0.1435,0,,,,1.0,BirdNET_SelectionTable_NLily1AnnotatedRMrevJS20260324FINAL.csv
50903,Spectrogram 1,1,582090.0,582093.0,0.0,12000.0,E:\2025 King Rail Project\2025 ARU Data Annotated For King Rail Project\NorthLily1 SMA06024\NorthLily1Data20250326to20250707\SMA06024_20250701_205000.wav,90.0,SMA06024_20250701_205000.wav,3.0,Virginia Rail,virrai,0.7309,0,,,RWBL pink,1.0,BirdNET_SelectionTable_NLily1AnnotatedRMrevJS20260324FINAL.csv
50904,Spectrogram 1,1,582102.0,582105.0,0.0,12000.0,E:\2025 King Rail Project\2025 ARU Data Annotated For King Rail Project\NorthLily1 SMA06024\NorthLily1Data20250326to20250707\SMA06024_20250701_205000.wav,102.0,SMA06024_20250701_205000.wav,3.0,Virginia Rail,virrai,0.7336,0,,,RWBL pink,1.0,BirdNET_SelectionTable_NLily1AnnotatedRMrevJS20260324FINAL.csv
51724,Spectrogram 1,1,594684.0,594687.0,0.0,12000.0,E:\2025 King Rail Project\2025 ARU Data Annotated For King Rail Project\NorthLily1 SMA06024\NorthLily1Data20250326to20250707\SMA06024_20250703_204900.wav,684.0,SMA06024_20250703_204900.wav,3.0,King Rail,kinrai4,0.2926,0,,,RWBL,1.0,BirdNET_SelectionTable_NLily1AnnotatedRMrevJS20260324FINAL.csv
51752,Spectrogram 1,1,595125.0,595128.0,0.0,12000.0,E:\2025 King Rail Project\2025 ARU Data Annotated For King Rail Project\NorthLily1 SMA06024\NorthLily1Data20250326to20250707\SMA06024_20250703_204900.wav,1125.0,SMA06024_20250703_204900.wav,3.0,King Rail,kinrai4,0.1177,0,,,,1.0,BirdNET_SelectionTable_NLily1AnnotatedRMrevJS20260324FINAL.csv
51753,Spectrogram 1,1,595125.0,595128.0,0.0,12000.0,E:\2025 King Rail Project\2025 ARU Data Annotated For King Rail Project\NorthLily1 SMA06024\NorthLily1Data20250326to20250707\SMA06024_20250703_204900.wav,1125.0,SMA06024_20250703_204900.wav,3.0,Marsh Wren,marwre,0.1065,1,,,,1.0,BirdNET_SelectionTable_NLily1AnnotatedRMrevJS20260324FINAL.csv
52440,Spectrogram 1,1,610398.0,610401.0,0.0,12000.0,E:\2025 King Rail Project\2025 ARU Data Annotated For King Rail Project\NorthLily1 SMA06024\NorthLily1Data20250326to20250707\SMA06024_20250706_054500.wav,798.0,SMA06024_20250706_054500.wav,3.0,Sora,sora,0.7473,0,,,Bald Eagle,1.0,BirdNET_SelectionTable_NLily1AnnotatedRMrevJS20260324FINAL.csv
52441,Spectrogram 1,1,610398.0,610401.0,0.0,12000.0,E:\2025 King Rail Project\2025 ARU Data Annotated For King Rail Project\NorthLily1 SMA06024\NorthLily1Data20250326to20250707\SMA06024_20250706_054500.wav,798.0,SMA06024_20250706_054500.wav,3.0,Virginia Rail,virrai,0.2003,0,,,,1.0,BirdNET_SelectionTable_NLily1AnnotatedRMrevJS20260324FINAL.csv
52492,Spectrogram 1,1,617136.0,617139.0,0.0,12000.0,E:\2025 King Rail Project\2025 ARU Data Annotated For King Rail Project\NorthLily1 SMA06024\NorthLily1Data20250326to20250707\SMA06024_20250707_054600.wav,1536.0,SMA06024_20250707_054600.wav,3.0,Red-winged Blackbird,rewbla,0.1464,1,,,,1.0,BirdNET_SelectionTable_NLily1AnnotatedRMrevJS20260324FINAL.csv
52493,Spectrogram 1,1,617136.0,617139.0,0.0,12000.0,E:\2025 King Rail Project\2025 ARU Data Annotated For King Rail Project\NorthLily1 SMA06024\NorthLily1Data20250326to20250707\SMA06024_20250707_054600.wav,1536.0,SMA06024_20250707_054600.wav,3.0,Least Bittern,leabit,0.1016,0,,,,1.0,BirdNET_SelectionTable_NLily1AnnotatedRMrevJS20260324FINAL.csv
27,Spectrogram 1,1,63.0,66.0,0.0,12000.0,D:\2025 King Rail Project\2025 ARU Data Annotated For King Rail Project\SpringValley 2MA04668\SpringValleyData20250414to20250702\2MA04668_20250414_195300.wav,63.0,2MA04668_20250414_195300.wav,3.0,Virginia Rail,virrai,0.4641,0,RWBL,,check for RWBL?,1.0,BirdNET_SelectionTable_SprValAnnotatedRMJS20260312revJMFINAL.csv
28,Spectrogram 1,1,63.0,66.0,0.0,12000.0,D:\2025 King Rail Project\2025 ARU Data Annotated For King Rail Project\SpringValley 2MA04668\SpringValleyData20250414to20250702\2MA04668_20250414_195300.wav,63.0,2MA04668_20250414_195300.wav,3.0,American Bittern,amebit,0.2158,0,,,,1.0,BirdNET_SelectionTable_SprValAnnotatedRMJS20260312revJMFINAL.csv
81,Spectrogram 1,1,183.0,186.0,0.0,12000.0,D:\2025 King Rail Project\2025 ARU Data Annotated For King Rail Project\SpringValley 2MA04668\SpringValleyData20250414to20250702\2MA04668_20250414_195300.wav,183.0,2MA04668_20250414_195300.wav,3.0,Virginia Rail,virrai,0.7587,0,RWBL,,"verify RWBL pink, jenk",1.0,BirdNET_SelectionTable_SprValAnnotatedRMJS20260312revJMFINAL.csv
338,Spectrogram 1,1,804.0,807.0,0.0,12000.0,D:\2025 King Rail Project\2025 ARU Data Annotated For King Rail Project\SpringValley 2MA04668\SpringValleyData20250414to20250702\2MA04668_20250414_195300.wav,804.0,2MA04668_20250414_195300.wav,3.0,American Bittern,amebit,0.8863,0,,,,1.0,BirdNET_SelectionTable_SprValAnnotatedRMJS20260312revJMFINAL.csv
339,Spectrogram 1,1,804.0,807.0,0.0,12000.0,D:\2025 King Rail Project\2025 ARU Data Annotated For King Rail Project\SpringValley 2MA04668\SpringValleyData20250414to20250702\2MA04668_20250414_195300.wav,804.0,2MA04668_20250414_195300.wav,3.0,Red-winged Blackbird,rewbla,0.1184,1,,,,1.0,BirdNET_SelectionTable_SprValAnnotatedRMJS20260312revJMFINAL.csv
342,Spectrogram 1,1,810.0,813.0,0.0,12000.0,D:\2025 King Rail Project\2025 ARU Data Annotated For King Rail Project\SpringValley 2MA04668\SpringValleyData20250414to20250702\2MA04668_20250414_195300.wav,810.0,2MA04668_20250414_195300.wav,3.0,Sora,sora,0.2203,0,,,,1.0,BirdNET_SelectionTable_SprValAnnotatedRMJS20260312revJMFINAL.csv
341,Spectrogram 1,1,810.0,813.0,0.0,12000.0,D:\2025 King Rail Project\2025 ARU Data Annotated For King Rail Project\SpringValley 2MA04668\SpringValleyData20250414to20250702\2MA04668_20250414_195300.wav,810.0,2MA04668_20250414_195300.wav,3.0,American Bittern,amebit,0.465,0,,,,1.0,BirdNET_SelectionTable_SprValAnnotatedRMJS20260312revJMFINAL.csv
343,Spectrogram 1,1,810.0,813.0,0.0,12000.0,D:\2025 King Rail Project\2025 ARU Data Annotated For King Rail Project\SpringValley 2MA04668\SpringValleyData20250414to20250702\2MA04668_20250414_195300.wav,810.0,2MA04668_20250414_195300.wav,3.0,Red-winged Blackbird,rewbla,0.1063,1,,,,1.0,BirdNET_SelectionTable_SprValAnnotatedRMJS20260312revJMFINAL.csv
1408,Spectrogram 1,1,6054.0,6057.0,0.0,12000.0,D:\2025 King Rail Project\2025 ARU Data Annotated For King Rail Project\SpringValley 2MA04668\SpringValleyData20250414to20250702\2MA04668_20250415_195400.wav,54.0,2MA04668_20250415_195400.wav,3.0,Red-winged Blackbird,rewbla,0.7285,1,RWBL,,,1.0,BirdNET_SelectionTable_SprValAnnotatedRMJS20260312revJMFINAL.csv
5250,Spectrogram 1,1,27295.0,27298.0,0.0,12000.0,D:\2025 King Rail Project\2025 ARU Data Annotated For King Rail Project\SpringValley 2MA04668\SpringValleyData20250414to20250702\2MA04668_20250509_060800.wav,2115.0,2MA04668_20250509_060800.wav,3.0,Least Bittern,leabit,0.1269,0,,,,1.0,BirdNET_SelectionTable_SprValAnnotatedRMJS20260312revJMFINAL.csv
5249,Spectrogram 1,1,27295.0,27298.0,0.0,12000.0,D:\2025 King Rail Project\2025 ARU Data Annotated For King Rail Project\SpringValley 2MA04668\SpringValleyData20250414to20250702\2MA04668_20250509_060800.wav,2115.0,2MA04668_20250509_060800.wav,3.0,Red-winged Blackbird,rewbla,0.5798,1,RWBL,check,,1.0,BirdNET_SelectionTable_SprValAnnotatedRMJS20260312revJMFINAL.csv
10369,Spectrogram 1,1,64993.0,64996.0,0.0,12000.0,D:\2025 King Rail Project\2025 ARU Data Annotated For King Rail Project\SpringValley 2MA04668\SpringValleyData20250414to20250702\2MA04668_20250515_202300.wav,1413.0,2MA04668_20250515_202300.wav,3.0,King Rail,kinrai4,0.3426,0,RWBL,check,"rain, RWBL check and conklaree",1.0,BirdNET_SelectionTable_SprValAnnotatedRMJS20260312revJMFINAL.csv
10371,Spectrogram 1,1,64993.0,64996.0,0.0,12000.0,D:\2025 King Rail Project\2025 ARU Data Annotated For King Rail Project\SpringValley 2MA04668\SpringValleyData20250414to20250702\2MA04668_20250515_202300.wav,1413.0,2MA04668_20250515_202300.wav,3.0,Red-winged Blackbird,rewbla,0.2251,1,RWBL,check,"rain, RWBL check and conklaree",1.0,BirdNET_SelectionTable_SprValAnnotatedRMJS20260312revJMFINAL.csv
10372,Spectrogram 1,1,64993.0,64996.0,0.0,12000.0,D:\2025 King Rail Project\2025 ARU Data Annotated For King Rail Project\SpringValley 2MA04668\SpringValleyData20250414to20250702\2MA04668_20250515_202300.wav,1413.0,2MA04668_20250515_202300.wav,3.0,Least Bittern,leabit,0.1062,0,,,,1.0,BirdNET_SelectionTable_SprValAnnotatedRMJS20260312revJMFINAL.csv
10370,Spectrogram 1,1,64993.0,64996.0,0.0,12000.0,D:\2025 King Rail Project\2025 ARU Data Annotated For King Rail Project\SpringValley 2MA04668\SpringValleyData20250414to20250702\2MA04668_20250515_202300.wav,1413.0,2MA04668_20250515_202300.wav,3.0,Virginia Rail,virrai,0.2526,0,,,,1.0,BirdNET_SelectionTable_SprValAnnotatedRMJS20260312revJMFINAL.csv
11124,Spectrogram 1,1,75664.0,75667.0,0.0,12000.0,D:\2025 King Rail Project\2025 ARU Data Annotated For King Rail Project\SpringValley 2MA04668\SpringValleyData20250414to20250702\2MA04668_20250517_202500.wav,84.0,2MA04668_20250517_202500.wav,3.0,King Rail,kinrai4,0.5029,0,RWBL,check,"rain, RWBL checks",1.0,BirdNET_SelectionTable_SprValAnnotatedRMJS20260312revJMFINAL.csv
11125,Spectrogram 1,1,75664.0,75667.0,0.0,12000.0,D:\2025 King Rail Project\2025 ARU Data Annotated For King Rail Project\SpringValley 2MA04668\SpringValleyData20250414to20250702\2MA04668_20250517_202500.wav,84.0,2MA04668_20250517_202500.wav,3.0,Red-winged Blackbird,rewbla,0.1501,1,RWBL,check,,1.0,BirdNET_SelectionTable_SprValAnnotatedRMJS20260312revJMFINAL.csv
11126,Spectrogram 1,1,75664.0,75667.0,0.0,12000.0,D:\2025 King Rail Project\2025 ARU Data Annotated For King Rail Project\SpringValley 2MA04668\SpringValleyData20250414to20250702\2MA04668_20250517_202500.wav,84.0,2MA04668_20250517_202500.wav,3.0,Virginia Rail,virrai,0.1218,0,,,,1.0,BirdNET_SelectionTable_SprValAnnotatedRMJS20260312revJMFINAL.csv
12536,Spectrogram 1,1,89386.0,89389.0,0.0,12000.0,D:\2025 King Rail Project\2025 ARU Data Annotated For King Rail Project\SpringValley 2MA04668\SpringValleyData20250414to20250702\2MA04668_20250519_202700.wav,1806.0,2MA04668_20250519_202700.wav,3.0,Red-winged Blackbird,rewbla,0.2042,1,RWBL,,,1.0,BirdNET_SelectionTable_SprValAnnotatedRMJS20260312revJMFINAL.csv
12540,Spectrogram 1,1,89473.0,89476.0,0.0,12000.0,D:\2025 King Rail Project\2025 ARU Data Annotated For King Rail Project\SpringValley 2MA04668\SpringValleyData20250414to20250702\2MA04668_20250519_202700.wav,1893.0,2MA04668_20250519_202700.wav,3.0,Red-winged Blackbird,rewbla,0.1443,1,,,,1.0,BirdNET_SelectionTable_SprValAnnotatedRMJS20260312revJMFINAL.csv
12600,Spectrogram 1,1,91135.0,91138.0,0.0,12000.0,D:\2025 King Rail Project\2025 ARU Data Annotated For King Rail Project\SpringValley 2MA04668\SpringValleyData20250414to20250702\2MA04668_20250520_040000.wav,1155.0,2MA04668_20250520_040000.wav,3.0,King Rail,kinrai4,0.18,0,,,,1.0,BirdNET_SelectionTable_SprValAnnotatedRMJS20260312revJMFINAL.csv
13453,Spectrogram 1,1,95860.0,95863.0,0.0,12000.0,D:\2025 King Rail Project\2025 ARU Data Annotated For King Rail Project\SpringValley 2MA04668\SpringValleyData20250414to20250702\2MA04668_20250520_202800.wav,2280.0,2MA04668_20250520_202800.wav,3.0,King Rail,kinrai4,0.4171,0,RWBL,check,faint checks,1.0,BirdNET_SelectionTable_SprValAnnotatedRMJS20260312revJMFINAL.csv
13454,Spectrogram 1,1,95860.0,95863.0,0.0,12000.0,D:\2025 King Rail Project\2025 ARU Data Annotated For King Rail Project\SpringValley 2MA04668\SpringValleyData20250414to20250702\2MA04668_20250520_202800.wav,2280.0,2MA04668_20250520_202800.wav,3.0,Least Bittern,leabit,0.2099,0,,,,1.0,BirdNET_SelectionTable_SprValAnnotatedRMJS20260312revJMFINAL.csv
13455,Spectrogram 1,1,95860.0,95863.0,0.0,12000.0,D:\2025 King Rail Project\2025 ARU Data Annotated For King Rail Project\SpringValley 2MA04668\SpringValleyData20250414to20250702\2MA04668_20250520_202800.wav,2280.0,2MA04668_20250520_202800.wav,3.0,Virginia Rail,virrai,0.1196,0,,,,1.0,BirdNET_SelectionTable_SprValAnnotatedRMJS20260312revJMFINAL.csv
14375,Spectrogram 1,1,106306.0,106309.0,0.0,12000.0,D:\2025 King Rail Project\2025 ARU Data Annotated For King Rail Project\SpringValley 2MA04668\SpringValleyData20250414to20250702\2MA04668_20250522_203000.wav,726.0,2MA04668_20250522_203000.wav,3.0,Red-winged Blackbird,rewbla,0.6843,1,RWBL,jeer,"RWBL jeer, check",1.0,BirdNET_SelectionTable_SprValAnnotatedRMJS20260312revJMFINAL.csv
14747,Spectrogram 1,1,110545.0,110548.0,0.0,12000.0,D:\2025 King Rail Project\2025 ARU Data Annotated For King Rail Project\SpringValley 2MA04668\SpringValleyData20250414to20250702\2MA04668_20250523_055500.wav,1365.0,2MA04668_20250523_055500.wav,3.0,King Rail,kinrai4,0.8243,0,RWBL,check,many RWBL checks,1.0,BirdNET_SelectionTable_SprValAnnotatedRMJS20260312revJMFINAL.csv
14748,Spectrogram 1,1,110545.0,110548.0,0.0,12000.0,D:\2025 King Rail Project\2025 ARU Data Annotated For King Rail Project\SpringValley 2MA04668\SpringValleyData20250414to20250702\2MA04668_20250523_055500.wav,1365.0,2MA04668_20250523_055500.wav,3.0,Virginia Rail,virrai,0.1276,0,,,,1.0,BirdNET_SelectionTable_SprValAnnotatedRMJS20260312revJMFINAL.csv
17452,Spectrogram 1,1,132904.0,132907.0,0.0,12000.0,D:\2025 King Rail Project\2025 ARU Data Annotated For King Rail Project\SpringValley 2MA04668\SpringValleyData20250414to20250702\2MA04668_20250527_040000.wav,924.0,2MA04668_20250527_040000.wav,3.0,King Rail,kinrai4,0.2701,0,NT,,Frogs! Green and Cricket frogs,1.0,BirdNET_SelectionTable_SprValAnnotatedRMJS20260312revJMFINAL.csv
18061,Spectrogram 1,1,136786.0,136789.0,0.0,12000.0,D:\2025 King Rail Project\2025 ARU Data Annotated For King Rail Project\SpringValley 2MA04668\SpringValleyData20250414to20250702\2MA04668_20250527_203400.wav,1206.0,2MA04668_20250527_203400.wav,3.0,Red-winged Blackbird,rewbla,0.4727,1,,,,1.0,BirdNET_SelectionTable_SprValAnnotatedRMJS20260312revJMFINAL.csv
21478,Spectrogram 1,1,166633.0,166636.0,0.0,12000.0,D:\2025 King Rail Project\2025 ARU Data Annotated For King Rail Project\SpringValley 2MA04668\SpringValleyData20250414to20250702\2MA04668_20250601_203800.wav,1053.0,2MA04668_20250601_203800.wav,3.0,Red-winged Blackbird,rewbla,0.1157,1,,,,1.0,BirdNET_SelectionTable_SprValAnnotatedRMJS20260312revJMFINAL.csv
21479,Spectrogram 1,1,166633.0,166636.0,0.0,12000.0,D:\2025 King Rail Project\2025 ARU Data Annotated For King Rail Project\SpringValley 2MA04668\SpringValleyData20250414to20250702\2MA04668_20250601_203800.wav,1053.0,2MA04668_20250601_203800.wav,3.0,American Bittern,amebit,0.1113,0,,,,1.0,BirdNET_SelectionTable_SprValAnnotatedRMJS20260312revJMFINAL.csv
21477,Spectrogram 1,1,166633.0,166636.0,0.0,12000.0,D:\2025 King Rail Project\2025 ARU Data Annotated For King Rail Project\SpringValley 2MA04668\SpringValleyData20250414to20250702\2MA04668_20250601_203800.wav,1053.0,2MA04668_20250601_203800.wav,3.0,Least Bittern,leabit,0.1413,0,,,,1.0,BirdNET_SelectionTable_SprValAnnotatedRMJS20260312revJMFINAL.csv
21486,Spectrogram 1,1,166714.0,166717.0,0.0,12000.0,D:\2025 King Rail Project\2025 ARU Data Annotated For King Rail Project\SpringValley 2MA04668\SpringValleyData20250414to20250702\2MA04668_20250601_203800.wav,1134.0,2MA04668_20250601_203800.wav,3.0,Red-winged Blackbird,rewbla,0.2781,1,,,,1.0,BirdNET_SelectionTable_SprValAnnotatedRMJS20260312revJMFINAL.csv
21717,Spectrogram 1,1,170251.0,170254.0,0.0,12000.0,D:\2025 King Rail Project\2025 ARU Data Annotated For King Rail Project\SpringValley 2MA04668\SpringValleyData20250414to20250702\2MA04668_20250602_055000.wav,1071.0,2MA04668_20250602_055000.wav,3.0,King Rail,kinrai4,0.8232,0,RWBL,check,many RWBL checks,1.0,BirdNET_SelectionTable_SprValAnnotatedRMJS20260312revJMFINAL.csv
21718,Spectrogram 1,1,170251.0,170254.0,0.0,12000.0,D:\2025 King Rail Project\2025 ARU Data Annotated For King Rail Project\SpringValley 2MA04668\SpringValleyData20250414to20250702\2MA04668_20250602_055000.wav,1071.0,2MA04668_20250602_055000.wav,3.0,Virginia Rail,virrai,0.1629,0,,,,1.0,BirdNET_SelectionTable_SprValAnnotatedRMJS20260312revJMFINAL.csv
22386,Spectrogram 1,1,178030.0,178033.0,0.0,12000.0,D:\2025 King Rail Project\2025 ARU Data Annotated For King Rail Project\SpringValley 2MA04668\SpringValleyData20250414to20250702\2MA04668_20250603_203900.wav,450.0,2MA04668_20250603_203900.wav,3.0,Red-winged Blackbird,rewbla,0.3755,1,,,,1.0,BirdNET_SelectionTable_SprValAnnotatedRMJS20260312revJMFINAL.csv
26134,Spectrogram 1,1,207025.0,207028.0,0.0,12000.0,D:\2025 King Rail Project\2025 ARU Data Annotated For King Rail Project\SpringValley 2MA04668\SpringValleyData20250414to20250702\2MA04668_20250608_054800.wav,1845.0,2MA04668_20250608_054800.wav,3.0,Red-winged Blackbird,rewbla,0.9051,1,,,,1.0,BirdNET_SelectionTable_SprValAnnotatedRMJS20260312revJMFINAL.csv
26565,Spectrogram 1,1,210439.0,210442.0,0.0,12000.0,D:\2025 King Rail Project\2025 ARU Data Annotated For King Rail Project\SpringValley 2MA04668\SpringValleyData20250414to20250702\2MA04668_20250609_040000.wav,459.0,2MA04668_20250609_040000.wav,3.0,King Rail,kinrai4,0.2983,0,NT,,"rain, Frogs! Green and Cricket Frogs",1.0,BirdNET_SelectionTable_SprValAnnotatedRMJS20260312revJMFINAL.csv
28823,Spectrogram 1,1,232120.0,232123.0,0.0,12000.0,D:\2025 King Rail Project\2025 ARU Data Annotated For King Rail Project\SpringValley 2MA04668\SpringValleyData20250414to20250702\2MA04668_20250612_204400.wav,540.0,2MA04668_20250612_204400.wav,3.0,King Rail,kinrai4,0.811,0,RWBL,check,many RWBL checks,1.0,BirdNET_SelectionTable_SprValAnnotatedRMJS20260312revJMFINAL.csv
32008,Spectrogram 1,1,261547.0,261550.0,0.0,12000.0,D:\2025 King Rail Project\2025 ARU Data Annotated For King Rail Project\SpringValley 2MA04668\SpringValleyData20250414to20250702\2MA04668_20250617_054800.wav,2367.0,2MA04668_20250617_054800.wav,3.0,Virginia Rail,virrai,0.1624,0,,,verify,1.0,BirdNET_SelectionTable_SprValAnnotatedRMJS20260312revJMFINAL.csv
32006,Spectrogram 1,1,261547.0,261550.0,0.0,12000.0,D:\2025 King Rail Project\2025 ARU Data Annotated For King Rail Project\SpringValley 2MA04668\SpringValleyData20250414to20250702\2MA04668_20250617_054800.wav,2367.0,2MA04668_20250617_054800.wav,3.0,King Rail,kinrai4,0.7472,0,RWBL,check,verify,1.0,BirdNET_SelectionTable_SprValAnnotatedRMJS20260312revJMFINAL.csv
32007,Spectrogram 1,1,261547.0,261550.0,0.0,12000.0,D:\2025 King Rail Project\2025 ARU Data Annotated For King Rail Project\SpringValley 2MA04668\SpringValleyData20250414to20250702\2MA04668_20250617_054800.wav,2367.0,2MA04668_20250617_054800.wav,3.0,Least Bittern,leabit,0.3094,0,,,verify,1.0,BirdNET_SelectionTable_SprValAnnotatedRMJS20260312revJMFINAL.csv
32153,Spectrogram 1,1,262042.0,262045.0,0.0,12000.0,D:\2025 King Rail Project\2025 ARU Data Annotated For King Rail Project\SpringValley 2MA04668\SpringValleyData20250414to20250702\2MA04668_20250617_204600.wav,462.0,2MA04668_20250617_204600.wav,3.0,King Rail,kinrai4,0.6062,0,RWBL,check,sharp RWBL checks,1.0,BirdNET_SelectionTable_SprValAnnotatedRMJS20260312revJMFINAL.csv
32155,Spectrogram 1,1,262042.0,262045.0,0.0,12000.0,D:\2025 King Rail Project\2025 ARU Data Annotated For King Rail Project\SpringValley 2MA04668\SpringValleyData20250414to20250702\2MA04668_20250617_204600.wav,462.0,2MA04668_20250617_204600.wav,3.0,Least Bittern,leabit,0.1387,0,,,,1.0,BirdNET_SelectionTable_SprValAnnotatedRMJS20260312revJMFINAL.csv
32154,Spectrogram 1,1,262042.0,262045.0,0.0,12000.0,D:\2025 King Rail Project\2025 ARU Data Annotated For King Rail Project\SpringValley 2MA04668\SpringValleyData20250414to20250702\2MA04668_20250617_204600.wav,462.0,2MA04668_20250617_204600.wav,3.0,Virginia Rail,virrai,0.1992,0,,,,1.0,BirdNET_SelectionTable_SprValAnnotatedRMJS20260312revJMFINAL.csv
33374,Spectrogram 1,1,273022.0,273025.0,0.0,12000.0,D:\2025 King Rail Project\2025 ARU Data Annotated For King Rail Project\SpringValley 2MA04668\SpringValleyData20250414to20250702\2MA04668_20250619_054800.wav,1842.0,2MA04668_20250619_054800.wav,3.0,King Rail,kinrai4,0.1972,0.0,RWBL,check,"RWBL check, conklaree, green frog",1.0,BirdNET_SelectionTable_SprValAnnotatedRMJS20260312revJMFINAL.csv
33375,Spectrogram 1,1,273022.0,273025.0,0.0,12000.0,D:\2025 King Rail Project\2025 ARU Data Annotated For King Rail Project\SpringValley 2MA04668\SpringValleyData20250414to20250702\2MA04668_20250619_054800.wav,1842.0,2MA04668_20250619_054800.wav,3.0,Least Bittern,leabit,0.1533,0.0,,,,1.0,BirdNET_SelectionTable_SprValAnnotatedRMJS20260312revJMFINAL.csv
33376,Spectrogram 1,1,273022.0,273025.0,0.0,12000.0,D:\2025 King Rail Project\2025 ARU Data Annotated For King Rail Project\SpringValley 2MA04668\SpringValleyData20250414to20250702\2MA04668_20250619_054800.wav,1842.0,2MA04668_20250619_054800.wav,3.0,Red-winged Blackbird,rewbla,0.1013,1.0,,,,1.0,BirdNET_SelectionTable_SprValAnnotatedRMJS20260312revJMFINAL.csv
33373,Spectrogram 1,1,273022.0,273025.0,0.0,12000.0,D:\2025 King Rail Project\2025 ARU Data Annotated For King Rail Project\SpringValley 2MA04668\SpringValleyData20250414to20250702\2MA04668_20250619_054800.wav,1842.0,2MA04668_20250619_054800.wav,3.0,Virginia Rail,virrai,0.2725,0.0,,,,1.0,BirdNET_SelectionTable_SprValAnnotatedRMJS20260312revJMFINAL.csv
35874,Spectrogram 1,1,286519.0,286522.0,0.0,12000.0,D:\2025 King Rail Project\2025 ARU Data Annotated For King Rail Project\SpringValley 2MA04668\SpringValleyData20250414to20250702\2MA04668_20250621_204700.wav,939.0,2MA04668_20250621_204700.wav,3.0,King Rail,kinrai4,0.1267,0.0,,,,1.0,BirdNET_SelectionTable_SprValAnnotatedRMJS20260312revJMFINAL.csv
35872,Spectrogram 1,1,286519.0,286522.0,0.0,12000.0,D:\2025 King Rail Project\2025 ARU Data Annotated For King Rail Project\SpringValley 2MA04668\SpringValleyData20250414to20250702\2MA04668_20250621_204700.wav,939.0,2MA04668_20250621_204700.wav,3.0,Least Bittern,leabit,0.4183,0.0,,,,1.0,BirdNET_SelectionTable_SprValAnnotatedRMJS20260312revJMFINAL.csv
35873,Spectrogram 1,1,286519.0,286522.0,0.0,12000.0,D:\2025 King Rail Project\2025 ARU Data Annotated For King Rail Project\SpringValley 2MA04668\SpringValleyData20250414to20250702\2MA04668_20250621_204700.wav,939.0,2MA04668_20250621_204700.wav,3.0,Red-winged Blackbird,rewbla,0.2033,1.0,,,,1.0,BirdNET_SelectionTable_SprValAnnotatedRMJS20260312revJMFINAL.csv
38515,Spectrogram 1,1,301927.0,301930.0,0.0,12000.0,D:\2025 King Rail Project\2025 ARU Data Annotated For King Rail Project\SpringValley 2MA04668\SpringValleyData20250414to20250702\2MA04668_20250624_055000.wav,747.0,2MA04668_20250624_055000.wav,3.0,King Rail,kinrai4,0.8163,0.0,RWBL,check,many RWBL checks,1.0,BirdNET_SelectionTable_SprValAnnotatedRMJS20260312revJMFINAL.csv
38516,Spectrogram 1,1,301927.0,301930.0,0.0,12000.0,D:\2025 King Rail Project\2025 ARU Data Annotated For King Rail Project\SpringValley 2MA04668\SpringValleyData20250414to20250702\2MA04668_20250624_055000.wav,747.0,2MA04668_20250624_055000.wav,3.0,American Bittern,amebit,0.1557,0.0,,,prob GF's in the low reg.,1.0,BirdNET_SelectionTable_SprValAnnotatedRMJS20260312revJMFINAL.csv
38825,Spectrogram 1,1,303460.0,303463.0,0.0,12000.0,D:\2025 King Rail Project\2025 ARU Data Annotated For King Rail Project\SpringValley 2MA04668\SpringValleyData20250414to20250702\2MA04668_20250624_055000.wav,2280.0,2MA04668_20250624_055000.wav,3.0,King Rail,kinrai4,0.7438,0.0,RWBL,check,a few faint RWBL checks,1.0,BirdNET_SelectionTable_SprValAnnotatedRMJS20260312revJMFINAL.csv
39629,Spectrogram 1,1,309232.0,309235.0,0.0,12000.0,D:\2025 King Rail Project\2025 ARU Data Annotated For King Rail Project\SpringValley 2MA04668\SpringValleyData20250414to20250702\2MA04668_20250625_055000.wav,2052.0,2MA04668_20250625_055000.wav,3.0,King Rail,kinrai4,0.1007,0.0,RWBL,check,a close and a far RWBL check,1.0,BirdNET_SelectionTable_SprValAnnotatedRMJS20260312revJMFINAL.csv
39628,Spectrogram 1,1,309232.0,309235.0,0.0,12000.0,D:\2025 King Rail Project\2025 ARU Data Annotated For King Rail Project\SpringValley 2MA04668\SpringValleyData20250414to20250702\2MA04668_20250625_055000.wav,2052.0,2MA04668_20250625_055000.wav,3.0,Common Gallinule,comgal1,0.1143,0.0,,,,1.0,BirdNET_SelectionTable_SprValAnnotatedRMJS20260312revJMFINAL.csv
39627,Spectrogram 1,1,309232.0,309235.0,0.0,12000.0,D:\2025 King Rail Project\2025 ARU Data Annotated For King Rail Project\SpringValley 2MA04668\SpringValleyData20250414to20250702\2MA04668_20250625_055000.wav,2052.0,2MA04668_20250625_055000.wav,3.0,Least Bittern,leabit,0.2231,0.0,,,,1.0,BirdNET_SelectionTable_SprValAnnotatedRMJS20260312revJMFINAL.csv
40964,Spectrogram 1,1,316129.0,316132.0,0.0,12000.0,D:\2025 King Rail Project\2025 ARU Data Annotated For King Rail Project\SpringValley 2MA04668\SpringValleyData20250414to20250702\2MA04668_20250626_204800.wav,549.0,2MA04668_20250626_204800.wav,3.0,Red-winged Blackbird,rewbla,0.8308,1.0,RWBL,conklaree,"rain, pretty clean clean conklaree",1.0,BirdNET_SelectionTable_SprValAnnotatedRMJS20260312revJMFINAL.csv
43413,Spectrogram 1,1,329059.0,329062.0,0.0,12000.0,D:\2025 King Rail Project\2025 ARU Data Annotated For King Rail Project\SpringValley 2MA04668\SpringValleyData20250414to20250702\2MA04668_20250628_204800.wav,1479.0,2MA04668_20250628_204800.wav,3.0,American Bittern,amebit,0.1336,0.0,,,,1.0,BirdNET_SelectionTable_SprValAnnotatedRMJS20260312revJMFINAL.csv
43410,Spectrogram 1,1,329059.0,329062.0,0.0,12000.0,D:\2025 King Rail Project\2025 ARU Data Annotated For King Rail Project\SpringValley 2MA04668\SpringValleyData20250414to20250702\2MA04668_20250628_204800.wav,1479.0,2MA04668_20250628_204800.wav,3.0,King Rail,kinrai4,0.4012,0.0,,,,1.0,BirdNET_SelectionTable_SprValAnnotatedRMJS20260312revJMFINAL.csv
43411,Spectrogram 1,1,329059.0,329062.0,0.0,12000.0,D:\2025 King Rail Project\2025 ARU Data Annotated For King Rail Project\SpringValley 2MA04668\SpringValleyData20250414to20250702\2MA04668_20250628_204800.wav,1479.0,2MA04668_20250628_204800.wav,3.0,Least Bittern,leabit,0.3533,0.0,,,,1.0,BirdNET_SelectionTable_SprValAnnotatedRMJS20260312revJMFINAL.csv
43412,Spectrogram 1,1,329059.0,329062.0,0.0,12000.0,D:\2025 King Rail Project\2025 ARU Data Annotated For King Rail Project\SpringValley 2MA04668\SpringValleyData20250414to20250702\2MA04668_20250628_204800.wav,1479.0,2MA04668_20250628_204800.wav,3.0,Virginia Rail,virrai,0.1723,0.0,,,,1.0,BirdNET_SelectionTable_SprValAnnotatedRMJS20260312revJMFINAL.csv
44561,Spectrogram 1,1,335923.0,335926.0,0.0,12000.0,D:\2025 King Rail Project\2025 ARU Data Annotated For King Rail Project\SpringValley 2MA04668\SpringValleyData20250414to20250702\2MA04668_20250629_204700.wav,2343.0,2MA04668_20250629_204700.wav,3.0,King Rail,kinrai4,0.197,0.0,,,,1.0,BirdNET_SelectionTable_SprValAnnotatedRMJS20260312revJMFINAL.csv
44958,Spectrogram 1,1,339289.0,339292.0,0.0,12000.0,D:\2025 King Rail Project\2025 ARU Data Annotated For King Rail Project\SpringValley 2MA04668\SpringValleyData20250414to20250702\2MA04668_20250630_055200.wav,2109.0,2MA04668_20250630_055200.wav,3.0,King Rail,kinrai4,0.4992,0.0,RWBL,check,,1.0,BirdNET_SelectionTable_SprValAnnotatedRMJS20260312revJMFINAL.csv
1,Spectrogram 1,1,0.0,3.0,0.0,12000.0,E:\2025 King Rail Project\Choctaw_WMA_2025 Data\MINI06_20250410_050000.wav,0.0,MINI06_20250410_050000.wav,3.0,King Rail,kinrai4,0.3228,1.0,KIRA,kek,,1.0,combined_annotations.csv
2,Spectrogram 1,1,3.0,6.0,0.0,12000.0,E:\2025 King Rail Project\Choctaw_WMA_2025 Data\MINI06_20250410_050000.wav,3.0,MINI06_20250410_050000.wav,3.0,King Rail,kinrai4,0.7271,1.0,KIRA,kek,,1.0,combined_annotations.csv
3,Spectrogram 1,1,6.0,9.0,0.0,12000.0,E:\2025 King Rail Project\Choctaw_WMA_2025 Data\MINI06_20250410_050000.wav,6.0,MINI06_20250410_050000.wav,3.0,King Rail,kinrai4,0.8019,1.0,KIRA,kek,,1.0,combined_annotations.csv
4,Spectrogram 1,1,9.0,12.0,0.0,12000.0,E:\2025 King Rail Project\Choctaw_WMA_2025 Data\MINI06_20250410_050000.wav,9.0,MINI06_20250410_050000.wav,3.0,King Rail,kinrai4,0.9007,1.0,KIRA,kek,,1.0,combined_annotations.csv
5,Spectrogram 1,1,12.0,15.0,0.0,12000.0,E:\2025 King Rail Project\Choctaw_WMA_2025 Data\MINI06_20250410_050000.wav,12.0,MINI06_20250410_050000.wav,3.0,King Rail,kinrai4,0.9489,1.0,KIRA,kek,,1.0,combined_annotations.csv
6,Spectrogram 1,1,15.0,18.0,0.0,12000.0,E:\2025 King Rail Project\Choctaw_WMA_2025 Data\MINI06_20250410_050000.wav,15.0,MINI06_20250410_050000.wav,3.0,King Rail,kinrai4,0.7975,1.0,KIRA,kek,,1.0,combined_annotations.csv
8,Spectrogram 1,1,21.0,24.0,0.0,12000.0,E:\2025 King Rail Project\Choctaw_WMA_2025 Data\MINI06_20250410_050000.wav,21.0,MINI06_20250410_050000.wav,3.0,King Rail,kinrai4,0.3904,1.0,KIRA,kek,,1.0,combined_annotations.csv
10,Spectrogram 1,1,24.0,27.0,0.0,12000.0,E:\2025 King Rail Project\Choctaw_WMA_2025 Data\MINI06_20250410_050000.wav,24.0,MINI06_20250410_050000.wav,3.0,King Rail,kinrai4,0.4037,1.0,KIRA,kek,,1.0,combined_annotations.csv
11,Spectrogram 1,1,27.0,30.0,0.0,12000.0,E:\2025 King Rail Project\Choctaw_WMA_2025 Data\MINI06_20250410_050000.wav,27.0,MINI06_20250410_050000.wav,3.0,King Rail,kinrai4,0.3423,1.0,KIRA,kek,,1.0,combined_annotations.csv
12,Spectrogram 1,1,30.0,33.0,0.0,12000.0,E:\2025 King Rail Project\Choctaw_WMA_2025 Data\MINI06_20250410_050000.wav,30.0,MINI06_20250410_050000.wav,3.0,King Rail,kinrai4,0.7398,1.0,KIRA,kek,,1.0,combined_annotations.csv
13,Spectrogram 1,1,33.0,36.0,0.0,12000.0,E:\2025 King Rail Project\Choctaw_WMA_2025 Data\MINI06_20250410_050000.wav,33.0,MINI06_20250410_050000.wav,3.0,King Rail,kinrai4,0.5328,1.0,KIRA,kek,,1.0,combined_annotations.csv
14,Spectrogram 1,1,33.0,36.0,0.0,12000.0,E:\2025 King Rail Project\Choctaw_WMA_2025 Data\MINI06_20250410_050000.wav,33.0,MINI06_20250410_050000.wav,3.0,Least Bittern,leabit,0.1722,0.0,,,,1.0,combined_annotations.csv
15,Spectrogram 1,1,36.0,39.0,0.0,12000.0,E:\2025 King Rail Project\Choctaw_WMA_2025 Data\MINI06_20250410_050000.wav,36.0,MINI06_20250410_050000.wav,3.0,King Rail,kinrai4,0.2907,1.0,KIRA,kek,,1.0,combined_annotations.csv
16,Spectrogram 1,1,39.0,42.0,0.0,12000.0,E:\2025 King Rail Project\Choctaw_WMA_2025 Data\MINI06_20250410_050000.wav,39.0,MINI06_20250410_050000.wav,3.0,King Rail,kinrai4,0.547,1.0,KIRA,kek,,1.0,combined_annotations.csv
17,Spectrogram 1,1,42.0,45.0,0.0,12000.0,E:\2025 King Rail Project\Choctaw_WMA_2025 Data\MINI06_20250410_050000.wav,42.0,MINI06_20250410_050000.wav,3.0,King Rail,kinrai4,0.5684,1.0,KIRA,kek,,1.0,combined_annotations.csv
18,Spectrogram 1,1,45.0,48.0,0.0,12000.0,E:\2025 King Rail Project\Choctaw_WMA_2025 Data\MINI06_20250410_050000.wav,45.0,MINI06_20250410_050000.wav,3.0,King Rail,kinrai4,0.7259,1.0,KIRA,kek,,1.0,combined_annotations.csv
19,Spectrogram 1,1,48.0,51.0,0.0,12000.0,E:\2025 King Rail Project\Choctaw_WMA_2025 Data\MINI06_20250410_050000.wav,48.0,MINI06_20250410_050000.wav,3.0,King Rail,kinrai4,0.8866,1.0,KIRA,kek,clean,1.0,combined_annotations.csv
20,Spectrogram 1,1,51.0,54.0,0.0,12000.0,E:\2025 King Rail Project\Choctaw_WMA_2025 Data\MINI06_20250410_050000.wav,51.0,MINI06_20250410_050000.wav,3.0,King Rail,kinrai4,0.5955,1.0,KIRA,kek,,1.0,combined_annotations.csv
21,Spectrogram 1,1,54.0,57.0,0.0,12000.0,E:\2025 King Rail Project\Choctaw_WMA_2025 Data\MINI06_20250410_050000.wav,54.0,MINI06_20250410_050000.wav,3.0,King Rail,kinrai4,0.4674,1.0,KIRA,kek,,1.0,combined_annotations.csv
22,Spectrogram 1,1,57.0,60.0,0.0,12000.0,E:\2025 King Rail Project\Choctaw_WMA_2025 Data\MINI06_20250410_050000.wav,57.0,MINI06_20250410_050000.wav,3.0,King Rail,kinrai4,0.7556,1.0,KIRA,kek,clean,1.0,combined_annotations.csv
24,Spectrogram 1,1,63.0,66.0,0.0,12000.0,E:\2025 King Rail Project\Choctaw_WMA_2025 Data\MINI06_20250410_050000.wav,63.0,MINI06_20250410_050000.wav,3.0,King Rail,kinrai4,0.4382,1.0,KIRA,kek,clean,1.0,combined_annotations.csv
28,Spectrogram 1,1,75.0,78.0,0.0,12000.0,E:\2025 King Rail Project\Choctaw_WMA_2025 Data\MINI06_20250410_050000.wav,75.0,MINI06_20250410_050000.wav,3.0,King Rail,kinrai4,0.6903,1.0,KIRA,kek,,1.0,combined_annotations.csv
29,Spectrogram 1,1,78.0,81.0,0.0,12000.0,E:\2025 King Rail Project\Choctaw_WMA_2025 Data\MINI06_20250410_050000.wav,78.0,MINI06_20250410_050000.wav,3.0,King Rail,kinrai4,0.5821,1.0,KIRA,kek,,1.0,combined_annotations.csv
30,Spectrogram 1,1,81.0,84.0,0.0,12000.0,E:\2025 King Rail Project\Choctaw_WMA_2025 Data\MINI06_20250410_050000.wav,81.0,MINI06_20250410_050000.wav,3.0,King Rail,kinrai4,0.8145,1.0,KIRA,kek,,1.0,combined_annotations.csv
31,Spectrogram 1,1,84.0,87.0,0.0,12000.0,E:\2025 King Rail Project\Choctaw_WMA_2025 Data\MINI06_20250410_050000.wav,84.0,MINI06_20250410_050000.wav,3.0,King Rail,kinrai4,0.773,1.0,KIRA,kek,,1.0,combined_annotations.csv
32,Spectrogram 1,1,87.0,90.0,0.0,12000.0,E:\2025 King Rail Project\Choctaw_WMA_2025 Data\MINI06_20250410_050000.wav,87.0,MINI06_20250410_050000.wav,3.0,King Rail,kinrai4,0.6029,1.0,KIRA,kek,,1.0,combined_annotations.csv
33,Spectrogram 1,1,90.0,93.0,0.0,12000.0,E:\2025 King Rail Project\Choctaw_WMA_2025 Data\MINI06_20250410_050000.wav,90.0,MINI06_20250410_050000.wav,3.0,King Rail,kinrai4,0.4912,1.0,KIRA,kek,,1.0,combined_annotations.csv
34,Spectrogram 1,1,93.0,96.0,0.0,12000.0,E:\2025 King Rail Project\Choctaw_WMA_2025 Data\MINI06_20250410_050000.wav,93.0,MINI06_20250410_050000.wav,3.0,King Rail,kinrai4,0.6049,1.0,KIRA,kek,,1.0,combined_annotations.csv
35,Spectrogram 1,1,96.0,99.0,0.0,12000.0,E:\2025 King Rail Project\Choctaw_WMA_2025 Data\MINI06_20250410_050000.wav,96.0,MINI06_20250410_050000.wav,3.0,King Rail,kinrai4,0.7719,1.0,KIRA,kek,,1.0,combined_annotations.csv
36,Spectrogram 1,1,99.0,102.0,0.0,12000.0,E:\2025 King Rail Project\Choctaw_WMA_2025 Data\MINI06_20250410_050000.wav,99.0,MINI06_20250410_050000.wav,3.0,King Rail,kinrai4,0.8407,1.0,KIRA,kek,,1.0,combined_annotations.csv
37,Spectrogram 1,1,105.0,108.0,0.0,12000.0,E:\2025 King Rail Project\Choctaw_WMA_2025 Data\MINI06_20250410_050000.wav,105.0,MINI06_20250410_050000.wav,3.0,King Rail,kinrai4,0.3139,1.0,KIRA,kek,,1.0,combined_annotations.csv
38,Spectrogram 1,1,108.0,111.0,0.0,12000.0,E:\2025 King Rail Project\Choctaw_WMA_2025 Data\MINI06_20250410_050000.wav,108.0,MINI06_20250410_050000.wav,3.0,King Rail,kinrai4,0.2729,1.0,KIRA,kek,,1.0,combined_annotations.csv
39,Spectrogram 1,1,111.0,114.0,0.0,12000.0,E:\2025 King Rail Project\Choctaw_WMA_2025 Data\MINI06_20250410_050000.wav,111.0,MINI06_20250410_050000.wav,3.0,King Rail,kinrai4,0.4725,1.0,KIRA,kek,,1.0,combined_annotations.csv
41,Spectrogram 1,1,117.0,120.0,0.0,12000.0,E:\2025 King Rail Project\Choctaw_WMA_2025 Data\MINI06_20250410_050000.wav,117.0,MINI06_20250410_050000.wav,3.0,King Rail,kinrai4,0.3732,1.0,KIRA,kek,,1.0,combined_annotations.csv
42,Spectrogram 1,1,120.0,123.0,0.0,12000.0,E:\2025 King Rail Project\Choctaw_WMA_2025 Data\MINI06_20250410_050000.wav,120.0,MINI06_20250410_050000.wav,3.0,King Rail,kinrai4,0.6402,1.0,KIRA,kek,,1.0,combined_annotations.csv
43,Spectrogram 1,1,123.0,126.0,0.0,12000.0,E:\2025 King Rail Project\Choctaw_WMA_2025 Data\MINI06_20250410_050000.wav,123.0,MINI06_20250410_050000.wav,3.0,King Rail,kinrai4,0.2965,1.0,KIRA,kek,,1.0,combined_annotations.csv
44,Spectrogram 1,1,126.0,129.0,0.0,12000.0,E:\2025 King Rail Project\Choctaw_WMA_2025 Data\MINI06_20250410_050000.wav,126.0,MINI06_20250410_050000.wav,3.0,King Rail,kinrai4,0.6582,1.0,KIRA,kek,,1.0,combined_annotations.csv
45,Spectrogram 1,1,129.0,132.0,0.0,12000.0,E:\2025 King Rail Project\Choctaw_WMA_2025 Data\MINI06_20250410_050000.wav,129.0,MINI06_20250410_050000.wav,3.0,King Rail,kinrai4,0.8295,1.0,KIRA,kek,,1.0,combined_annotations.csv
46,Spectrogram 1,1,132.0,135.0,0.0,12000.0,E:\2025 King Rail Project\Choctaw_WMA_2025 Data\MINI06_20250410_050000.wav,132.0,MINI06_20250410_050000.wav,3.0,King Rail,kinrai4,0.8405,1.0,KIRA,kek,,1.0,combined_annotations.csv
47,Spectrogram 1,1,141.0,144.0,0.0,12000.0,E:\2025 King Rail Project\Choctaw_WMA_2025 Data\MINI06_20250410_050000.wav,141.0,MINI06_20250410_050000.wav,3.0,King Rail,kinrai4,0.7182,1.0,KIRA,kek,,1.0,combined_annotations.csv
62,Spectrogram 1,1,228.0,231.0,0.0,12000.0,E:\2025 King Rail Project\Choctaw_WMA_2025 Data\MINI06_20250410_050000.wav,228.0,MINI06_20250410_050000.wav,3.0,Least Bittern,leabit,0.1781,0.0,,,,1.0,combined_annotations.csv
63,Spectrogram 1,1,231.0,234.0,0.0,12000.0,E:\2025 King Rail Project\Choctaw_WMA_2025 Data\MINI06_20250410_050000.wav,231.0,MINI06_20250410_050000.wav,3.0,King Rail,kinrai4,0.8173,1.0,KIRA,kek,,1.0,combined_annotations.csv
64,Spectrogram 1,1,234.0,237.0,0.0,12000.0,E:\2025 King Rail Project\Choctaw_WMA_2025 Data\MINI06_20250410_050000.wav,234.0,MINI06_20250410_050000.wav,3.0,King Rail,kinrai4,0.894,1.0,KIRA,kek,,1.0,combined_annotations.csv
65,Spectrogram 1,1,237.0,240.0,0.0,12000.0,E:\2025 King Rail Project\Choctaw_WMA_2025 Data\MINI06_20250410_050000.wav,237.0,MINI06_20250410_050000.wav,3.0,King Rail,kinrai4,0.9034,1.0,KIRA,kek,,1.0,combined_annotations.csv
66,Spectrogram 1,1,240.0,243.0,0.0,12000.0,E:\2025 King Rail Project\Choctaw_WMA_2025 Data\MINI06_20250410_050000.wav,240.0,MINI06_20250410_050000.wav,3.0,King Rail,kinrai4,0.5101,1.0,KIRA,kek,,1.0,combined_annotations.csv
67,Spectrogram 1,1,243.0,246.0,0.0,12000.0,E:\2025 King Rail Project\Choctaw_WMA_2025 Data\MINI06_20250410_050000.wav,243.0,MINI06_20250410_050000.wav,3.0,King Rail,kinrai4,0.1334,1.0,KIRA,kek,,1.0,combined_annotations.csv
68,Spectrogram 1,1,246.0,249.0,0.0,12000.0,E:\2025 King Rail Project\Choctaw_WMA_2025 Data\MINI06_20250410_050000.wav,246.0,MINI06_20250410_050000.wav,3.0,King Rail,kinrai4,0.3095,1.0,KIRA,kek,,1.0,combined_annotations.csv
69,Spectrogram 1,1,249.0,252.0,0.0,12000.0,E:\2025 King Rail Project\Choctaw_WMA_2025 Data\MINI06_20250410_050000.wav,249.0,MINI06_20250410_050000.wav,3.0,King Rail,kinrai4,0.23,1.0,KIRA,kek,,1.0,combined_annotations.csv
70,Spectrogram 1,1,252.0,255.0,0.0,12000.0,E:\2025 King Rail Project\Choctaw_WMA_2025 Data\MINI06_20250410_050000.wav,252.0,MINI06_20250410_050000.wav,3.0,Least Bittern,leabit,0.1884,0.0,,,,1.0,combined_annotations.csv
72,Spectrogram 1,1,258.0,261.0,0.0,12000.0,E:\2025 King Rail Project\Choctaw_WMA_2025 Data\MINI06_20250410_050000.wav,258.0,MINI06_20250410_050000.wav,3.0,King Rail,kinrai4,0.7963,1.0,KIRA,kek,,1.0,combined_annotations.csv
83,Spectrogram 1,1,291.0,294.0,0.0,12000.0,E:\2025 King Rail Project\Choctaw_WMA_2025 Data\MINI06_20250410_050000.wav,291.0,MINI06_20250410_050000.wav,3.0,King Rail,kinrai4,0.3795,1.0,KIRA,kek,,1.0,combined_annotations.csv
84,Spectrogram 1,1,294.0,297.0,0.0,12000.0,E:\2025 King Rail Project\Choctaw_WMA_2025 Data\MINI06_20250410_050000.wav,294.0,MINI06_20250410_050000.wav,3.0,King Rail,kinrai4,0.1235,1.0,KIRA,,,1.0,combined_annotations.csv
86,Spectrogram 1,1,300.0,303.0,0.0,12000.0,E:\2025 King Rail Project\Choctaw_WMA_2025 Data\MINI06_20250410_050000.wav,300.0,MINI06_20250410_050000.wav,3.0,King Rail,kinrai4,0.2321,1.0,KIRA,kek,,1.0,combined_annotations.csv
87,Spectrogram 1,1,303.0,306.0,0.0,12000.0,E:\2025 King Rail Project\Choctaw_WMA_2025 Data\MINI06_20250410_050000.wav,303.0,MINI06_20250410_050000.wav,3.0,King Rail,kinrai4,0.6275,1.0,KIRA,kek,,1.0,combined_annotations.csv
88,Spectrogram 1,1,306.0,309.0,0.0,12000.0,E:\2025 King Rail Project\Choctaw_WMA_2025 Data\MINI06_20250410_050000.wav,306.0,MINI06_20250410_050000.wav,3.0,King Rail,kinrai4,0.5092,1.0,KIRA,kek,,1.0,combined_annotations.csv
89,Spectrogram 1,1,309.0,312.0,0.0,12000.0,E:\2025 King Rail Project\Choctaw_WMA_2025 Data\MINI06_20250410_050000.wav,309.0,MINI06_20250410_050000.wav,3.0,King Rail,kinrai4,0.229,1.0,KIRA,kek,,1.0,combined_annotations.csv
90,Spectrogram 1,1,312.0,315.0,0.0,12000.0,E:\2025 King Rail Project\Choctaw_WMA_2025 Data\MINI06_20250410_050000.wav,312.0,MINI06_20250410_050000.wav,3.0,King Rail,kinrai4,0.5715,1.0,KIRA,kek,,1.0,combined_annotations.csv
91,Spectrogram 1,1,314.9662715,318.0,0.0,12000.0,E:\2025 King Rail Project\Choctaw_WMA_2025 Data\MINI06_20250410_050000.wav,314.9663,MINI06_20250410_050000.wav,3.0337,King Rail,kinrai4,0.5926,1.0,KIRA,kek,,1.0,combined_annotations.csv
92,Spectrogram 1,1,318.0,321.0,0.0,12000.0,E:\2025 King Rail Project\Choctaw_WMA_2025 Data\MINI06_20250410_050000.wav,318.0,MINI06_20250410_050000.wav,3.0,King Rail,kinrai4,0.2927,1.0,KIRA,kek,,1.0,combined_annotations.csv
93,Spectrogram 1,1,321.0,324.0,0.0,12000.0,E:\2025 King Rail Project\Choctaw_WMA_2025 Data\MINI06_20250410_050000.wav,321.0,MINI06_20250410_050000.wav,3.0,King Rail,kinrai4,0.3868,1.0,KIRA,kek,,1.0,combined_annotations.csv
94,Spectrogram 1,1,324.0,327.0,0.0,12000.0,E:\2025 King Rail Project\Choctaw_WMA_2025 Data\MINI06_20250410_050000.wav,324.0,MINI06_20250410_050000.wav,3.0,King Rail,kinrai4,0.6758,1.0,KIRA,kek,,1.0,combined_annotations.csv
95,Spectrogram 1,1,327.0,330.0,0.0,12000.0,E:\2025 King Rail Project\Choctaw_WMA_2025 Data\MINI06_20250410_050000.wav,327.0,MINI06_20250410_050000.wav,3.0,King Rail,kinrai4,0.2685,1.0,KIRA,kek,,1.0,combined_annotations.csv
96,Spectrogram 1,1,330.0,333.0,0.0,12000.0,E:\2025 King Rail Project\Choctaw_WMA_2025 Data\MINI06_20250410_050000.wav,330.0,MINI06_20250410_050000.wav,3.0,King Rail,kinrai4,0.3193,1.0,KIRA,kek,,1.0,combined_annotations.csv
97,Spectrogram 1,1,333.0,336.0,0.0,12000.0,E:\2025 King Rail Project\Choctaw_WMA_2025 Data\MINI06_20250410_050000.wav,333.0,MINI06_20250410_050000.wav,3.0,King Rail,kinrai4,0.4352,1.0,KIRA,kek,,1.0,combined_annotations.csv
98,Spectrogram 1,1,336.0,339.0,0.0,12000.0,E:\2025 King Rail Project\Choctaw_WMA_2025 Data\MINI06_20250410_050000.wav,336.0,MINI06_20250410_050000.wav,3.0,King Rail,kinrai4,0.4286,1.0,KIRA,kek,,1.0,combined_annotations.csv
99,Spectrogram 1,1,339.0,342.0,0.0,12000.0,E:\2025 King Rail Project\Choctaw_WMA_2025 Data\MINI06_20250410_050000.wav,339.0,MINI06_20250410_050000.wav,3.0,King Rail,kinrai4,0.3195,1.0,KIRA,kek,,1.0,combined_annotations.csv
100,Spectrogram 1,1,342.0,345.0,0.0,12000.0,E:\2025 King Rail Project\Choctaw_WMA_2025 Data\MINI06_20250410_050000.wav,342.0,MINI06_20250410_050000.wav,3.0,King Rail,kinrai4,0.5492,1.0,KIRA,kek,clean,1.0,combined_annotations.csv
101,Spectrogram 1,1,345.0,348.0,0.0,12000.0,E:\2025 King Rail Project\Choctaw_WMA_2025 Data\MINI06_20250410_050000.wav,345.0,MINI06_20250410_050000.wav,3.0,King Rail,kinrai4,0.6617,1.0,KIRA,kek,,1.0,combined_annotations.csv
102,Spectrogram 1,1,348.0,351.0,0.0,12000.0,E:\2025 King Rail Project\Choctaw_WMA_2025 Data\MINI06_20250410_050000.wav,348.0,MINI06_20250410_050000.wav,3.0,King Rail,kinrai4,0.9018,1.0,KIRA,kek,"clean, only keks",1.0,combined_annotations.csv
103,Spectrogram 1,1,351.0,354.0,0.0,12000.0,E:\2025 King Rail Project\Choctaw_WMA_2025 Data\MINI06_20250410_050000.wav,351.0,MINI06_20250410_050000.wav,3.0,King Rail,kinrai4,0.9462,1.0,KIRA,kek,,1.0,combined_annotations.csv
104,Spectrogram 1,1,354.0,357.0,0.0,12000.0,E:\2025 King Rail Project\Choctaw_WMA_2025 Data\MINI06_20250410_050000.wav,354.0,MINI06_20250410_050000.wav,3.0,King Rail,kinrai4,0.8308,1.0,KIRA,kek,,1.0,combined_annotations.csv
106,Spectrogram 1,1,360.0,363.0,0.0,12000.0,E:\2025 King Rail Project\Choctaw_WMA_2025 Data\MINI06_20250410_050000.wav,360.0,MINI06_20250410_050000.wav,3.0,King Rail,kinrai4,0.7557,1.0,KIRA,kek,,1.0,combined_annotations.csv
285,Spectrogram 1,1,1017.0,1020.0,0.0,12000.0,E:\2025 King Rail Project\Choctaw_WMA_2025 Data\MINI06_20250410_050000.wav,1017.0,MINI06_20250410_050000.wav,3.0,King Rail,kinrai4,0.5955,1.0,KIRA,kek,,1.0,combined_annotations.csv
388,Spectrogram 1,1,1437.0,1440.0,0.0,12000.0,E:\2025 King Rail Project\Choctaw_WMA_2025 Data\MINI06_20250410_050000.wav,1437.0,MINI06_20250410_050000.wav,3.0,King Rail,kinrai4,0.2751,1.0,KIRA,kek,,1.0,combined_annotations.csv
389,Spectrogram 1,1,1437.0,1440.0,0.0,12000.0,E:\2025 King Rail Project\Choctaw_WMA_2025 Data\MINI06_20250410_050000.wav,1437.0,MINI06_20250410_050000.wav,3.0,Common Gallinule,comgal1,0.1273,1.0,COGA,wipeout,,1.0,combined_annotations.csv
1109,Spectrogram 1,1,3915.0,3918.0,0.0,12000.0,E:\2025 King Rail Project\Choctaw_WMA_2025 Data\MINI06_20250410_060002.wav,315.0,MINI06_20250410_060002.wav,3.0,American Bittern,amebit,0.8472,1.0,AMBI,pumperlunk,JS,1.0,combined_annotations.csv
1110,Spectrogram 1,1,3918.0,3921.0,0.0,12000.0,E:\2025 King Rail Project\Choctaw_WMA_2025 Data\MINI06_20250410_060002.wav,318.0,MINI06_20250410_060002.wav,3.0,King Rail,kinrai4,0.43,1.0,,,,1.0,combined_annotations.csv
1122,Spectrogram 1,1,3957.0,3960.0,0.0,12000.0,E:\2025 King Rail Project\Choctaw_WMA_2025 Data\MINI06_20250410_060002.wav,357.0,MINI06_20250410_060002.wav,3.0,King Rail,kinrai4,0.3807,1.0,KIRA,kek,,1.0,combined_annotations.csv
1123,Spectrogram 1,1,3960.0,3963.0,0.0,12000.0,E:\2025 King Rail Project\Choctaw_WMA_2025 Data\MINI06_20250410_060002.wav,360.0,MINI06_20250410_060002.wav,3.0,King Rail,kinrai4,0.6107,1.0,KIRA,kek,,1.0,combined_annotations.csv
1125,Spectrogram 1,1,3963.0,3966.0,0.0,12000.0,E:\2025 King Rail Project\Choctaw_WMA_2025 Data\MINI06_20250410_060002.wav,363.0,MINI06_20250410_060002.wav,3.0,King Rail,kinrai4,0.4436,1.0,KIRA,kek,,1.0,combined_annotations.csv
1348,Spectrogram 1,1,4527.0,4530.0,0.0,12000.0,E:\2025 King Rail Project\Choctaw_WMA_2025 Data\MINI06_20250410_060002.wav,927.0,MINI06_20250410_060002.wav,3.0,American Bittern,amebit,0.4308,1.0,AMBI,pumperlunk,,1.0,combined_annotations.csv
1349,Spectrogram 1,1,4530.0,4533.0,0.0,12000.0,E:\2025 King Rail Project\Choctaw_WMA_2025 Data\MINI06_20250410_060002.wav,930.0,MINI06_20250410_060002.wav,3.0,American Bittern,amebit,0.1614,1.0,AMBI,pumperlunk,JS,1.0,combined_annotations.csv
4168,Spectrogram 1,1,11237.0,11240.0,0.0,12000.0,E:\2025 King Rail Project\Choctaw_WMA_2025 Data\MINI06_20250410_080002.wav,441.0,MINI06_20250410_080002.wav,3.0,King Rail,kinrai4,0.8829,1.0,KIRA,grunt,2,1.0,combined_annotations.csv
9666,Spectrogram 1,1,55787.0,55790.0,0.0,12000.0,E:\2025 King Rail Project\Choctaw_WMA_2025 Data\MINI06_20250411_050000.wav,1815.0,MINI06_20250411_050000.wav,3.0,King Rail,kinrai4,0.4883,1.0,KIRA,kek,,1.0,combined_annotations.csv
9667,Spectrogram 1,1,55790.0,55793.0,0.0,12000.0,E:\2025 King Rail Project\Choctaw_WMA_2025 Data\MINI06_20250411_050000.wav,1818.0,MINI06_20250411_050000.wav,3.0,King Rail,kinrai4,0.687,1.0,KIRA,kek,,1.0,combined_annotations.csv
9992,Spectrogram 1,1,56945.0,56948.0,0.0,12000.0,E:\2025 King Rail Project\Choctaw_WMA_2025 Data\MINI06_20250411_050000.wav,2973.0,MINI06_20250411_050000.wav,3.0,King Rail,kinrai4,0.8661,1.0,KIRA,kek,frogs,1.0,combined_annotations.csv
14430,Spectrogram 1,1,74562.0,74565.0,0.0,12000.0,E:\2025 King Rail Project\Choctaw_WMA_2025 Data\MINI06_20250411_100002.wav,2598.0,MINI06_20250411_100002.wav,3.0,King Rail,kinrai4,0.2093,1.0,KIRA,grunt,rain/wind,1.0,combined_annotations.csv
14431,Spectrogram 1,1,74565.0,74568.0,0.0,12000.0,E:\2025 King Rail Project\Choctaw_WMA_2025 Data\MINI06_20250411_100002.wav,2601.0,MINI06_20250411_100002.wav,3.0,King Rail,kinrai4,0.8462,1.0,KIRA,grunt,rain/wind,1.0,combined_annotations.csv
26487,Spectrogram 1,1,164301.0,164304.0,0.0,12000.0,E:\2025 King Rail Project\Choctaw_WMA_2025 Data\MINI06_20250413_050000.wav,2385.0,MINI06_20250413_050000.wav,3.0,King Rail,kinrai4,0.4245,1.0,KIRA,kek,,1.0,combined_annotations.csv
49223,Spectrogram 1,1,328276.0,328279.0,0.0,12000.0,E:\2025 King Rail Project\Choctaw_WMA_2025 Data\MINI06_20250421_050000.wav,846.0,MINI06_20250421_050000.wav,3.0,King Rail,kinrai4,0.867,1.0,KIRA,kek,engine,1.0,combined_annotations.csv
51739,Spectrogram 1,1,337496.0,337499.0,0.0,12000.0,E:\2025 King Rail Project\Choctaw_WMA_2025 Data\MINI06_20250421_070002.wav,2868.0,MINI06_20250421_070002.wav,3.0,Least Bittern,leabit,0.3115,0.0,,,,1.0,combined_annotations.csv
51740,Spectrogram 1,1,337496.0,337499.0,0.0,12000.0,E:\2025 King Rail Project\Choctaw_WMA_2025 Data\MINI06_20250421_070002.wav,2868.0,MINI06_20250421_070002.wav,3.0,Red-winged Blackbird,rewbla,0.3102,1.0,RWBL,twitter,both calls,1.0,combined_annotations.csv
58080,Spectrogram 1,1,360687.0,360690.0,0.0,12000.0,E:\2025 King Rail Project\Choctaw_WMA_2025 Data\MINI06_20250421_140002.wav,873.0,MINI06_20250421_140002.wav,3.0,King Rail,kinrai4,0.4543,1.0,KIRA,grunt,"wind, clean",1.0,combined_annotations.csv
58081,Spectrogram 1,1,360690.0,360693.0,0.0,12000.0,E:\2025 King Rail Project\Choctaw_WMA_2025 Data\MINI06_20250421_140002.wav,876.0,MINI06_20250421_140002.wav,3.0,King Rail,kinrai4,0.4416,1.0,KIRA,grunt,2,1.0,combined_annotations.csv
71821,Spectrogram 1,1,403706.0,403709.0,0.0,12000.0,E:\2025 King Rail Project\Choctaw_WMA_2025 Data\MINI06_20250422_110002.wav,714.0,MINI06_20250422_110002.wav,3.0,King Rail,kinrai4,0.3241,1.0,KIRA,kek,,1.0,combined_annotations.csv
72383,Spectrogram 1,1,405485.0216,405488.0216,0.0,12000.0,E:\2025 King Rail Project\Choctaw_WMA_2025 Data\MINI06_20250422_110002.wav,2493.0216,MINI06_20250422_110002.wav,3.0,King Rail,kinrai4,0.5742,1.0,KIRA,kek,,1.0,combined_annotations.csv
72695,Spectrogram 1,1,406310.0,406313.0,0.0,12000.0,E:\2025 King Rail Project\Choctaw_WMA_2025 Data\MINI06_20250422_110002.wav,3318.0,MINI06_20250422_110002.wav,3.0,Red-winged Blackbird,rewbla,0.3953,1.0,RWBL,jeer,rain? jeer and check,1.0,combined_annotations.csv
72720,Spectrogram 1,1,406358.0,406361.0,0.0,12000.0,E:\2025 King Rail Project\Choctaw_WMA_2025 Data\MINI06_20250422_110002.wav,3366.0,MINI06_20250422_110002.wav,3.0,King Rail,kinrai4,0.4957,0.0,,,JS,1.0,combined_annotations.csv
72721,Spectrogram 1,1,406358.0,406361.0,0.0,12000.0,E:\2025 King Rail Project\Choctaw_WMA_2025 Data\MINI06_20250422_110002.wav,3366.0,MINI06_20250422_110002.wav,3.0,American Bittern,amebit,0.2996,0.0,,,,1.0,combined_annotations.csv
73007,Spectrogram 1,1,407175.0,407178.0,0.0,12000.0,E:\2025 King Rail Project\Choctaw_WMA_2025 Data\MINI06_20250422_120002.wav,585.0,MINI06_20250422_120002.wav,3.0,Sora,sora,0.9999,1.0,,,,1.0,combined_annotations.csv
73612,Spectrogram 1,1,414011.0,414014.0,0.0,12000.0,E:\2025 King Rail Project\Choctaw_WMA_2025 Data\MINI06_20250422_140002.wav,225.0,MINI06_20250422_140002.wav,3.0,King Rail,kinrai4,0.1065,1.0,KIRA,grunt,"wind, two KIRA",1.0,combined_annotations.csv
73613,Spectrogram 1,1,414017.0,414020.0,0.0,12000.0,E:\2025 King Rail Project\Choctaw_WMA_2025 Data\MINI06_20250422_140002.wav,231.0,MINI06_20250422_140002.wav,3.0,King Rail,kinrai4,0.6678,1.0,KIRA,grunt,,1.0,combined_annotations.csv
73614,Spectrogram 1,1,414020.0,414023.0,0.0,12000.0,E:\2025 King Rail Project\Choctaw_WMA_2025 Data\MINI06_20250422_140002.wav,234.0,MINI06_20250422_140002.wav,3.0,Sora,sora,0.9393,1.0,SORA,whinny,,1.0,combined_annotations.csv
73615,Spectrogram 1,1,414023.0,414026.0,0.0,12000.0,E:\2025 King Rail Project\Choctaw_WMA_2025 Data\MINI06_20250422_140002.wav,237.0,MINI06_20250422_140002.wav,3.0,Sora,sora,0.2927,1.0,SORA,whinny,2 KIRA,1.0,combined_annotations.csv
88236,Spectrogram 1,1,459057.9951,459061.0,0.0,12000.0,E:\2025 King Rail Project\Choctaw_WMA_2025 Data\MINI06_20250423_110002.wav,2093.9951,MINI06_20250423_110002.wav,3.0049,Red-winged Blackbird,rewbla,0.4653,1.0,RWBL,twitter,,1.0,combined_annotations.csv
90143,Spectrogram 1,1,465870.0,465873.0,0.0,12000.0,E:\2025 King Rail Project\Choctaw_WMA_2025 Data\MINI06_20250423_130002.wav,1710.0,MINI06_20250423_130002.wav,3.0,Red-winged Blackbird,rewbla,0.7756,1.0,RWBL,conklaree,,1.0,combined_annotations.csv
90144,Spectrogram 1,1,465870.0,465873.0,0.0,12000.0,E:\2025 King Rail Project\Choctaw_WMA_2025 Data\MINI06_20250423_130002.wav,1710.0,MINI06_20250423_130002.wav,3.0,Least Bittern,leabit,0.2397,0.0,,,,1.0,combined_annotations.csv
98339,Spectrogram 1,1,494857.0,494860.0,0.0,12000.0,E:\2025 King Rail Project\Choctaw_WMA_2025 Data\MINI06_20250425_110002.wav,1911.0,MINI06_20250425_110002.wav,3.0,Red-winged Blackbird,rewbla,0.1006,1.0,RWBL,conklaree,,1.0,combined_annotations.csv
129595,Spectrogram 1,1,687615.0,687618.0,0.0,12000.0,E:\2025 King Rail Project\Choctaw_WMA_2025 Data\MINI06_20250505_100002.wav,369.0,MINI06_20250505_100002.wav,3.0,Red-winged Blackbird,rewbla,0.6253,1.0,RWBL,twitter,engine,1.0,combined_annotations.csv
130802,Spectrogram 1,1,697106.0,697109.0,0.0,12000.0,E:\2025 King Rail Project\Choctaw_WMA_2025 Data\MINI06_20250505_120002.wav,2664.0,MINI06_20250505_120002.wav,3.0,Red-winged Blackbird,rewbla,0.4233,1.0,RWBL,check,,1.0,combined_annotations.csv
130806,Spectrogram 1,1,697286.0,697289.0,0.0,12000.0,E:\2025 King Rail Project\Choctaw_WMA_2025 Data\MINI06_20250505_120002.wav,2844.0,MINI06_20250505_120002.wav,3.0,Red-winged Blackbird,rewbla,0.1388,1.0,RWBL,twitter,,1.0,combined_annotations.csv
130807,Spectrogram 1,1,697289.0,697292.0,0.0,12000.0,E:\2025 King Rail Project\Choctaw_WMA_2025 Data\MINI06_20250505_120002.wav,2847.0,MINI06_20250505_120002.wav,3.0,Least Bittern,leabit,0.1938,0.0,,,,1.0,combined_annotations.csv
130808,Spectrogram 1,1,697289.0,697292.0,0.0,12000.0,E:\2025 King Rail Project\Choctaw_WMA_2025 Data\MINI06_20250505_120002.wav,2847.0,MINI06_20250505_120002.wav,3.0,Red-winged Blackbird,rewbla,0.1503,1.0,RWBL,twitter,,1.0,combined_annotations.csv
131622,Spectrogram 1,1,704290.0,704293.0,0.0,12000.0,E:\2025 King Rail Project\Choctaw_WMA_2025 Data\MINI06_20250505_140002.wav,2652.0,MINI06_20250505_140002.wav,3.0,King Rail,kinrai4,0.8795,1.0,KIRA,grunt,grunt and kek,1.0,combined_annotations.csv
132800,Spectrogram 1,1,712410.0,712413.0,0.0,12000.0,E:\2025 King Rail Project\Choctaw_WMA_2025 Data\MINI06_20250505_160002.wav,3576.0,MINI06_20250505_160002.wav,3.0,King Rail,kinrai4,0.8708,1.0,KIRA,grunt,both calls,1.0,combined_annotations.csv
132804,Spectrogram 1,1,712416.0,712419.0,0.0,12000.0,E:\2025 King Rail Project\Choctaw_WMA_2025 Data\MINI06_20250505_160002.wav,3582.0,MINI06_20250505_160002.wav,3.0,King Rail,kinrai4,0.4341,1.0,KIRA,grunt,,1.0,combined_annotations.csv
132805,Spectrogram 1,1,712416.0,712419.0,0.0,12000.0,E:\2025 King Rail Project\Choctaw_WMA_2025 Data\MINI06_20250505_160002.wav,3582.0,MINI06_20250505_160002.wav,3.0,Least Bittern,leabit,0.3327,0.0,,,,1.0,combined_annotations.csv
132806,Spectrogram 1,1,712416.0,712419.0,0.0,12000.0,E:\2025 King Rail Project\Choctaw_WMA_2025 Data\MINI06_20250505_160002.wav,3582.0,MINI06_20250505_160002.wav,3.0,Virginia Rail,virrai,0.1747,0.0,,,,1.0,combined_annotations.csv
134151,Spectrogram 1,1,716690.0,716693.0,0.0,12000.0,E:\2025 King Rail Project\Choctaw_WMA_2025 Data\MINI06_20250505_180002.wav,660.0,MINI06_20250505_180002.wav,3.0,King Rail,kinrai4,0.341,1.0,KIRA,grunt,mix,1.0,combined_annotations.csv
134155,Spectrogram 1,1,716696.0,716699.0,0.0,12000.0,E:\2025 King Rail Project\Choctaw_WMA_2025 Data\MINI06_20250505_180002.wav,666.0,MINI06_20250505_180002.wav,3.0,King Rail,kinrai4,0.6435,1.0,KIRA,grunt,mix,1.0,combined_annotations.csv
149177,Spectrogram 1,1,804021.0,804024.0,0.0,12000.0,E:\2025 King Rail Project\Choctaw_WMA_2025 Data\MINI06_20250512_120002.wav,1635.0,MINI06_20250512_120002.wav,3.0,Red-winged Blackbird,rewbla,0.3169,1.0,RWBL,jeer,rain,1.0,combined_annotations.csv
154752,Spectrogram 1,1,844417.0,844420.0,0.0,12000.0,E:\2025 King Rail Project\Choctaw_WMA_2025 Data\MINI06_20250513_080002.wav,2451.0,MINI06_20250513_080002.wav,3.0,King Rail,kinrai4,0.8774,1.0,KIRA,grunt,,1.0,combined_annotations.csv
161764,Spectrogram 1,1,898668.0,898671.0,0.0,12000.0,E:\2025 King Rail Project\Choctaw_WMA_2025 Data\MINI06_20250514_080002.wav,2730.0,MINI06_20250514_080002.wav,3.0,King Rail,kinrai4,0.8919,1.0,KIRA,grunt,background engine? rain,1.0,combined_annotations.csv
172046,Spectrogram 1,1,1001949.995,1001953.0,0.0,11960.784,E:\2025 King Rail Project\Choctaw_WMA_2025 Data\MINI06_20250522_120002.wav,1667.9951,MINI06_20250522_120002.wav,3.0049,Red-winged Blackbird,rewbla,0.5384,1.0,RWBL,conklaree,rain?,1.0,combined_annotations.csv
172048,Spectrogram 1,1,1001953.0,1001956.0,0.0,12000.0,E:\2025 King Rail Project\Choctaw_WMA_2025 Data\MINI06_20250522_120002.wav,1671.0,MINI06_20250522_120002.wav,3.0,Red-winged Blackbird,rewbla,0.14,1.0,RWBL,conklaree,rain?,1.0,combined_annotations.csv
181362,Spectrogram 1,1,1054938.0,1054941.0,0.0,12000.0,E:\2025 King Rail Project\Choctaw_WMA_2025 Data\MINI06_20250523_120002.wav,684.0,MINI06_20250523_120002.wav,3.0,Red-winged Blackbird,rewbla,0.5647,1.0,RWBL,check,,1.0,combined_annotations.csv
181449,Spectrogram 1,1,1055919.0,1055922.0,0.0,12000.0,E:\2025 King Rail Project\Choctaw_WMA_2025 Data\MINI06_20250523_120002.wav,1665.0,MINI06_20250523_120002.wav,3.0,Red-winged Blackbird,rewbla,0.5104,1.0,RWBL,check,,1.0,combined_annotations.csv
181450,Spectrogram 1,1,1055919.0,1055922.0,0.0,12000.0,E:\2025 King Rail Project\Choctaw_WMA_2025 Data\MINI06_20250523_120002.wav,1665.0,MINI06_20250523_120002.wav,3.0,King Rail,kinrai4,0.221,0.0,,,,1.0,combined_annotations.csv
184277,Spectrogram 1,1,1075457.0,1075460.0,0.0,12000.0,E:\2025 King Rail Project\Choctaw_WMA_2025 Data\MINI06_20250523_170002.wav,3213.0,MINI06_20250523_170002.wav,3.0,Red-winged Blackbird,rewbla,0.5548,1.0,RWBL,check,,1.0,combined_annotations.csv
192313,Spectrogram 1,1,1101999.0,1102002.0,0.0,12000.0,E:\2025 King Rail Project\Choctaw_WMA_2025 Data\MINI06_20250524_100002.wav,969.0,MINI06_20250524_100002.wav,3.0,Red-winged Blackbird,rewbla,0.4253,1.0,RWBL,jeer,,1.0,combined_annotations.csv
219098,Spectrogram 1,1,1280065.0,1280068.0,0.0,12000.0,E:\2025 King Rail Project\Choctaw_WMA_2025 Data\MINI06_20250527_140002.wav,2727.0,MINI06_20250527_140002.wav,3.0,Red-winged Blackbird,rewbla,0.1493,1.0,RWBL,conklaree,narrow-mouthed toads,1.0,combined_annotations.csv
219317,Spectrogram 1,1,1292660.0,1292663.0,0.0,12000.0,E:\2025 King Rail Project\Choctaw_WMA_2025 Data\MINI06_20250527_180002.wav,930.0,MINI06_20250527_180002.wav,3.0,Red-winged Blackbird,rewbla,0.1827,1.0,RWBL,jeer,,1.0,combined_annotations.csv
219421,Spectrogram 1,1,1297350.0,1297353.0,0.0,12000.0,E:\2025 King Rail Project\Choctaw_WMA_2025 Data\MINI06_20250527_190002.wav,2022.0,MINI06_20250527_190002.wav,3.0,Red-winged Blackbird,rewbla,0.482,1.0,,,,1.0,combined_annotations.csv
219438,Spectrogram 1,1,1298385.0,1298388.0,0.0,12000.0,E:\2025 King Rail Project\Choctaw_WMA_2025 Data\MINI06_20250527_190002.wav,3057.0,MINI06_20250527_190002.wav,3.0,Red-winged Blackbird,rewbla,0.5691,1.0,RWBL,conklaree,,1.0,combined_annotations.csv
4,Spectrogram 1,1,21.0,24.0,0.0,12000.0,E:\2025 King Rail Project\2025 ARU Data Annotated For King Rail Project\Lattimore1 SMA06000\Lattimore1Data20250326to20250707\SMA06000_20250326_193100.wav,21.0,SMA06000_20250326_193100.wav,3.0,Red-winged Blackbird,rewbla,0.2162,1.0,RWBL,,rain,1.0,combined_annotations.csv
34,Spectrogram 1,1,318.0,321.0,0.0,12000.0,E:\2025 King Rail Project\2025 ARU Data Annotated For King Rail Project\Lattimore1 SMA06000\Lattimore1Data20250326to20250707\SMA06000_20250326_193100.wav,318.0,SMA06000_20250326_193100.wav,3.0,Red-winged Blackbird,rewbla,0.3213,1.0,RWBL,conklaree,rain,1.0,combined_annotations.csv
35,Spectrogram 1,1,321.0,324.0,0.0,12000.0,E:\2025 King Rail Project\2025 ARU Data Annotated For King Rail Project\Lattimore1 SMA06000\Lattimore1Data20250326to20250707\SMA06000_20250326_193100.wav,321.0,SMA06000_20250326_193100.wav,3.0,Red-winged Blackbird,rewbla,0.1146,1.0,RWBL,,,1.0,combined_annotations.csv
48,Spectrogram 1,1,381.0,384.0,0.0,12000.0,E:\2025 King Rail Project\2025 ARU Data Annotated For King Rail Project\Lattimore1 SMA06000\Lattimore1Data20250326to20250707\SMA06000_20250326_193100.wav,381.0,SMA06000_20250326_193100.wav,3.0,Virginia Rail,virrai,0.4222,0.0,RWBL,pink,rain,1.0,combined_annotations.csv
49,Spectrogram 1,1,384.0,387.0,0.0,12000.0,E:\2025 King Rail Project\2025 ARU Data Annotated For King Rail Project\Lattimore1 SMA06000\Lattimore1Data20250326to20250707\SMA06000_20250326_193100.wav,384.0,SMA06000_20250326_193100.wav,3.0,Virginia Rail,virrai,0.2418,0.0,,,,1.0,combined_annotations.csv
50,Spectrogram 1,1,384.0,387.0,0.0,12000.0,E:\2025 King Rail Project\2025 ARU Data Annotated For King Rail Project\Lattimore1 SMA06000\Lattimore1Data20250326to20250707\SMA06000_20250326_193100.wav,384.0,SMA06000_20250326_193100.wav,3.0,Red-winged Blackbird,rewbla,0.1067,1.0,RWBL,pink,,1.0,combined_annotations.csv
51,Spectrogram 1,1,387.0,390.0,0.0,12000.0,E:\2025 King Rail Project\2025 ARU Data Annotated For King Rail Project\Lattimore1 SMA06000\Lattimore1Data20250326to20250707\SMA06000_20250326_193100.wav,387.0,SMA06000_20250326_193100.wav,3.0,Virginia Rail,virrai,0.339,0.0,RWBL,pink,"pink plus conklaree, rain",1.0,combined_annotations.csv
52,Spectrogram 1,1,387.0,390.0,0.0,12000.0,E:\2025 King Rail Project\2025 ARU Data Annotated For King Rail Project\Lattimore1 SMA06000\Lattimore1Data20250326to20250707\SMA06000_20250326_193100.wav,387.0,SMA06000_20250326_193100.wav,3.0,Common Gallinule,comgal1,0.1512,0.0,,,rain,1.0,combined_annotations.csv
53,Spectrogram 1,1,387.0,390.0,0.0,12000.0,E:\2025 King Rail Project\2025 ARU Data Annotated For King Rail Project\Lattimore1 SMA06000\Lattimore1Data20250326to20250707\SMA06000_20250326_193100.wav,387.0,SMA06000_20250326_193100.wav,3.0,Least Bittern,leabit,0.1193,0.0,,,rain,1.0,combined_annotations.csv
54,Spectrogram 1,1,390.0,393.0,0.0,12000.0,E:\2025 King Rail Project\2025 ARU Data Annotated For King Rail Project\Lattimore1 SMA06000\Lattimore1Data20250326to20250707\SMA06000_20250326_193100.wav,390.0,SMA06000_20250326_193100.wav,3.0,Virginia Rail,virrai,0.228,0.0,RWBL,pink,rain,1.0,combined_annotations.csv
55,Spectrogram 1,1,393.0,396.0,0.0,12000.0,E:\2025 King Rail Project\2025 ARU Data Annotated For King Rail Project\Lattimore1 SMA06000\Lattimore1Data20250326to20250707\SMA06000_20250326_193100.wav,393.0,SMA06000_20250326_193100.wav,3.0,Virginia Rail,virrai,0.4028,0.0,RWBL,pink,rain,1.0,combined_annotations.csv
58,Spectrogram 1,1,402.0,405.0,0.0,12000.0,E:\2025 King Rail Project\2025 ARU Data Annotated For King Rail Project\Lattimore1 SMA06000\Lattimore1Data20250326to20250707\SMA06000_20250326_193100.wav,402.0,SMA06000_20250326_193100.wav,3.0,King Rail,kinrai4,0.1055,0.0,,,rain,1.0,combined_annotations.csv
172,Spectrogram 1,1,828.0,831.0,0.0,12000.0,E:\2025 King Rail Project\2025 ARU Data Annotated For King Rail Project\Lattimore1 SMA06000\Lattimore1Data20250326to20250707\SMA06000_20250326_193100.wav,828.0,SMA06000_20250326_193100.wav,3.0,Common Gallinule,comgal1,0.1386,0.0,,,rain,1.0,combined_annotations.csv
173,Spectrogram 1,1,828.0,831.0,0.0,12000.0,E:\2025 King Rail Project\2025 ARU Data Annotated For King Rail Project\Lattimore1 SMA06000\Lattimore1Data20250326to20250707\SMA06000_20250326_193100.wav,828.0,SMA06000_20250326_193100.wav,3.0,King Rail,kinrai4,0.1377,0.0,,,rain,1.0,combined_annotations.csv
174,Spectrogram 1,1,828.0,831.0,0.0,12000.0,E:\2025 King Rail Project\2025 ARU Data Annotated For King Rail Project\Lattimore1 SMA06000\Lattimore1Data20250326to20250707\SMA06000_20250326_193100.wav,828.0,SMA06000_20250326_193100.wav,3.0,Least Bittern,leabit,0.1174,0.0,,,rain,1.0,combined_annotations.csv
192,Spectrogram 1,1,963.0,966.0,0.0,12000.0,E:\2025 King Rail Project\2025 ARU Data Annotated For King Rail Project\Lattimore1 SMA06000\Lattimore1Data20250326to20250707\SMA06000_20250326_193100.wav,963.0,SMA06000_20250326_193100.wav,3.0,American Bittern,amebit,0.1477,0.0,,,rain,1.0,combined_annotations.csv
195,Spectrogram 1,1,993.0,996.0,0.0,12000.0,E:\2025 King Rail Project\2025 ARU Data Annotated For King Rail Project\Lattimore1 SMA06000\Lattimore1Data20250326to20250707\SMA06000_20250326_193100.wav,993.0,SMA06000_20250326_193100.wav,3.0,Least Bittern,leabit,0.1681,0.0,,,rain,1.0,combined_annotations.csv
3270,Spectrogram 1,1,42342.0,42345.0,0.0,12000.0,E:\2025 King Rail Project\2025 ARU Data Annotated For King Rail Project\Lattimore1 SMA06000\Lattimore1Data20250326to20250707\SMA06000_20250402_193800.wav,342.0,SMA06000_20250402_193800.wav,3.0,King Rail,kinrai4,0.1032,0.0,,,,1.0,combined_annotations.csv
8438,Spectrogram 1,1,72216.0,72219.0,0.0,12000.0,E:\2025 King Rail Project\2025 ARU Data Annotated For King Rail Project\Lattimore1 SMA06000\Lattimore1Data20250326to20250707\SMA06000_20250407_194400.wav,216.0,SMA06000_20250407_194400.wav,3.0,Red-winged Blackbird,rewbla,0.8408,1.0,RWBL,,,1.0,combined_annotations.csv
8521,Spectrogram 1,1,72498.0,72501.0,0.0,12000.0,E:\2025 King Rail Project\2025 ARU Data Annotated For King Rail Project\Lattimore1 SMA06000\Lattimore1Data20250326to20250707\SMA06000_20250407_194400.wav,498.0,SMA06000_20250407_194400.wav,3.0,Red-winged Blackbird,rewbla,0.5835,1.0,,,,1.0,combined_annotations.csv
8522,Spectrogram 1,1,72498.0,72501.0,0.0,12000.0,E:\2025 King Rail Project\2025 ARU Data Annotated For King Rail Project\Lattimore1 SMA06000\Lattimore1Data20250326to20250707\SMA06000_20250407_194400.wav,498.0,SMA06000_20250407_194400.wav,3.0,Least Bittern,leabit,0.1252,0.0,,,,1.0,combined_annotations.csv
8523,Spectrogram 1,1,72501.0,72504.0,0.0,12000.0,E:\2025 King Rail Project\2025 ARU Data Annotated For King Rail Project\Lattimore1 SMA06000\Lattimore1Data20250326to20250707\SMA06000_20250407_194400.wav,501.0,SMA06000_20250407_194400.wav,3.0,Red-winged Blackbird,rewbla,0.696,1.0,,,,1.0,combined_annotations.csv
8525,Spectrogram 1,1,72507.0,72510.0,0.0,12000.0,E:\2025 King Rail Project\2025 ARU Data Annotated For King Rail Project\Lattimore1 SMA06000\Lattimore1Data20250326to20250707\SMA06000_20250407_194400.wav,507.0,SMA06000_20250407_194400.wav,3.0,Red-winged Blackbird,rewbla,0.8209,1.0,,,,1.0,combined_annotations.csv
8526,Spectrogram 1,1,72510.0,72513.0,0.0,12000.0,E:\2025 King Rail Project\2025 ARU Data Annotated For King Rail Project\Lattimore1 SMA06000\Lattimore1Data20250326to20250707\SMA06000_20250407_194400.wav,510.0,SMA06000_20250407_194400.wav,3.0,Red-winged Blackbird,rewbla,0.7593,1.0,,,,1.0,combined_annotations.csv
8527,Spectrogram 1,1,72510.0,72513.0,0.0,12000.0,E:\2025 King Rail Project\2025 ARU Data Annotated For King Rail Project\Lattimore1 SMA06000\Lattimore1Data20250326to20250707\SMA06000_20250407_194400.wav,510.0,SMA06000_20250407_194400.wav,3.0,Least Bittern,leabit,0.1264,0.0,,,,1.0,combined_annotations.csv
8528,Spectrogram 1,1,72513.0,72516.0,0.0,12000.0,E:\2025 King Rail Project\2025 ARU Data Annotated For King Rail Project\Lattimore1 SMA06000\Lattimore1Data20250326to20250707\SMA06000_20250407_194400.wav,513.0,SMA06000_20250407_194400.wav,3.0,Red-winged Blackbird,rewbla,0.6885,1.0,,,,1.0,combined_annotations.csv
10453,Spectrogram 1,1,87522.0,87525.0,0.0,12000.0,E:\2025 King Rail Project\2025 ARU Data Annotated For King Rail Project\Lattimore1 SMA06000\Lattimore1Data20250326to20250707\SMA06000_20250410_040000.wav,1122.0,SMA06000_20250410_040000.wav,3.0,Least Bittern,leabit,0.4711,0.0,,,,1.0,combined_annotations.csv
11495,Spectrogram 1,1,89808.0,89811.0,0.0,12000.0,E:\2025 King Rail Project\2025 ARU Data Annotated For King Rail Project\Lattimore1 SMA06000\Lattimore1Data20250326to20250707\SMA06000_20250410_064000.wav,2208.0,SMA06000_20250410_064000.wav,3.0,Red-winged Blackbird,rewbla,0.1691,1.0,RWBL,jeer,rain,1.0,combined_annotations.csv
11833,Spectrogram 1,1,91212.0,91215.0,0.0,12000.0,E:\2025 King Rail Project\2025 ARU Data Annotated For King Rail Project\Lattimore1 SMA06000\Lattimore1Data20250326to20250707\SMA06000_20250410_194700.wav,1212.0,SMA06000_20250410_194700.wav,3.0,Red-winged Blackbird,rewbla,0.1458,1.0,,,,1.0,combined_annotations.csv
11834,Spectrogram 1,1,91212.0,91215.0,0.0,12000.0,E:\2025 King Rail Project\2025 ARU Data Annotated For King Rail Project\Lattimore1 SMA06000\Lattimore1Data20250326to20250707\SMA06000_20250410_194700.wav,1212.0,SMA06000_20250410_194700.wav,3.0,Least Bittern,leabit,0.1214,0.0,,,,1.0,combined_annotations.csv
11835,Spectrogram 1,1,91218.0,91221.0,0.0,12000.0,E:\2025 King Rail Project\2025 ARU Data Annotated For King Rail Project\Lattimore1 SMA06000\Lattimore1Data20250326to20250707\SMA06000_20250410_194700.wav,1218.0,SMA06000_20250410_194700.wav,3.0,Virginia Rail,virrai,0.652,0.0,,,,1.0,combined_annotations.csv
11836,Spectrogram 1,1,91218.0,91221.0,0.0,12000.0,E:\2025 King Rail Project\2025 ARU Data Annotated For King Rail Project\Lattimore1 SMA06000\Lattimore1Data20250326to20250707\SMA06000_20250410_194700.wav,1218.0,SMA06000_20250410_194700.wav,3.0,Swamp Sparrow,swaspa,0.3453,1.0,,,,1.0,combined_annotations.csv
21719,Spectrogram 1,1,130131.0,130134.0,0.0,12000.0,E:\2025 King Rail Project\2025 ARU Data Annotated For King Rail Project\Lattimore1 SMA06000\Lattimore1Data20250326to20250707\SMA06000_20250417_062900.wav,531.0,SMA06000_20250417_062900.wav,3.0,Swamp Sparrow,swaspa,0.5993,,,,,1.0,combined_annotations.csv
21839,Spectrogram 1,1,130473.0,130476.0,0.0,12000.0,E:\2025 King Rail Project\2025 ARU Data Annotated For King Rail Project\Lattimore1 SMA06000\Lattimore1Data20250326to20250707\SMA06000_20250417_062900.wav,873.0,SMA06000_20250417_062900.wav,3.0,Virginia Rail,virrai,0.4381,0.0,,,,1.0,combined_annotations.csv
21842,Spectrogram 1,1,130479.0,130482.0,0.0,12000.0,E:\2025 King Rail Project\2025 ARU Data Annotated For King Rail Project\Lattimore1 SMA06000\Lattimore1Data20250326to20250707\SMA06000_20250417_062900.wav,879.0,SMA06000_20250417_062900.wav,3.0,Virginia Rail,virrai,0.9202,0.0,,,,1.0,combined_annotations.csv
21847,Spectrogram 1,1,130494.0,130497.0,0.0,12000.0,E:\2025 King Rail Project\2025 ARU Data Annotated For King Rail Project\Lattimore1 SMA06000\Lattimore1Data20250326to20250707\SMA06000_20250417_062900.wav,894.0,SMA06000_20250417_062900.wav,3.0,Virginia Rail,virrai,0.8625,0.0,,,,1.0,combined_annotations.csv
21850,Spectrogram 1,1,130503.0,130506.0,0.0,12000.0,E:\2025 King Rail Project\2025 ARU Data Annotated For King Rail Project\Lattimore1 SMA06000\Lattimore1Data20250326to20250707\SMA06000_20250417_062900.wav,903.0,SMA06000_20250417_062900.wav,3.0,Virginia Rail,virrai,0.8642,0.0,,,,1.0,combined_annotations.csv
22084,Spectrogram 1,1,131094.0,131097.0,0.0,12000.0,E:\2025 King Rail Project\2025 ARU Data Annotated For King Rail Project\Lattimore1 SMA06000\Lattimore1Data20250326to20250707\SMA06000_20250417_062900.wav,1494.0,SMA06000_20250417_062900.wav,3.0,American Bittern,amebit,0.1736,,,,,1.0,combined_annotations.csv
22205,Spectrogram 1,1,131403.0,131406.0,0.0,12000.0,E:\2025 King Rail Project\2025 ARU Data Annotated For King Rail Project\Lattimore1 SMA06000\Lattimore1Data20250326to20250707\SMA06000_20250417_062900.wav,1803.0,SMA06000_20250417_062900.wav,3.0,Red-winged Blackbird,rewbla,0.2213,1.0,RWBL,,,1.0,combined_annotations.csv
22207,Spectrogram 1,1,131412.0,131415.0,0.0,12000.0,E:\2025 King Rail Project\2025 ARU Data Annotated For King Rail Project\Lattimore1 SMA06000\Lattimore1Data20250326to20250707\SMA06000_20250417_062900.wav,1812.0,SMA06000_20250417_062900.wav,3.0,Red-winged Blackbird,rewbla,0.4701,1.0,,,,1.0,combined_annotations.csv
22208,Spectrogram 1,1,131415.0,131418.0,0.0,12000.0,E:\2025 King Rail Project\2025 ARU Data Annotated For King Rail Project\Lattimore1 SMA06000\Lattimore1Data20250326to20250707\SMA06000_20250417_062900.wav,1815.0,SMA06000_20250417_062900.wav,3.0,Red-winged Blackbird,rewbla,0.4821,1.0,RWBL,check,,1.0,combined_annotations.csv
22209,Spectrogram 1,1,131415.0,131418.0,0.0,12000.0,E:\2025 King Rail Project\2025 ARU Data Annotated For King Rail Project\Lattimore1 SMA06000\Lattimore1Data20250326to20250707\SMA06000_20250417_062900.wav,1815.0,SMA06000_20250417_062900.wav,3.0,King Rail,kinrai4,0.1019,0.0,,,RWBL,1.0,combined_annotations.csv
32108,Spectrogram 1,1,174600.0,174603.0,0.0,12000.0,E:\2025 King Rail Project\2025 ARU Data Annotated For King Rail Project\Lattimore1 SMA06000\Lattimore1Data20250326to20250707\SMA06000_20250424_200200.wav,600.0,SMA06000_20250424_200200.wav,3.0,Virginia Rail,virrai,0.938,0.0,,,,1.0,combined_annotations.csv
32109,Spectrogram 1,1,174600.0,174603.0,0.0,12000.0,E:\2025 King Rail Project\2025 ARU Data Annotated For King Rail Project\Lattimore1 SMA06000\Lattimore1Data20250326to20250707\SMA06000_20250424_200200.wav,600.0,SMA06000_20250424_200200.wav,3.0,Least Bittern,leabit,0.1425,0.0,,,,1.0,combined_annotations.csv
40503,Spectrogram 1,1,210897.0,210900.0,0.0,12000.0,E:\2025 King Rail Project\2025 ARU Data Annotated For King Rail Project\Lattimore1 SMA06000\Lattimore1Data20250326to20250707\SMA06000_20250430_200900.wav,897.0,SMA06000_20250430_200900.wav,3.0,Least Bittern,leabit,0.2397,0.0,,,,1.0,combined_annotations.csv
40504,Spectrogram 1,1,210897.0,210900.0,0.0,12000.0,E:\2025 King Rail Project\2025 ARU Data Annotated For King Rail Project\Lattimore1 SMA06000\Lattimore1Data20250326to20250707\SMA06000_20250430_200900.wav,897.0,SMA06000_20250430_200900.wav,3.0,King Rail,kinrai4,0.1173,0.0,,,,1.0,combined_annotations.csv
40640,Spectrogram 1,1,211872.0,211875.0,0.0,12000.0,E:\2025 King Rail Project\2025 ARU Data Annotated For King Rail Project\Lattimore1 SMA06000\Lattimore1Data20250326to20250707\SMA06000_20250430_200900.wav,1872.0,SMA06000_20250430_200900.wav,3.0,King Rail,kinrai4,0.1255,0.0,,,,1.0,combined_annotations.csv
41482,Spectrogram 1,1,216236.0267,216239.0267,0.0,12000.0,E:\2025 King Rail Project\2025 ARU Data Annotated For King Rail Project\Lattimore1 SMA06000\Lattimore1Data20250326to20250707\SMA06000_20250501_201000.wav,378.0,SMA06000_20250501_201000.wav,3.0,King Rail,kinrai4,0.352,0.0,,,label for training,1.0,combined_annotations.csv
41483,Spectrogram 1,1,216236.0267,216239.0267,0.0,12000.0,E:\2025 King Rail Project\2025 ARU Data Annotated For King Rail Project\Lattimore1 SMA06000\Lattimore1Data20250326to20250707\SMA06000_20250501_201000.wav,378.0,SMA06000_20250501_201000.wav,3.0,Red-winged Blackbird,rewbla,0.1193,1.0,RWBL,check,,1.0,combined_annotations.csv
41484,Spectrogram 1,1,216236.0267,216239.0267,0.0,12000.0,E:\2025 King Rail Project\2025 ARU Data Annotated For King Rail Project\Lattimore1 SMA06000\Lattimore1Data20250326to20250707\SMA06000_20250501_201000.wav,378.0,SMA06000_20250501_201000.wav,3.0,Sora,sora,0.1183,0.0,,,,1.0,combined_annotations.csv
41485,Spectrogram 1,1,216236.0267,216239.0267,0.0,12000.0,E:\2025 King Rail Project\2025 ARU Data Annotated For King Rail Project\Lattimore1 SMA06000\Lattimore1Data20250326to20250707\SMA06000_20250501_201000.wav,378.0,SMA06000_20250501_201000.wav,3.0,Least Bittern,leabit,0.1032,0.0,,,,1.0,combined_annotations.csv
41486,Spectrogram 1,1,216239.0267,216242.0267,0.0,12000.0,E:\2025 King Rail Project\2025 ARU Data Annotated For King Rail Project\Lattimore1 SMA06000\Lattimore1Data20250326to20250707\SMA06000_20250501_201000.wav,381.0,SMA06000_20250501_201000.wav,3.0,King Rail,kinrai4,0.1825,0.0,,,,1.0,combined_annotations.csv
41487,Spectrogram 1,1,216239.0267,216242.0267,0.0,12000.0,E:\2025 King Rail Project\2025 ARU Data Annotated For King Rail Project\Lattimore1 SMA06000\Lattimore1Data20250326to20250707\SMA06000_20250501_201000.wav,381.0,SMA06000_20250501_201000.wav,3.0,Least Bittern,leabit,0.1474,0.0,,,,1.0,combined_annotations.csv
41489,Spectrogram 1,1,216242.0267,216245.0267,0.0,12000.0,E:\2025 King Rail Project\2025 ARU Data Annotated For King Rail Project\Lattimore1 SMA06000\Lattimore1Data20250326to20250707\SMA06000_20250501_201000.wav,384.0,SMA06000_20250501_201000.wav,3.0,King Rail,kinrai4,0.2093,0.0,,,,1.0,combined_annotations.csv
41490,Spectrogram 1,1,216242.0267,216245.0267,0.0,12000.0,E:\2025 King Rail Project\2025 ARU Data Annotated For King Rail Project\Lattimore1 SMA06000\Lattimore1Data20250326to20250707\SMA06000_20250501_201000.wav,384.0,SMA06000_20250501_201000.wav,3.0,Red-winged Blackbird,rewbla,0.1059,1.0,RWBL,Multiple,,1.0,combined_annotations.csv
43112,Spectrogram 1,1,223010.0267,223013.0267,0.0,12000.0,E:\2025 King Rail Project\2025 ARU Data Annotated For King Rail Project\Lattimore1 SMA06000\Lattimore1Data20250326to20250707\SMA06000_20250502_201100.wav,1152.0,SMA06000_20250502_201100.wav,3.0,American Bittern,amebit,0.1364,0.0,,,,1.0,combined_annotations.csv
49224,Spectrogram 1,1,254186.0267,254189.0267,0.0,12000.0,E:\2025 King Rail Project\2025 ARU Data Annotated For King Rail Project\Lattimore1 SMA06000\Lattimore1Data20250326to20250707\SMA06000_20250507_201600.wav,2328.0,SMA06000_20250507_201600.wav,3.0,King Rail,kinrai4,0.3605,1.0,KIRA,kek,,1.0,combined_annotations.csv
49225,Spectrogram 1,1,254186.0267,254189.0267,0.0,12000.0,E:\2025 King Rail Project\2025 ARU Data Annotated For King Rail Project\Lattimore1 SMA06000\Lattimore1Data20250326to20250707\SMA06000_20250507_201600.wav,2328.0,SMA06000_20250507_201600.wav,3.0,Least Bittern,leabit,0.1346,0.0,,,,1.0,combined_annotations.csv
49240,Spectrogram 1,1,254213.0267,254216.0267,0.0,12000.0,E:\2025 King Rail Project\2025 ARU Data Annotated For King Rail Project\Lattimore1 SMA06000\Lattimore1Data20250326to20250707\SMA06000_20250507_201600.wav,2355.0,SMA06000_20250507_201600.wav,3.0,King Rail,kinrai4,0.2154,1.0,KIRA,grunt,,1.0,combined_annotations.csv
49241,Spectrogram 1,1,254213.0267,254216.0267,0.0,12000.0,E:\2025 King Rail Project\2025 ARU Data Annotated For King Rail Project\Lattimore1 SMA06000\Lattimore1Data20250326to20250707\SMA06000_20250507_201600.wav,2355.0,SMA06000_20250507_201600.wav,3.0,Least Bittern,leabit,0.184,0.0,,,,1.0,combined_annotations.csv
49242,Spectrogram 1,1,254216.0267,254219.0267,0.0,12000.0,E:\2025 King Rail Project\2025 ARU Data Annotated For King Rail Project\Lattimore1 SMA06000\Lattimore1Data20250326to20250707\SMA06000_20250507_201600.wav,2358.0,SMA06000_20250507_201600.wav,3.0,King Rail,kinrai4,0.1151,1.0,KIRA,grunt,,1.0,combined_annotations.csv
49258,Spectrogram 1,1,254480.0267,254483.0267,0.0,12000.0,E:\2025 King Rail Project\2025 ARU Data Annotated For King Rail Project\Lattimore1 SMA06000\Lattimore1Data20250326to20250707\SMA06000_20250508_040000.wav,222.0,SMA06000_20250508_040000.wav,3.0,King Rail,kinrai4,0.2634,1.0,KIRA,kek,,1.0,combined_annotations.csv
49260,Spectrogram 1,1,254507.0267,254510.0267,0.0,12000.0,E:\2025 King Rail Project\2025 ARU Data Annotated For King Rail Project\Lattimore1 SMA06000\Lattimore1Data20250326to20250707\SMA06000_20250508_040000.wav,249.0,SMA06000_20250508_040000.wav,3.0,King Rail,kinrai4,0.1332,1.0,KIRA,grunt,clean,1.0,combined_annotations.csv
49261,Spectrogram 1,1,254552.0267,254555.0267,0.0,12000.0,E:\2025 King Rail Project\2025 ARU Data Annotated For King Rail Project\Lattimore1 SMA06000\Lattimore1Data20250326to20250707\SMA06000_20250508_040000.wav,294.0,SMA06000_20250508_040000.wav,3.0,King Rail,kinrai4,0.3362,1.0,KIRA,kek burr,,1.0,combined_annotations.csv
49262,Spectrogram 1,1,254759.0267,254762.0267,0.0,12000.0,E:\2025 King Rail Project\2025 ARU Data Annotated For King Rail Project\Lattimore1 SMA06000\Lattimore1Data20250326to20250707\SMA06000_20250508_040000.wav,501.0,SMA06000_20250508_040000.wav,3.0,King Rail,kinrai4,0.1484,1.0,KIRA,kek,,1.0,combined_annotations.csv
49265,Spectrogram 1,1,254945.0267,254948.0267,0.0,12000.0,E:\2025 King Rail Project\2025 ARU Data Annotated For King Rail Project\Lattimore1 SMA06000\Lattimore1Data20250326to20250707\SMA06000_20250508_040000.wav,687.0,SMA06000_20250508_040000.wav,3.0,King Rail,kinrai4,0.1276,1.0,KIRA,grunt,clean,1.0,combined_annotations.csv
49266,Spectrogram 1,1,255020.0267,255023.0267,0.0,12000.0,E:\2025 King Rail Project\2025 ARU Data Annotated For King Rail Project\Lattimore1 SMA06000\Lattimore1Data20250326to20250707\SMA06000_20250508_040000.wav,762.0,SMA06000_20250508_040000.wav,3.0,King Rail,kinrai4,0.3633,1.0,KIRA,kek,clean,1.0,combined_annotations.csv
49268,Spectrogram 1,1,255083.0267,255086.0267,0.0,12000.0,E:\2025 King Rail Project\2025 ARU Data Annotated For King Rail Project\Lattimore1 SMA06000\Lattimore1Data20250326to20250707\SMA06000_20250508_040000.wav,825.0,SMA06000_20250508_040000.wav,3.0,King Rail,kinrai4,0.293,1.0,KIRA,grunt,clean,1.0,combined_annotations.csv
49270,Spectrogram 1,1,255086.0267,255089.0267,0.0,12000.0,E:\2025 King Rail Project\2025 ARU Data Annotated For King Rail Project\Lattimore1 SMA06000\Lattimore1Data20250326to20250707\SMA06000_20250508_040000.wav,828.0,SMA06000_20250508_040000.wav,3.0,King Rail,kinrai4,0.1222,1.0,KIRA,grunt,clean,1.0,combined_annotations.csv
57215,Spectrogram 1,1,296153.0267,296156.0267,0.0,12000.0,E:\2025 King Rail Project\2025 ARU Data Annotated For King Rail Project\Lattimore1 SMA06000\Lattimore1Data20250326to20250707\SMA06000_20250514_202300.wav,2295.0,SMA06000_20250514_202300.wav,3.0,American Bittern,amebit,0.142,0.0,,,,1.0,combined_annotations.csv
57216,Spectrogram 1,1,296153.0267,296156.0267,0.0,12000.0,E:\2025 King Rail Project\2025 ARU Data Annotated For King Rail Project\Lattimore1 SMA06000\Lattimore1Data20250326to20250707\SMA06000_20250514_202300.wav,2295.0,SMA06000_20250514_202300.wav,3.0,Least Bittern,leabit,0.109,0.0,,,,1.0,combined_annotations.csv
59933,Spectrogram 1,1,307535.0267,307538.0267,0.0,12000.0,E:\2025 King Rail Project\2025 ARU Data Annotated For King Rail Project\Lattimore1 SMA06000\Lattimore1Data20250326to20250707\SMA06000_20250516_202500.wav,1677.0,SMA06000_20250516_202500.wav,3.0,Least Bittern,leabit,0.1557,0.0,,,rain,1.0,combined_annotations.csv
59934,Spectrogram 1,1,307538.0267,307541.0267,0.0,12000.0,E:\2025 King Rail Project\2025 ARU Data Annotated For King Rail Project\Lattimore1 SMA06000\Lattimore1Data20250326to20250707\SMA06000_20250516_202500.wav,1680.0,SMA06000_20250516_202500.wav,3.0,Least Bittern,leabit,0.1348,0.0,,,,1.0,combined_annotations.csv
60330,Spectrogram 1,1,310451.0267,310454.0267,0.0,12000.0,E:\2025 King Rail Project\2025 ARU Data Annotated For King Rail Project\Lattimore1 SMA06000\Lattimore1Data20250326to20250707\SMA06000_20250517_055100.wav,993.0,SMA06000_20250517_055100.wav,3.0,American Bittern,amebit,0.1083,0.0,,,rain,1.0,combined_annotations.csv
60761,Spectrogram 1,1,312299.0267,312302.0267,0.0,12000.0,E:\2025 King Rail Project\2025 ARU Data Annotated For King Rail Project\Lattimore1 SMA06000\Lattimore1Data20250326to20250707\SMA06000_20250517_202600.wav,441.0,SMA06000_20250517_202600.wav,3.0,King Rail,kinrai4,0.1281,0.0,,,rain,1.0,combined_annotations.csv
60762,Spectrogram 1,1,312299.0267,312302.0267,0.0,12000.0,E:\2025 King Rail Project\2025 ARU Data Annotated For King Rail Project\Lattimore1 SMA06000\Lattimore1Data20250326to20250707\SMA06000_20250517_202600.wav,441.0,SMA06000_20250517_202600.wav,3.0,Least Bittern,leabit,0.1278,0.0,,,rain,1.0,combined_annotations.csv
60763,Spectrogram 1,1,312299.0267,312302.0267,0.0,12000.0,E:\2025 King Rail Project\2025 ARU Data Annotated For King Rail Project\Lattimore1 SMA06000\Lattimore1Data20250326to20250707\SMA06000_20250517_202600.wav,441.0,SMA06000_20250517_202600.wav,3.0,Willow Flycatcher,wilfly,0.1174,0.0,,,rain,1.0,combined_annotations.csv
73448,Spectrogram 1,1,383089.2747,383092.2747,0.0,12000.0,E:\2025 King Rail Project\2025 ARU Data Annotated For King Rail Project\Lattimore1 SMA06000\Lattimore1Data20250326to20250707\SMA06000_20250529_054200.wav,1782.0,SMA06000_20250529_054200.wav,3.0,King Rail,kinrai4,0.1405,0.0,,,,1.0,combined_annotations.csv
73449,Spectrogram 1,1,383089.2747,383092.2747,0.0,12000.0,E:\2025 King Rail Project\2025 ARU Data Annotated For King Rail Project\Lattimore1 SMA06000\Lattimore1Data20250326to20250707\SMA06000_20250529_054200.wav,1782.0,SMA06000_20250529_054200.wav,3.0,Least Bittern,leabit,0.1051,0.0,,,,1.0,combined_annotations.csv
79088,Spectrogram 1,1,407152.2747,407155.2747,0.0,12000.0,E:\2025 King Rail Project\2025 ARU Data Annotated For King Rail Project\Lattimore1 SMA06000\Lattimore1Data20250326to20250707\SMA06000_20250602_054000.wav,1845.0,SMA06000_20250602_054000.wav,3.0,Least Bittern,leabit,0.1672,0.0,,,,1.0,combined_annotations.csv
79089,Spectrogram 1,1,407152.2747,407155.2747,0.0,12000.0,E:\2025 King Rail Project\2025 ARU Data Annotated For King Rail Project\Lattimore1 SMA06000\Lattimore1Data20250326to20250707\SMA06000_20250602_054000.wav,1845.0,SMA06000_20250602_054000.wav,3.0,Red-winged Blackbird,rewbla,0.1628,1.0,,,,1.0,combined_annotations.csv
79090,Spectrogram 1,1,407152.2747,407155.2747,0.0,12000.0,E:\2025 King Rail Project\2025 ARU Data Annotated For King Rail Project\Lattimore1 SMA06000\Lattimore1Data20250326to20250707\SMA06000_20250602_054000.wav,1845.0,SMA06000_20250602_054000.wav,3.0,Willow Flycatcher,wilfly,0.1068,0.0,,,,1.0,combined_annotations.csv
80083,Spectrogram 1,1,409786.2747,409789.2747,0.0,12000.0,E:\2025 King Rail Project\2025 ARU Data Annotated For King Rail Project\Lattimore1 SMA06000\Lattimore1Data20250326to20250707\SMA06000_20250602_204000.wav,2079.0,SMA06000_20250602_204000.wav,3.0,Red-winged Blackbird,rewbla,0.5753,1.0,RWBL,cheer-type call,,1.0,combined_annotations.csv
94804,Spectrogram 1,1,492287.024,492290.024,0.0,12000.0,E:\2025 King Rail Project\2025 ARU Data Annotated For King Rail Project\Lattimore1 SMA06000\Lattimore1Data20250326to20250707\SMA06000_20250616_204800.wav,786.0,SMA06000_20250616_204800.wav,3.0,Least Bittern,leabit,0.167,0.0,,,,1.0,combined_annotations.csv
94805,Spectrogram 1,1,492287.024,492290.024,0.0,12000.0,E:\2025 King Rail Project\2025 ARU Data Annotated For King Rail Project\Lattimore1 SMA06000\Lattimore1Data20250326to20250707\SMA06000_20250616_204800.wav,786.0,SMA06000_20250616_204800.wav,3.0,Red-winged Blackbird,rewbla,0.1346,1.0,RWBL,,,1.0,combined_annotations.csv
95851,Spectrogram 1,1,497600.024,497603.024,0.0,12000.0,E:\2025 King Rail Project\2025 ARU Data Annotated For King Rail Project\Lattimore1 SMA06000\Lattimore1Data20250326to20250707\SMA06000_20250617_204800.wav,99.0,SMA06000_20250617_204800.wav,3.0,Least Bittern,leabit,0.8528,1.0,,,,1.0,combined_annotations.csv
96430,Spectrogram 1,1,499415.024,499418.024,0.0,12000.0,E:\2025 King Rail Project\2025 ARU Data Annotated For King Rail Project\Lattimore1 SMA06000\Lattimore1Data20250326to20250707\SMA06000_20250617_204800.wav,1914.0,SMA06000_20250617_204800.wav,3.0,Red-winged Blackbird,rewbla,0.2336,1.0,,,,1.0,combined_annotations.csv
97401,Spectrogram 1,1,504215.024,504218.024,0.0,12000.0,E:\2025 King Rail Project\2025 ARU Data Annotated For King Rail Project\Lattimore1 SMA06000\Lattimore1Data20250326to20250707\SMA06000_20250618_204800.wav,714.0,SMA06000_20250618_204800.wav,3.0,Red-winged Blackbird,rewbla,0.1752,1.0,,,,1.0,combined_annotations.csv
97402,Spectrogram 1,1,504215.024,504218.024,0.0,12000.0,E:\2025 King Rail Project\2025 ARU Data Annotated For King Rail Project\Lattimore1 SMA06000\Lattimore1Data20250326to20250707\SMA06000_20250618_204800.wav,714.0,SMA06000_20250618_204800.wav,3.0,Least Bittern,leabit,0.1279,0.0,,,,1.0,combined_annotations.csv
99680,Spectrogram 1,1,516836.024,516839.024,0.0,12000.0,E:\2025 King Rail Project\2025 ARU Data Annotated For King Rail Project\Lattimore1 SMA06000\Lattimore1Data20250326to20250707\SMA06000_20250620_204900.wav,1335.0,SMA06000_20250620_204900.wav,3.0,Least Bittern,leabit,0.3781,0.0,,,,1.0,combined_annotations.csv
99681,Spectrogram 1,1,516836.024,516839.024,0.0,12000.0,E:\2025 King Rail Project\2025 ARU Data Annotated For King Rail Project\Lattimore1 SMA06000\Lattimore1Data20250326to20250707\SMA06000_20250620_204900.wav,1335.0,SMA06000_20250620_204900.wav,3.0,King Rail,kinrai4,0.1097,0.0,,,,1.0,combined_annotations.csv
102671,Spectrogram 1,1,533759.024,533762.024,0.0,12000.0,E:\2025 King Rail Project\2025 ARU Data Annotated For King Rail Project\Lattimore1 SMA06000\Lattimore1Data20250326to20250707\SMA06000_20250623_205000.wav,258.0,SMA06000_20250623_205000.wav,3.0,Virginia Rail,virrai,0.9111,0.0,,,,1.0,combined_annotations.csv
102672,Spectrogram 1,1,533759.024,533762.024,0.0,12000.0,E:\2025 King Rail Project\2025 ARU Data Annotated For King Rail Project\Lattimore1 SMA06000\Lattimore1Data20250326to20250707\SMA06000_20250623_205000.wav,258.0,SMA06000_20250623_205000.wav,3.0,Least Bittern,leabit,0.2908,0.0,,,,1.0,combined_annotations.csv
102673,Spectrogram 1,1,533759.024,533762.024,0.0,12000.0,E:\2025 King Rail Project\2025 ARU Data Annotated For King Rail Project\Lattimore1 SMA06000\Lattimore1Data20250326to20250707\SMA06000_20250623_205000.wav,258.0,SMA06000_20250623_205000.wav,3.0,King Rail,kinrai4,0.2141,0.0,,,,1.0,combined_annotations.csv
102674,Spectrogram 1,1,533759.024,533762.024,0.0,12000.0,E:\2025 King Rail Project\2025 ARU Data Annotated For King Rail Project\Lattimore1 SMA06000\Lattimore1Data20250326to20250707\SMA06000_20250623_205000.wav,258.0,SMA06000_20250623_205000.wav,3.0,Marsh Wren,marwre,0.1332,1.0,,,,1.0,combined_annotations.csv
104523,Spectrogram 1,1,541736.024,541739.024,0.0,12000.0,E:\2025 King Rail Project\2025 ARU Data Annotated For King Rail Project\Lattimore1 SMA06000\Lattimore1Data20250326to20250707\SMA06000_20250624_205000.wav,2235.0,SMA06000_20250624_205000.wav,3.0,Virginia Rail,virrai,0.9091,0.0,,,,1.0,combined_annotations.csv
104524,Spectrogram 1,1,541736.024,541739.024,0.0,12000.0,E:\2025 King Rail Project\2025 ARU Data Annotated For King Rail Project\Lattimore1 SMA06000\Lattimore1Data20250326to20250707\SMA06000_20250624_205000.wav,2235.0,SMA06000_20250624_205000.wav,3.0,Least Bittern,leabit,0.2992,0.0,,,,1.0,combined_annotations.csv
108301,Spectrogram 1,1,565526.024,565529.024,0.0,12000.0,E:\2025 King Rail Project\2025 ARU Data Annotated For King Rail Project\Lattimore1 SMA06000\Lattimore1Data20250326to20250707\SMA06000_20250628_205000.wav,2025.0,SMA06000_20250628_205000.wav,3.0,Virginia Rail,virrai,0.2201,0.0,,,,1.0,combined_annotations.csv
108302,Spectrogram 1,1,565526.024,565529.024,0.0,12000.0,E:\2025 King Rail Project\2025 ARU Data Annotated For King Rail Project\Lattimore1 SMA06000\Lattimore1Data20250326to20250707\SMA06000_20250628_205000.wav,2025.0,SMA06000_20250628_205000.wav,3.0,American Bittern,amebit,0.1365,0.0,,,,1.0,combined_annotations.csv
108303,Spectrogram 1,1,565526.024,565529.024,0.0,12000.0,E:\2025 King Rail Project\2025 ARU Data Annotated For King Rail Project\Lattimore1 SMA06000\Lattimore1Data20250326to20250707\SMA06000_20250628_205000.wav,2025.0,SMA06000_20250628_205000.wav,3.0,Least Bittern,leabit,0.1027,0.0,,,,1.0,combined_annotations.csv
108304,Spectrogram 1,1,565529.024,565532.024,0.0,12000.0,E:\2025 King Rail Project\2025 ARU Data Annotated For King Rail Project\Lattimore1 SMA06000\Lattimore1Data20250326to20250707\SMA06000_20250628_205000.wav,2028.0,SMA06000_20250628_205000.wav,3.0,Virginia Rail,virrai,0.8635,0.0,,,,1.0,combined_annotations.csv
108305,Spectrogram 1,1,565529.024,565532.024,0.0,12000.0,E:\2025 King Rail Project\2025 ARU Data Annotated For King Rail Project\Lattimore1 SMA06000\Lattimore1Data20250326to20250707\SMA06000_20250628_205000.wav,2028.0,SMA06000_20250628_205000.wav,3.0,King Rail,kinrai4,0.1526,0.0,,,,1.0,combined_annotations.csv
108306,Spectrogram 1,1,565529.024,565532.024,0.0,12000.0,E:\2025 King Rail Project\2025 ARU Data Annotated For King Rail Project\Lattimore1 SMA06000\Lattimore1Data20250326to20250707\SMA06000_20250628_205000.wav,2028.0,SMA06000_20250628_205000.wav,3.0,Least Bittern,leabit,0.1087,0.0,,,,1.0,combined_annotations.csv
109520,Spectrogram 1,1,571676.024,571679.024,0.0,12000.0,E:\2025 King Rail Project\2025 ARU Data Annotated For King Rail Project\Lattimore1 SMA06000\Lattimore1Data20250326to20250707\SMA06000_20250629_205000.wav,2175.0,SMA06000_20250629_205000.wav,3.0,Virginia Rail,virrai,0.7759,0.0,,,,1.0,combined_annotations.csv
113024,Spectrogram 1,1,589496.024,589499.024,0.0,12000.0,E:\2025 King Rail Project\2025 ARU Data Annotated For King Rail Project\Lattimore1 SMA06000\Lattimore1Data20250326to20250707\SMA06000_20250702_204900.wav,1995.0,SMA06000_20250702_204900.wav,3.0,Least Bittern,leabit,0.2183,0.0,,,,1.0,combined_annotations.csv
113025,Spectrogram 1,1,589496.024,589499.024,0.0,12000.0,E:\2025 King Rail Project\2025 ARU Data Annotated For King Rail Project\Lattimore1 SMA06000\Lattimore1Data20250326to20250707\SMA06000_20250702_204900.wav,1995.0,SMA06000_20250702_204900.wav,3.0,King Rail,kinrai4,0.1318,0.0,,,,1.0,combined_annotations.csv
113026,Spectrogram 1,1,589496.024,589499.024,0.0,12000.0,E:\2025 King Rail Project\2025 ARU Data Annotated For King Rail Project\Lattimore1 SMA06000\Lattimore1Data20250326to20250707\SMA06000_20250702_204900.wav,1995.0,SMA06000_20250702_204900.wav,3.0,Red-winged Blackbird,rewbla,0.1259,1.0,,,,1.0,combined_annotations.csv
113746,Spectrogram 1,1,592703.024,592706.024,0.0,12000.0,E:\2025 King Rail Project\2025 ARU Data Annotated For King Rail Project\Lattimore1 SMA06000\Lattimore1Data20250326to20250707\SMA06000_20250703_054300.wav,1602.0,SMA06000_20250703_054300.wav,3.0,Least Bittern,leabit,0.323,0.0,,,,1.0,combined_annotations.csv
113747,Spectrogram 1,1,592703.024,592706.024,0.0,12000.0,E:\2025 King Rail Project\2025 ARU Data Annotated For King Rail Project\Lattimore1 SMA06000\Lattimore1Data20250326to20250707\SMA06000_20250703_054300.wav,1602.0,SMA06000_20250703_054300.wav,3.0,King Rail,kinrai4,0.116,0.0,,,,1.0,combined_annotations.csv
113748,Spectrogram 1,1,592703.024,592706.024,0.0,12000.0,E:\2025 King Rail Project\2025 ARU Data Annotated For King Rail Project\Lattimore1 SMA06000\Lattimore1Data20250326to20250707\SMA06000_20250703_054300.wav,1602.0,SMA06000_20250703_054300.wav,3.0,American Bittern,amebit,0.1128,0.0,,,FP from check + frog,1.0,combined_annotations.csv
114220,Spectrogram 1,1,593894.024,593897.024,0.0,12000.0,E:\2025 King Rail Project\2025 ARU Data Annotated For King Rail Project\Lattimore1 SMA06000\Lattimore1Data20250326to20250707\SMA06000_20250703_204900.wav,393.0,SMA06000_20250703_204900.wav,3.0,King Rail,kinrai4,0.3983,0.0,,,,1.0,combined_annotations.csv
114663,Spectrogram 1,1,597521.024,597524.024,0.0,12000.0,E:\2025 King Rail Project\2025 ARU Data Annotated For King Rail Project\Lattimore1 SMA06000\Lattimore1Data20250326to20250707\SMA06000_20250704_054400.wav,420.0,SMA06000_20250704_054400.wav,3.0,King Rail,kinrai4,0.3413,0.0,,,,1.0,combined_annotations.csv
114664,Spectrogram 1,1,597521.024,597524.024,0.0,12000.0,E:\2025 King Rail Project\2025 ARU Data Annotated For King Rail Project\Lattimore1 SMA06000\Lattimore1Data20250326to20250707\SMA06000_20250704_054400.wav,420.0,SMA06000_20250704_054400.wav,3.0,Least Bittern,leabit,0.2825,0.0,,,,1.0,combined_annotations.csv
114665,Spectrogram 1,1,597521.024,597524.024,0.0,12000.0,E:\2025 King Rail Project\2025 ARU Data Annotated For King Rail Project\Lattimore1 SMA06000\Lattimore1Data20250326to20250707\SMA06000_20250704_054400.wav,420.0,SMA06000_20250704_054400.wav,3.0,Virginia Rail,virrai,0.2338,0.0,,,,1.0,combined_annotations.csv
114666,Spectrogram 1,1,597521.024,597524.024,0.0,12000.0,E:\2025 King Rail Project\2025 ARU Data Annotated For King Rail Project\Lattimore1 SMA06000\Lattimore1Data20250326to20250707\SMA06000_20250704_054400.wav,420.0,SMA06000_20250704_054400.wav,3.0,Swamp Sparrow,swaspa,0.1136,1.0,,,,1.0,combined_annotations.csv
115632,Spectrogram 1,1,601322.024,601325.024,0.0,12000.0,E:\2025 King Rail Project\2025 ARU Data Annotated For King Rail Project\Lattimore1 SMA06000\Lattimore1Data20250326to20250707\SMA06000_20250704_204900.wav,1821.0,SMA06000_20250704_204900.wav,3.0,Least Bittern,leabit,0.3775,0.0,,,,1.0,combined_annotations.csv
115633,Spectrogram 1,1,601322.024,601325.024,0.0,12000.0,E:\2025 King Rail Project\2025 ARU Data Annotated For King Rail Project\Lattimore1 SMA06000\Lattimore1Data20250326to20250707\SMA06000_20250704_204900.wav,1821.0,SMA06000_20250704_204900.wav,3.0,Red-winged Blackbird,rewbla,0.1073,1.0,,,,1.0,combined_annotations.csv
116188,Spectrogram 1,1,603830.024,603833.024,0.0,12000.0,E:\2025 King Rail Project\2025 ARU Data Annotated For King Rail Project\Lattimore1 SMA06000\Lattimore1Data20250326to20250707\SMA06000_20250705_054400.wav,729.0,SMA06000_20250705_054400.wav,3.0,King Rail,kinrai4,0.428,0.0,,,messy clip. FP likely noise,1.0,combined_annotations.csv
116848,Spectrogram 1,1,605678.024,605681.024,0.0,12000.0,E:\2025 King Rail Project\2025 ARU Data Annotated For King Rail Project\Lattimore1 SMA06000\Lattimore1Data20250326to20250707\SMA06000_20250705_204900.wav,177.0,SMA06000_20250705_204900.wav,3.0,Red-winged Blackbird,rewbla,0.1696,1.0,,,,1.0,combined_annotations.csv
116849,Spectrogram 1,1,605678.024,605681.024,0.0,12000.0,E:\2025 King Rail Project\2025 ARU Data Annotated For King Rail Project\Lattimore1 SMA06000\Lattimore1Data20250326to20250707\SMA06000_20250705_204900.wav,177.0,SMA06000_20250705_204900.wav,3.0,Least Bittern,leabit,0.1179,0.0,,,,1.0,combined_annotations.csv
117730,Spectrogram 1,1,611390.024,611393.024,0.0,12000.0,E:\2025 King Rail Project\2025 ARU Data Annotated For King Rail Project\Lattimore1 SMA06000\Lattimore1Data20250326to20250707\SMA06000_20250706_054500.wav,2289.0,SMA06000_20250706_054500.wav,3.0,Swamp Sparrow,swaspa,0.6192,1.0,,,,1.0,combined_annotations.csv
117731,Spectrogram 1,1,611390.024,611393.024,0.0,12000.0,E:\2025 King Rail Project\2025 ARU Data Annotated For King Rail Project\Lattimore1 SMA06000\Lattimore1Data20250326to20250707\SMA06000_20250706_054500.wav,2289.0,SMA06000_20250706_054500.wav,3.0,King Rail,kinrai4,0.1938,0.0,,,,1.0,combined_annotations.csv
117778,Spectrogram 1,1,611762.024,611765.024,0.0,12000.0,E:\2025 King Rail Project\2025 ARU Data Annotated For King Rail Project\Lattimore1 SMA06000\Lattimore1Data20250326to20250707\SMA06000_20250706_204800.wav,261.0,SMA06000_20250706_204800.wav,3.0,Least Bittern,leabit,0.1421,0.0,,,,1.0,combined_annotations.csv
117842,Spectrogram 1,1,612332.024,612335.024,0.0,12000.0,E:\2025 King Rail Project\2025 ARU Data Annotated For King Rail Project\Lattimore1 SMA06000\Lattimore1Data20250326to20250707\SMA06000_20250706_204800.wav,831.0,SMA06000_20250706_204800.wav,3.0,Least Bittern,leabit,0.4204,0.0,,,,1.0,combined_annotations.csv
117843,Spectrogram 1,1,612332.024,612335.024,0.0,12000.0,E:\2025 King Rail Project\2025 ARU Data Annotated For King Rail Project\Lattimore1 SMA06000\Lattimore1Data20250326to20250707\SMA06000_20250706_204800.wav,831.0,SMA06000_20250706_204800.wav,3.0,Red-winged Blackbird,rewbla,0.1385,1.0,,,,1.0,combined_annotations.csv
117844,Spectrogram 1,1,612341.024,612344.024,0.0,12000.0,E:\2025 King Rail Project\2025 ARU Data Annotated For King Rail Project\Lattimore1 SMA06000\Lattimore1Data20250326to20250707\SMA06000_20250706_204800.wav,840.0,SMA06000_20250706_204800.wav,3.0,American Bittern,amebit,0.1197,0.0,,,,1.0,combined_annotations.csv
117845,Spectrogram 1,1,612341.024,612344.024,0.0,12000.0,E:\2025 King Rail Project\2025 ARU Data Annotated For King Rail Project\Lattimore1 SMA06000\Lattimore1Data20250326to20250707\SMA06000_20250706_204800.wav,840.0,SMA06000_20250706_204800.wav,3.0,Swamp Sparrow,swaspa,0.1139,1.0,,,,1.0,combined_annotations.csv
117846,Spectrogram 1,1,612347.024,612350.024,0.0,12000.0,E:\2025 King Rail Project\2025 ARU Data Annotated For King Rail Project\Lattimore1 SMA06000\Lattimore1Data20250326to20250707\SMA06000_20250706_204800.wav,846.0,SMA06000_20250706_204800.wav,3.0,Red-winged Blackbird,rewbla,0.2023,1.0,,,,1.0,combined_annotations.csv
117980,Spectrogram 1,1,615764.024,615767.024,0.0,12000.0,E:\2025 King Rail Project\2025 ARU Data Annotated For King Rail Project\Lattimore1 SMA06000\Lattimore1Data20250326to20250707\SMA06000_20250707_054600.wav,663.0,SMA06000_20250707_054600.wav,3.0,Least Bittern,leabit,0.2551,0.0,,,,1.0,combined_annotations.csv
117981,Spectrogram 1,1,615764.024,615767.024,0.0,12000.0,E:\2025 King Rail Project\2025 ARU Data Annotated For King Rail Project\Lattimore1 SMA06000\Lattimore1Data20250326to20250707\SMA06000_20250707_054600.wav,663.0,SMA06000_20250707_054600.wav,3.0,Red-winged Blackbird,rewbla,0.1611,1.0,,,,1.0,combined_annotations.csv
118698,Spectrogram 1,1,91215.00561,91217.98696,0.0,12000.0,E:\2025 King Rail Project\2025 ARU Data Annotated For King Rail Project\Lattimore1 SMA06000\Lattimore1Data20250326to20250707\SMA06000_20250410_194700.wav,1215.0056,SMA06000_20250410_194700.wav,2.9814,Red-winged Blackbird,,,,RWBL,multiple,"jeer (highalarm), jenk, twitter",1.0,combined_annotations.csv
25,Spectrogram 1,1,219.0,222.0,0.0,12000.0,E:\2025 King Rail Project\2025 ARU Data Annotated For King Rail Project\Lattimore2 2MA06246\Lattimore2Data20250404to20250707\2MA06246_20250404_194100.wav,219.0,2MA06246_20250404_194100.wav,3.0,King Rail,kinrai4,0.2055,0.0,,,,1.0,combined_annotations.csv
36,Spectrogram 1,1,318.0,321.0,0.0,12000.0,E:\2025 King Rail Project\2025 ARU Data Annotated For King Rail Project\Lattimore2 2MA06246\Lattimore2Data20250404to20250707\2MA06246_20250404_194100.wav,318.0,2MA06246_20250404_194100.wav,3.0,King Rail,kinrai4,0.1415,0.0,,,,1.0,combined_annotations.csv
50,Spectrogram 1,1,417.0,420.0,0.0,12000.0,E:\2025 King Rail Project\2025 ARU Data Annotated For King Rail Project\Lattimore2 2MA06246\Lattimore2Data20250404to20250707\2MA06246_20250404_194100.wav,417.0,2MA06246_20250404_194100.wav,3.0,Virginia Rail,virrai,0.8628,0.0,,,,1.0,combined_annotations.csv
51,Spectrogram 1,1,420.0,423.0,0.0,12000.0,E:\2025 King Rail Project\2025 ARU Data Annotated For King Rail Project\Lattimore2 2MA06246\Lattimore2Data20250404to20250707\2MA06246_20250404_194100.wav,420.0,2MA06246_20250404_194100.wav,3.0,Virginia Rail,virrai,0.8816,0.0,,,,1.0,combined_annotations.csv
57,Spectrogram 1,1,438.0,441.0,0.0,12000.0,E:\2025 King Rail Project\2025 ARU Data Annotated For King Rail Project\Lattimore2 2MA06246\Lattimore2Data20250404to20250707\2MA06246_20250404_194100.wav,438.0,2MA06246_20250404_194100.wav,3.0,Virginia Rail,virrai,0.7945,0.0,,,,1.0,combined_annotations.csv
94,Spectrogram 1,1,1221.0,1224.0,0.0,12000.0,E:\2025 King Rail Project\2025 ARU Data Annotated For King Rail Project\Lattimore2 2MA06246\Lattimore2Data20250404to20250707\2MA06246_20250404_194100.wav,1221.0,2MA06246_20250404_194100.wav,3.0,King Rail,kinrai4,0.2259,0.0,,,,1.0,combined_annotations.csv
382,Spectrogram 1,1,5415.0,5418.0,0.0,12000.0,E:\2025 King Rail Project\2025 ARU Data Annotated For King Rail Project\Lattimore2 2MA06246\Lattimore2Data20250404to20250707\2MA06246_20250405_064800.wav,1815.0,2MA06246_20250405_064800.wav,3.0,American Bittern,amebit,0.1945,0.0,,,,1.0,combined_annotations.csv
383,Spectrogram 1,1,5415.0,5418.0,0.0,12000.0,E:\2025 King Rail Project\2025 ARU Data Annotated For King Rail Project\Lattimore2 2MA06246\Lattimore2Data20250404to20250707\2MA06246_20250405_064800.wav,1815.0,2MA06246_20250405_064800.wav,3.0,Least Bittern,leabit,0.1798,0.0,,,,1.0,combined_annotations.csv
384,Spectrogram 1,1,5415.0,5418.0,0.0,12000.0,E:\2025 King Rail Project\2025 ARU Data Annotated For King Rail Project\Lattimore2 2MA06246\Lattimore2Data20250404to20250707\2MA06246_20250405_064800.wav,1815.0,2MA06246_20250405_064800.wav,3.0,Sora,sora,0.1382,0.0,,,,1.0,combined_annotations.csv
385,Spectrogram 1,1,5415.0,5418.0,0.0,12000.0,E:\2025 King Rail Project\2025 ARU Data Annotated For King Rail Project\Lattimore2 2MA06246\Lattimore2Data20250404to20250707\2MA06246_20250405_064800.wav,1815.0,2MA06246_20250405_064800.wav,3.0,King Rail,kinrai4,0.1186,0.0,,,,1.0,combined_annotations.csv
737,Spectrogram 1,1,7173.0,7176.0,0.0,12000.0,E:\2025 King Rail Project\2025 ARU Data Annotated For King Rail Project\Lattimore2 2MA06246\Lattimore2Data20250404to20250707\2MA06246_20250405_194200.wav,1173.0,2MA06246_20250405_194200.wav,3.0,Red-winged Blackbird,rewbla,0.3134,1.0,,,,1.0,combined_annotations.csv
738,Spectrogram 1,1,7173.0,7176.0,0.0,12000.0,E:\2025 King Rail Project\2025 ARU Data Annotated For King Rail Project\Lattimore2 2MA06246\Lattimore2Data20250404to20250707\2MA06246_20250405_194200.wav,1173.0,2MA06246_20250405_194200.wav,3.0,King Rail,kinrai4,0.1798,0.0,,,,1.0,combined_annotations.csv
840,Spectrogram 1,1,11025.0,11028.0,0.0,12000.0,E:\2025 King Rail Project\2025 ARU Data Annotated For King Rail Project\Lattimore2 2MA06246\Lattimore2Data20250404to20250707\2MA06246_20250406_064700.wav,1425.0,2MA06246_20250406_064700.wav,3.0,Red-winged Blackbird,rewbla,0.2009,1.0,,,windy,1.0,combined_annotations.csv
841,Spectrogram 1,1,11025.0,11028.0,0.0,12000.0,E:\2025 King Rail Project\2025 ARU Data Annotated For King Rail Project\Lattimore2 2MA06246\Lattimore2Data20250404to20250707\2MA06246_20250406_064700.wav,1425.0,2MA06246_20250406_064700.wav,3.0,Least Bittern,leabit,0.1792,0.0,,,windy,1.0,combined_annotations.csv
842,Spectrogram 1,1,11028.0,11031.0,0.0,12000.0,E:\2025 King Rail Project\2025 ARU Data Annotated For King Rail Project\Lattimore2 2MA06246\Lattimore2Data20250404to20250707\2MA06246_20250406_064700.wav,1428.0,2MA06246_20250406_064700.wav,3.0,King Rail,kinrai4,0.1137,0.0,,,wind clipping,1.0,combined_annotations.csv
843,Spectrogram 1,1,11067.0,11070.0,0.0,12000.0,E:\2025 King Rail Project\2025 ARU Data Annotated For King Rail Project\Lattimore2 2MA06246\Lattimore2Data20250404to20250707\2MA06246_20250406_064700.wav,1467.0,2MA06246_20250406_064700.wav,3.0,Least Bittern,leabit,0.2836,0.0,,,"windy, wind clipping",1.0,combined_annotations.csv
844,Spectrogram 1,1,11067.0,11070.0,0.0,12000.0,E:\2025 King Rail Project\2025 ARU Data Annotated For King Rail Project\Lattimore2 2MA06246\Lattimore2Data20250404to20250707\2MA06246_20250406_064700.wav,1467.0,2MA06246_20250406_064700.wav,3.0,Red-winged Blackbird,rewbla,0.2149,1.0,,,"windy, wind clipping",1.0,combined_annotations.csv
845,Spectrogram 1,1,11070.0,11073.0,0.0,12000.0,E:\2025 King Rail Project\2025 ARU Data Annotated For King Rail Project\Lattimore2 2MA06246\Lattimore2Data20250404to20250707\2MA06246_20250406_064700.wav,1470.0,2MA06246_20250406_064700.wav,3.0,King Rail,kinrai4,0.1277,0.0,,,wind clipping,1.0,combined_annotations.csv
846,Spectrogram 1,1,11070.0,11073.0,0.0,12000.0,E:\2025 King Rail Project\2025 ARU Data Annotated For King Rail Project\Lattimore2 2MA06246\Lattimore2Data20250404to20250707\2MA06246_20250406_064700.wav,1470.0,2MA06246_20250406_064700.wav,3.0,Red-winged Blackbird,rewbla,0.1173,1.0,RWBL,conklaree,wind clipping,1.0,combined_annotations.csv
847,Spectrogram 1,1,11073.0,11076.0,0.0,12000.0,E:\2025 King Rail Project\2025 ARU Data Annotated For King Rail Project\Lattimore2 2MA06246\Lattimore2Data20250404to20250707\2MA06246_20250406_064700.wav,1473.0,2MA06246_20250406_064700.wav,3.0,Red-winged Blackbird,rewbla,0.2924,1.0,RWBL,jeer,,1.0,combined_annotations.csv
894,Spectrogram 1,1,11535.0,11538.0,0.0,12000.0,E:\2025 King Rail Project\2025 ARU Data Annotated For King Rail Project\Lattimore2 2MA06246\Lattimore2Data20250404to20250707\2MA06246_20250406_064700.wav,1935.0,2MA06246_20250406_064700.wav,3.0,King Rail,kinrai4,0.7617,0.0,,,wind clipping,1.0,combined_annotations.csv
895,Spectrogram 1,1,11535.0,11538.0,0.0,12000.0,E:\2025 King Rail Project\2025 ARU Data Annotated For King Rail Project\Lattimore2 2MA06246\Lattimore2Data20250404to20250707\2MA06246_20250406_064700.wav,1935.0,2MA06246_20250406_064700.wav,3.0,Virginia Rail,virrai,0.1494,0.0,,,,1.0,combined_annotations.csv
897,Spectrogram 1,1,11538.0,11541.0,0.0,12000.0,E:\2025 King Rail Project\2025 ARU Data Annotated For King Rail Project\Lattimore2 2MA06246\Lattimore2Data20250404to20250707\2MA06246_20250406_064700.wav,1938.0,2MA06246_20250406_064700.wav,3.0,Least Bittern,leabit,0.1104,0.0,,,,1.0,combined_annotations.csv
902,Spectrogram 1,1,11556.0,11559.0,0.0,12000.0,E:\2025 King Rail Project\2025 ARU Data Annotated For King Rail Project\Lattimore2 2MA06246\Lattimore2Data20250404to20250707\2MA06246_20250406_064700.wav,1956.0,2MA06246_20250406_064700.wav,3.0,King Rail,kinrai4,0.3448,0.0,,,,1.0,combined_annotations.csv
903,Spectrogram 1,1,11556.0,11559.0,0.0,12000.0,E:\2025 King Rail Project\2025 ARU Data Annotated For King Rail Project\Lattimore2 2MA06246\Lattimore2Data20250404to20250707\2MA06246_20250406_064700.wav,1956.0,2MA06246_20250406_064700.wav,3.0,Least Bittern,leabit,0.1451,0.0,,,,1.0,combined_annotations.csv
904,Spectrogram 1,1,11562.0,11565.0,0.0,12000.0,E:\2025 King Rail Project\2025 ARU Data Annotated For King Rail Project\Lattimore2 2MA06246\Lattimore2Data20250404to20250707\2MA06246_20250406_064700.wav,1962.0,2MA06246_20250406_064700.wav,3.0,King Rail,kinrai4,0.4188,0.0,,,,1.0,combined_annotations.csv
905,Spectrogram 1,1,11562.0,11565.0,0.0,12000.0,E:\2025 King Rail Project\2025 ARU Data Annotated For King Rail Project\Lattimore2 2MA06246\Lattimore2Data20250404to20250707\2MA06246_20250406_064700.wav,1962.0,2MA06246_20250406_064700.wav,3.0,Least Bittern,leabit,0.1483,0.0,,,,1.0,combined_annotations.csv
906,Spectrogram 1,1,11562.0,11565.0,0.0,12000.0,E:\2025 King Rail Project\2025 ARU Data Annotated For King Rail Project\Lattimore2 2MA06246\Lattimore2Data20250404to20250707\2MA06246_20250406_064700.wav,1962.0,2MA06246_20250406_064700.wav,3.0,Virginia Rail,virrai,0.1271,0.0,,,,1.0,combined_annotations.csv
938,Spectrogram 1,1,11658.0,11661.0,0.0,12000.0,E:\2025 King Rail Project\2025 ARU Data Annotated For King Rail Project\Lattimore2 2MA06246\Lattimore2Data20250404to20250707\2MA06246_20250406_064700.wav,2058.0,2MA06246_20250406_064700.wav,3.0,King Rail,kinrai4,0.4287,0.0,,,wind clipping,1.0,combined_annotations.csv
939,Spectrogram 1,1,11658.0,11661.0,0.0,12000.0,E:\2025 King Rail Project\2025 ARU Data Annotated For King Rail Project\Lattimore2 2MA06246\Lattimore2Data20250404to20250707\2MA06246_20250406_064700.wav,2058.0,2MA06246_20250406_064700.wav,3.0,Virginia Rail,virrai,0.2128,0.0,,,,1.0,combined_annotations.csv
962,Spectrogram 1,1,11748.0,11751.0,0.0,12000.0,E:\2025 King Rail Project\2025 ARU Data Annotated For King Rail Project\Lattimore2 2MA06246\Lattimore2Data20250404to20250707\2MA06246_20250406_064700.wav,2148.0,2MA06246_20250406_064700.wav,3.0,King Rail,kinrai4,0.6179,0.0,,,wind clipping,1.0,combined_annotations.csv
964,Spectrogram 1,1,11754.0,11757.0,0.0,12000.0,E:\2025 King Rail Project\2025 ARU Data Annotated For King Rail Project\Lattimore2 2MA06246\Lattimore2Data20250404to20250707\2MA06246_20250406_064700.wav,2154.0,2MA06246_20250406_064700.wav,3.0,King Rail,kinrai4,0.5925,0.0,,,windy,1.0,combined_annotations.csv
987,Spectrogram 1,1,11856.0,11859.0,0.0,12000.0,E:\2025 King Rail Project\2025 ARU Data Annotated For King Rail Project\Lattimore2 2MA06246\Lattimore2Data20250404to20250707\2MA06246_20250406_064700.wav,2256.0,2MA06246_20250406_064700.wav,3.0,King Rail,kinrai4,0.3897,0.0,,,,1.0,combined_annotations.csv
988,Spectrogram 1,1,11856.0,11859.0,0.0,12000.0,E:\2025 King Rail Project\2025 ARU Data Annotated For King Rail Project\Lattimore2 2MA06246\Lattimore2Data20250404to20250707\2MA06246_20250406_064700.wav,2256.0,2MA06246_20250406_064700.wav,3.0,Least Bittern,leabit,0.1837,0.0,,,,1.0,combined_annotations.csv
1013,Spectrogram 1,1,11967.0,11970.0,0.0,12000.0,E:\2025 King Rail Project\2025 ARU Data Annotated For King Rail Project\Lattimore2 2MA06246\Lattimore2Data20250404to20250707\2MA06246_20250406_064700.wav,2367.0,2MA06246_20250406_064700.wav,3.0,King Rail,kinrai4,0.4068,0.0,,,,1.0,combined_annotations.csv
1015,Spectrogram 1,1,11973.0,11976.0,0.0,12000.0,E:\2025 King Rail Project\2025 ARU Data Annotated For King Rail Project\Lattimore2 2MA06246\Lattimore2Data20250404to20250707\2MA06246_20250406_064700.wav,2373.0,2MA06246_20250406_064700.wav,3.0,King Rail,kinrai4,0.3658,0.0,,,,1.0,combined_annotations.csv
1102,Spectrogram 1,1,12471.0,12474.0,0.0,12000.0,E:\2025 King Rail Project\2025 ARU Data Annotated For King Rail Project\Lattimore2 2MA06246\Lattimore2Data20250404to20250707\2MA06246_20250406_194300.wav,471.0,2MA06246_20250406_194300.wav,3.0,King Rail,kinrai4,0.6723,0.0,,,,1.0,combined_annotations.csv
1103,Spectrogram 1,1,12471.0,12474.0,0.0,12000.0,E:\2025 King Rail Project\2025 ARU Data Annotated For King Rail Project\Lattimore2 2MA06246\Lattimore2Data20250404to20250707\2MA06246_20250406_194300.wav,471.0,2MA06246_20250406_194300.wav,3.0,Least Bittern,leabit,0.1146,0.0,,,,1.0,combined_annotations.csv
1104,Spectrogram 1,1,12471.0,12474.0,0.0,12000.0,E:\2025 King Rail Project\2025 ARU Data Annotated For King Rail Project\Lattimore2 2MA06246\Lattimore2Data20250404to20250707\2MA06246_20250406_194300.wav,471.0,2MA06246_20250406_194300.wav,3.0,Virginia Rail,virrai,0.1027,0.0,,,,1.0,combined_annotations.csv
2370,Spectrogram 1,1,23307.0,23310.0,0.0,12000.0,E:\2025 King Rail Project\2025 ARU Data Annotated For King Rail Project\Lattimore2 2MA06246\Lattimore2Data20250404to20250707\2MA06246_20250408_064300.wav,1707.0,2MA06246_20250408_064300.wav,3.0,King Rail,kinrai4,0.5539,0.0,,,,1.0,combined_annotations.csv
2493,Spectrogram 1,1,24207.0,24210.0,0.0,12000.0,E:\2025 King Rail Project\2025 ARU Data Annotated For King Rail Project\Lattimore2 2MA06246\Lattimore2Data20250404to20250707\2MA06246_20250408_194500.wav,207.0,2MA06246_20250408_194500.wav,3.0,Red-winged Blackbird,rewbla,0.6175,0.0,,,,1.0,combined_annotations.csv
4344,Spectrogram 1,1,41343.0,41346.0,0.0,12000.0,E:\2025 King Rail Project\2025 ARU Data Annotated For King Rail Project\Lattimore2 2MA06246\Lattimore2Data20250404to20250707\2MA06246_20250411_063800.wav,1743.0,2MA06246_20250411_063800.wav,3.0,Red-winged Blackbird,rewbla,0.7024,1.0,,,,1.0,combined_annotations.csv
4373,Spectrogram 1,1,41439.0,41442.0,0.0,12000.0,E:\2025 King Rail Project\2025 ARU Data Annotated For King Rail Project\Lattimore2 2MA06246\Lattimore2Data20250404to20250707\2MA06246_20250411_063800.wav,1839.0,2MA06246_20250411_063800.wav,3.0,King Rail,kinrai4,0.4195,0.0,,,,1.0,combined_annotations.csv
14630,Spectrogram 1,1,116361.0,116364.0,0.0,12000.0,E:\2025 King Rail Project\2025 ARU Data Annotated For King Rail Project\Lattimore2 2MA06246\Lattimore2Data20250404to20250707\2MA06246_20250423_200100.wav,2361.0,2MA06246_20250423_200100.wav,3.0,Sora,sora,0.9887,1.0,,,,1.0,combined_annotations.csv
15152,Spectrogram 1,1,120414.0,120417.0,0.0,12000.0,E:\2025 King Rail Project\2025 ARU Data Annotated For King Rail Project\Lattimore2 2MA06246\Lattimore2Data20250404to20250707\2MA06246_20250424_200200.wav,414.0,2MA06246_20250424_200200.wav,3.0,King Rail,kinrai4,0.5993,0.0,,,,1.0,combined_annotations.csv
15153,Spectrogram 1,1,120414.0,120417.0,0.0,12000.0,E:\2025 King Rail Project\2025 ARU Data Annotated For King Rail Project\Lattimore2 2MA06246\Lattimore2Data20250404to20250707\2MA06246_20250424_200200.wav,414.0,2MA06246_20250424_200200.wav,3.0,Virginia Rail,virrai,0.1842,0.0,,,,1.0,combined_annotations.csv
16121,Spectrogram 1,1,126015.0,126018.0,0.0,12000.0,E:\2025 King Rail Project\2025 ARU Data Annotated For King Rail Project\Lattimore2 2MA06246\Lattimore2Data20250404to20250707\2MA06246_20250425_200300.wav,15.0,2MA06246_20250425_200300.wav,3.0,King Rail,kinrai4,0.4303,0.0,,,,1.0,combined_annotations.csv
16306,Spectrogram 1,1,126543.0,126546.0,0.0,12000.0,E:\2025 King Rail Project\2025 ARU Data Annotated For King Rail Project\Lattimore2 2MA06246\Lattimore2Data20250404to20250707\2MA06246_20250425_200300.wav,543.0,2MA06246_20250425_200300.wav,3.0,King Rail,kinrai4,0.4302,0.0,,,repeat checks,1.0,combined_annotations.csv
17501,Spectrogram 1,1,132942.0,132945.0,0.0,12000.0,E:\2025 King Rail Project\2025 ARU Data Annotated For King Rail Project\Lattimore2 2MA06246\Lattimore2Data20250404to20250707\2MA06246_20250426_200400.wav,942.0,2MA06246_20250426_200400.wav,3.0,King Rail,kinrai4,0.245,0.0,,,,1.0,combined_annotations.csv
17502,Spectrogram 1,1,132942.0,132945.0,0.0,12000.0,E:\2025 King Rail Project\2025 ARU Data Annotated For King Rail Project\Lattimore2 2MA06246\Lattimore2Data20250404to20250707\2MA06246_20250426_200400.wav,942.0,2MA06246_20250426_200400.wav,3.0,Red-winged Blackbird,rewbla,0.2218,1.0,,,,1.0,combined_annotations.csv
18632,Spectrogram 1,1,138492.0,138495.0,0.0,12000.0,E:\2025 King Rail Project\2025 ARU Data Annotated For King Rail Project\Lattimore2 2MA06246\Lattimore2Data20250404to20250707\2MA06246_20250427_200500.wav,492.0,2MA06246_20250427_200500.wav,3.0,Least Bittern,leabit,0.1544,0.0,,,,1.0,combined_annotations.csv
18633,Spectrogram 1,1,138492.0,138495.0,0.0,12000.0,E:\2025 King Rail Project\2025 ARU Data Annotated For King Rail Project\Lattimore2 2MA06246\Lattimore2Data20250404to20250707\2MA06246_20250427_200500.wav,492.0,2MA06246_20250427_200500.wav,3.0,Red-winged Blackbird,rewbla,0.1279,1.0,,,,1.0,combined_annotations.csv
19582,Spectrogram 1,1,143907.0,143910.0,0.0,12000.0,E:\2025 King Rail Project\2025 ARU Data Annotated For King Rail Project\Lattimore2 2MA06246\Lattimore2Data20250404to20250707\2MA06246_20250428_061300.wav,2307.0,2MA06246_20250428_061300.wav,3.0,Sora,sora,0.9907,1.0,SORA,whinny,,1.0,combined_annotations.csv
20372,Spectrogram 1,1,150186.0,150189.0,0.0,12000.0,E:\2025 King Rail Project\2025 ARU Data Annotated For King Rail Project\Lattimore2 2MA06246\Lattimore2Data20250404to20250707\2MA06246_20250429_200800.wav,186.0,2MA06246_20250429_200800.wav,3.0,Red-winged Blackbird,rewbla,0.8418,1.0,,,,1.0,combined_annotations.csv
20744,Spectrogram 1,1,154047.0,154050.0,0.0,12000.0,E:\2025 King Rail Project\2025 ARU Data Annotated For King Rail Project\Lattimore2 2MA06246\Lattimore2Data20250404to20250707\2MA06246_20250430_061000.wav,447.0,2MA06246_20250430_061000.wav,3.0,King Rail,kinrai4,0.5594,0.0,,,,1.0,combined_annotations.csv
20745,Spectrogram 1,1,154047.0,154050.0,0.0,12000.0,E:\2025 King Rail Project\2025 ARU Data Annotated For King Rail Project\Lattimore2 2MA06246\Lattimore2Data20250404to20250707\2MA06246_20250430_061000.wav,447.0,2MA06246_20250430_061000.wav,3.0,Swamp Sparrow,swaspa,0.258,1.0,,,,1.0,combined_annotations.csv
20746,Spectrogram 1,1,154047.0,154050.0,0.0,12000.0,E:\2025 King Rail Project\2025 ARU Data Annotated For King Rail Project\Lattimore2 2MA06246\Lattimore2Data20250404to20250707\2MA06246_20250430_061000.wav,447.0,2MA06246_20250430_061000.wav,3.0,American Bittern,amebit,0.108,0.0,,,,1.0,combined_annotations.csv
21185,Spectrogram 1,1,156450.0,156453.0,0.0,12000.0,E:\2025 King Rail Project\2025 ARU Data Annotated For King Rail Project\Lattimore2 2MA06246\Lattimore2Data20250404to20250707\2MA06246_20250430_200900.wav,450.0,2MA06246_20250430_200900.wav,3.0,King Rail,kinrai4,0.5163,0.0,,,,1.0,combined_annotations.csv
21825,Spectrogram 1,1,160593.0,160596.0,0.0,12000.0,E:\2025 King Rail Project\2025 ARU Data Annotated For King Rail Project\Lattimore2 2MA06246\Lattimore2Data20250404to20250707\2MA06246_20250501_060900.wav,993.0,2MA06246_20250501_060900.wav,3.0,Sora,sora,0.9011,1.0,,,,1.0,combined_annotations.csv
22158,Spectrogram 1,1,162021.1093,162024.1093,0.0,12000.0,E:\2025 King Rail Project\2025 ARU Data Annotated For King Rail Project\Lattimore2 2MA06246\Lattimore2Data20250404to20250707\2MA06246_20250501_201000.wav,144.0,2MA06246_20250501_201000.wav,3.0,King Rail,kinrai4,0.6876,0.0,,,,1.0,combined_annotations.csv
22566,Spectrogram 1,1,163323.1093,163326.1093,0.0,12000.0,E:\2025 King Rail Project\2025 ARU Data Annotated For King Rail Project\Lattimore2 2MA06246\Lattimore2Data20250404to20250707\2MA06246_20250501_201000.wav,1446.0,2MA06246_20250501_201000.wav,3.0,King Rail,kinrai4,0.5207,0.0,,,,1.0,combined_annotations.csv
22567,Spectrogram 1,1,163323.1093,163326.1093,0.0,12000.0,E:\2025 King Rail Project\2025 ARU Data Annotated For King Rail Project\Lattimore2 2MA06246\Lattimore2Data20250404to20250707\2MA06246_20250501_201000.wav,1446.0,2MA06246_20250501_201000.wav,3.0,Least Bittern,leabit,0.4604,0.0,,,,1.0,combined_annotations.csv
22568,Spectrogram 1,1,163323.1093,163326.1093,0.0,12000.0,E:\2025 King Rail Project\2025 ARU Data Annotated For King Rail Project\Lattimore2 2MA06246\Lattimore2Data20250404to20250707\2MA06246_20250501_201000.wav,1446.0,2MA06246_20250501_201000.wav,3.0,Sora,sora,0.1422,0.0,,,,1.0,combined_annotations.csv
24835,Spectrogram 1,1,174018.1093,174021.1093,0.0,12000.0,E:\2025 King Rail Project\2025 ARU Data Annotated For King Rail Project\Lattimore2 2MA06246\Lattimore2Data20250404to20250707\2MA06246_20250503_201200.wav,141.0,2MA06246_20250503_201200.wav,3.0,Red-winged Blackbird,rewbla,0.3229,1.0,,,,1.0,combined_annotations.csv
24836,Spectrogram 1,1,174018.1093,174021.1093,0.0,12000.0,E:\2025 King Rail Project\2025 ARU Data Annotated For King Rail Project\Lattimore2 2MA06246\Lattimore2Data20250404to20250707\2MA06246_20250503_201200.wav,141.0,2MA06246_20250503_201200.wav,3.0,Sora,sora,0.1548,0.0,,,,1.0,combined_annotations.csv
24837,Spectrogram 1,1,174018.1093,174021.1093,0.0,12000.0,E:\2025 King Rail Project\2025 ARU Data Annotated For King Rail Project\Lattimore2 2MA06246\Lattimore2Data20250404to20250707\2MA06246_20250503_201200.wav,141.0,2MA06246_20250503_201200.wav,3.0,Least Bittern,leabit,0.1304,0.0,,,,1.0,combined_annotations.csv
24838,Spectrogram 1,1,174018.1093,174021.1093,0.0,12000.0,E:\2025 King Rail Project\2025 ARU Data Annotated For King Rail Project\Lattimore2 2MA06246\Lattimore2Data20250404to20250707\2MA06246_20250503_201200.wav,141.0,2MA06246_20250503_201200.wav,3.0,Tree Swallow,treswa,0.1126,0.0,,,,1.0,combined_annotations.csv
26442,Spectrogram 1,1,185724.1093,185727.1093,0.0,12000.0,E:\2025 King Rail Project\2025 ARU Data Annotated For King Rail Project\Lattimore2 2MA06246\Lattimore2Data20250404to20250707\2MA06246_20250505_060400.wav,2247.0,2MA06246_20250505_060400.wav,3.0,King Rail,kinrai4,0.5751,0.0,,,,1.0,combined_annotations.csv
26443,Spectrogram 1,1,185724.1093,185727.1093,0.0,12000.0,E:\2025 King Rail Project\2025 ARU Data Annotated For King Rail Project\Lattimore2 2MA06246\Lattimore2Data20250404to20250707\2MA06246_20250505_060400.wav,2247.0,2MA06246_20250505_060400.wav,3.0,Virginia Rail,virrai,0.1274,0.0,,,,1.0,combined_annotations.csv
30169,Spectrogram 1,1,200064.1093,200067.1093,0.0,12000.0,E:\2025 King Rail Project\2025 ARU Data Annotated For King Rail Project\Lattimore2 2MA06246\Lattimore2Data20250404to20250707\2MA06246_20250507_201600.wav,2187.0,2MA06246_20250507_201600.wav,3.0,American Bittern,amebit,0.1049,0.0,,,,1.0,combined_annotations.csv
30170,Spectrogram 1,1,200067.1093,200070.1093,0.0,12000.0,E:\2025 King Rail Project\2025 ARU Data Annotated For King Rail Project\Lattimore2 2MA06246\Lattimore2Data20250404to20250707\2MA06246_20250507_201600.wav,2190.0,2MA06246_20250507_201600.wav,3.0,Swamp Sparrow,swaspa,0.2945,1.0,,,,1.0,combined_annotations.csv
30171,Spectrogram 1,1,200067.1093,200070.1093,0.0,12000.0,E:\2025 King Rail Project\2025 ARU Data Annotated For King Rail Project\Lattimore2 2MA06246\Lattimore2Data20250404to20250707\2MA06246_20250507_201600.wav,2190.0,2MA06246_20250507_201600.wav,3.0,Virginia Rail,virrai,0.2471,0.0,,,KIRA kek,1.0,combined_annotations.csv
30172,Spectrogram 1,1,200067.1093,200070.1093,0.0,12000.0,E:\2025 King Rail Project\2025 ARU Data Annotated For King Rail Project\Lattimore2 2MA06246\Lattimore2Data20250404to20250707\2MA06246_20250507_201600.wav,2190.0,2MA06246_20250507_201600.wav,3.0,American Bittern,amebit,0.1827,0.0,,,,1.0,combined_annotations.csv
30173,Spectrogram 1,1,200070.1093,200073.1093,0.0,12000.0,E:\2025 King Rail Project\2025 ARU Data Annotated For King Rail Project\Lattimore2 2MA06246\Lattimore2Data20250404to20250707\2MA06246_20250507_201600.wav,2193.0,2MA06246_20250507_201600.wav,3.0,King Rail,kinrai4,0.3318,1.0,KIRA,kek,,1.0,combined_annotations.csv
30174,Spectrogram 1,1,200070.1093,200073.1093,0.0,12000.0,E:\2025 King Rail Project\2025 ARU Data Annotated For King Rail Project\Lattimore2 2MA06246\Lattimore2Data20250404to20250707\2MA06246_20250507_201600.wav,2193.0,2MA06246_20250507_201600.wav,3.0,Virginia Rail,virrai,0.1218,0.0,,,,1.0,combined_annotations.csv
30181,Spectrogram 1,1,200085.1093,200088.1093,0.0,12000.0,E:\2025 King Rail Project\2025 ARU Data Annotated For King Rail Project\Lattimore2 2MA06246\Lattimore2Data20250404to20250707\2MA06246_20250507_201600.wav,2208.0,2MA06246_20250507_201600.wav,3.0,American Bittern,amebit,0.1692,0.0,,,,1.0,combined_annotations.csv
30182,Spectrogram 1,1,200085.1093,200088.1093,0.0,12000.0,E:\2025 King Rail Project\2025 ARU Data Annotated For King Rail Project\Lattimore2 2MA06246\Lattimore2Data20250404to20250707\2MA06246_20250507_201600.wav,2208.0,2MA06246_20250507_201600.wav,3.0,Virginia Rail,virrai,0.1077,0.0,,,"KIRA grunt, double check",1.0,combined_annotations.csv
30186,Spectrogram 1,1,200097.1093,200100.1093,0.0,12000.0,E:\2025 King Rail Project\2025 ARU Data Annotated For King Rail Project\Lattimore2 2MA06246\Lattimore2Data20250404to20250707\2MA06246_20250507_201600.wav,2220.0,2MA06246_20250507_201600.wav,3.0,King Rail,kinrai4,0.3433,1.0,KIRA,grunt,,1.0,combined_annotations.csv
30187,Spectrogram 1,1,200097.1093,200100.1093,0.0,12000.0,E:\2025 King Rail Project\2025 ARU Data Annotated For King Rail Project\Lattimore2 2MA06246\Lattimore2Data20250404to20250707\2MA06246_20250507_201600.wav,2220.0,2MA06246_20250507_201600.wav,3.0,Least Bittern,leabit,0.2591,0.0,,,,1.0,combined_annotations.csv
30188,Spectrogram 1,1,200097.1093,200100.1093,0.0,12000.0,E:\2025 King Rail Project\2025 ARU Data Annotated For King Rail Project\Lattimore2 2MA06246\Lattimore2Data20250404to20250707\2MA06246_20250507_201600.wav,2220.0,2MA06246_20250507_201600.wav,3.0,Common Gallinule,comgal1,0.2118,0.0,,,,1.0,combined_annotations.csv
30189,Spectrogram 1,1,200103.1093,200106.1093,0.0,12000.0,E:\2025 King Rail Project\2025 ARU Data Annotated For King Rail Project\Lattimore2 2MA06246\Lattimore2Data20250404to20250707\2MA06246_20250507_201600.wav,2226.0,2MA06246_20250507_201600.wav,3.0,Eastern Kingbird,easkin,0.1265,1.0,,,,1.0,combined_annotations.csv
30190,Spectrogram 1,1,200106.1093,200109.1093,0.0,12000.0,E:\2025 King Rail Project\2025 ARU Data Annotated For King Rail Project\Lattimore2 2MA06246\Lattimore2Data20250404to20250707\2MA06246_20250507_201600.wav,2229.0,2MA06246_20250507_201600.wav,3.0,King Rail,kinrai4,0.1001,1.0,KIRA,grunt,,1.0,combined_annotations.csv
30192,Spectrogram 1,1,200112.1093,200115.1093,0.0,12000.0,E:\2025 King Rail Project\2025 ARU Data Annotated For King Rail Project\Lattimore2 2MA06246\Lattimore2Data20250404to20250707\2MA06246_20250507_201600.wav,2235.0,2MA06246_20250507_201600.wav,3.0,Virginia Rail,virrai,0.3568,0.0,KIRA,grunt,double check,1.0,combined_annotations.csv
30193,Spectrogram 1,1,200112.1093,200115.1093,0.0,12000.0,E:\2025 King Rail Project\2025 ARU Data Annotated For King Rail Project\Lattimore2 2MA06246\Lattimore2Data20250404to20250707\2MA06246_20250507_201600.wav,2235.0,2MA06246_20250507_201600.wav,3.0,Least Bittern,leabit,0.2968,0.0,,,,1.0,combined_annotations.csv
30194,Spectrogram 1,1,200112.1093,200115.1093,0.0,12000.0,E:\2025 King Rail Project\2025 ARU Data Annotated For King Rail Project\Lattimore2 2MA06246\Lattimore2Data20250404to20250707\2MA06246_20250507_201600.wav,2235.0,2MA06246_20250507_201600.wav,3.0,American Bittern,amebit,0.146,0.0,,,,1.0,combined_annotations.csv
30195,Spectrogram 1,1,200112.1093,200115.1093,0.0,12000.0,E:\2025 King Rail Project\2025 ARU Data Annotated For King Rail Project\Lattimore2 2MA06246\Lattimore2Data20250404to20250707\2MA06246_20250507_201600.wav,2235.0,2MA06246_20250507_201600.wav,3.0,King Rail,kinrai4,0.1065,1.0,KIRA,grunt,,1.0,combined_annotations.csv
30196,Spectrogram 1,1,200115.1093,200118.1093,0.0,12000.0,E:\2025 King Rail Project\2025 ARU Data Annotated For King Rail Project\Lattimore2 2MA06246\Lattimore2Data20250404to20250707\2MA06246_20250507_201600.wav,2238.0,2MA06246_20250507_201600.wav,3.0,Virginia Rail,virrai,0.1931,0.0,,,KIRA grunt,1.0,combined_annotations.csv
30197,Spectrogram 1,1,200115.1093,200118.1093,0.0,12000.0,E:\2025 King Rail Project\2025 ARU Data Annotated For King Rail Project\Lattimore2 2MA06246\Lattimore2Data20250404to20250707\2MA06246_20250507_201600.wav,2238.0,2MA06246_20250507_201600.wav,3.0,Least Bittern,leabit,0.1796,0.0,,,,1.0,combined_annotations.csv
30240,Spectrogram 1,1,200805.1093,200808.1093,0.0,12000.0,E:\2025 King Rail Project\2025 ARU Data Annotated For King Rail Project\Lattimore2 2MA06246\Lattimore2Data20250404to20250707\2MA06246_20250508_040000.wav,528.0,2MA06246_20250508_040000.wav,3.0,King Rail,kinrai4,0.1663,1.0,KIRA,grunt,,1.0,combined_annotations.csv
30241,Spectrogram 1,1,200808.1093,200811.1093,0.0,12000.0,E:\2025 King Rail Project\2025 ARU Data Annotated For King Rail Project\Lattimore2 2MA06246\Lattimore2Data20250404to20250707\2MA06246_20250508_040000.wav,531.0,2MA06246_20250508_040000.wav,3.0,American Bittern,amebit,0.1854,0.0,,,,1.0,combined_annotations.csv
30563,Spectrogram 1,1,202830.1093,202833.1093,0.0,12000.0,E:\2025 King Rail Project\2025 ARU Data Annotated For King Rail Project\Lattimore2 2MA06246\Lattimore2Data20250404to20250707\2MA06246_20250508_060000.wav,1353.0,2MA06246_20250508_060000.wav,3.0,King Rail,kinrai4,0.5848,0.0,,,,1.0,combined_annotations.csv
30564,Spectrogram 1,1,202830.1093,202833.1093,0.0,12000.0,E:\2025 King Rail Project\2025 ARU Data Annotated For King Rail Project\Lattimore2 2MA06246\Lattimore2Data20250404to20250707\2MA06246_20250508_060000.wav,1353.0,2MA06246_20250508_060000.wav,3.0,Virginia Rail,virrai,0.1211,0.0,,,,1.0,combined_annotations.csv
44718,Spectrogram 1,1,283416.1093,283419.1093,0.0,12000.0,E:\2025 King Rail Project\2025 ARU Data Annotated For King Rail Project\Lattimore2 2MA06246\Lattimore2Data20250404to20250707\2MA06246_20250521_203000.wav,1539.0,2MA06246_20250521_203000.wav,3.0,King Rail,kinrai4,0.2612,0.0,,,"rain, file clipping",1.0,combined_annotations.csv
44719,Spectrogram 1,1,283416.1093,283419.1093,0.0,12000.0,E:\2025 King Rail Project\2025 ARU Data Annotated For King Rail Project\Lattimore2 2MA06246\Lattimore2Data20250404to20250707\2MA06246_20250521_203000.wav,1539.0,2MA06246_20250521_203000.wav,3.0,Least Bittern,leabit,0.1291,0.0,,,,1.0,combined_annotations.csv
44720,Spectrogram 1,1,283416.1093,283419.1093,0.0,12000.0,E:\2025 King Rail Project\2025 ARU Data Annotated For King Rail Project\Lattimore2 2MA06246\Lattimore2Data20250404to20250707\2MA06246_20250521_203000.wav,1539.0,2MA06246_20250521_203000.wav,3.0,Red-winged Blackbird,rewbla,0.1176,1.0,,,,1.0,combined_annotations.csv
46652,Spectrogram 1,1,295572.6907,295575.6907,0.0,12000.0,E:\2025 King Rail Project\2025 ARU Data Annotated For King Rail Project\Lattimore2 2MA06246\Lattimore2Data20250404to20250707\2MA06246_20250523_203200.wav,1797.0,2MA06246_20250523_203200.wav,3.0,Virginia Rail,virrai,0.8738,0.0,,,,1.0,combined_annotations.csv
46653,Spectrogram 1,1,295572.6907,295575.6907,0.0,12000.0,E:\2025 King Rail Project\2025 ARU Data Annotated For King Rail Project\Lattimore2 2MA06246\Lattimore2Data20250404to20250707\2MA06246_20250523_203200.wav,1797.0,2MA06246_20250523_203200.wav,3.0,Marsh Wren,marwre,0.1416,1.0,,,,1.0,combined_annotations.csv
46654,Spectrogram 1,1,295572.6907,295575.6907,0.0,12000.0,E:\2025 King Rail Project\2025 ARU Data Annotated For King Rail Project\Lattimore2 2MA06246\Lattimore2Data20250404to20250707\2MA06246_20250523_203200.wav,1797.0,2MA06246_20250523_203200.wav,3.0,Red-winged Blackbird,rewbla,0.1246,1.0,,,,1.0,combined_annotations.csv
51614,Spectrogram 1,1,311883.6907,311886.6907,0.0,12000.0,E:\2025 King Rail Project\2025 ARU Data Annotated For King Rail Project\Lattimore2 2MA06246\Lattimore2Data20250404to20250707\2MA06246_20250526_203500.wav,108.0,2MA06246_20250526_203500.wav,3.0,Red-winged Blackbird,rewbla,0.4007,1.0,,,,1.0,combined_annotations.csv
51859,Spectrogram 1,1,312918.6907,312921.6907,0.0,12000.0,E:\2025 King Rail Project\2025 ARU Data Annotated For King Rail Project\Lattimore2 2MA06246\Lattimore2Data20250404to20250707\2MA06246_20250526_203500.wav,1143.0,2MA06246_20250526_203500.wav,3.0,Red-winged Blackbird,rewbla,0.8757,1.0,RWBL,conklaree,,1.0,combined_annotations.csv
52897,Spectrogram 1,1,317898.6926,317901.6907,0.0,12000.0,E:\2025 King Rail Project\2025 ARU Data Annotated For King Rail Project\Lattimore2 2MA06246\Lattimore2Data20250404to20250707\2MA06246_20250527_203500.wav,123.0019,2MA06246_20250527_203500.wav,2.9981,Red-winged Blackbird,rewbla,0.5103,1.0,,,,1.0,combined_annotations.csv
52898,Spectrogram 1,1,317898.6907,317901.6907,0.0,12000.0,E:\2025 King Rail Project\2025 ARU Data Annotated For King Rail Project\Lattimore2 2MA06246\Lattimore2Data20250404to20250707\2MA06246_20250527_203500.wav,123.0,2MA06246_20250527_203500.wav,3.0,Least Bittern,leabit,0.1385,0.0,,,,1.0,combined_annotations.csv
71695,Spectrogram 1,1,396876.6907,396879.6907,0.0,12000.0,E:\2025 King Rail Project\2025 ARU Data Annotated For King Rail Project\Lattimore2 2MA06246\Lattimore2Data20250404to20250707\2MA06246_20250609_204500.wav,1101.0,2MA06246_20250609_204500.wav,3.0,Swamp Sparrow,swaspa,0.8617,1.0,,,,1.0,combined_annotations.csv
71696,Spectrogram 1,1,396876.6907,396879.6907,0.0,12000.0,E:\2025 King Rail Project\2025 ARU Data Annotated For King Rail Project\Lattimore2 2MA06246\Lattimore2Data20250404to20250707\2MA06246_20250609_204500.wav,1101.0,2MA06246_20250609_204500.wav,3.0,Virginia Rail,virrai,0.1774,0.0,,,,1.0,combined_annotations.csv
74390,Spectrogram 1,1,406434.6907,406437.6907,0.0,12000.0,E:\2025 King Rail Project\2025 ARU Data Annotated For King Rail Project\Lattimore2 2MA06246\Lattimore2Data20250404to20250707\2MA06246_20250611_053800.wav,1059.0,2MA06246_20250611_053800.wav,3.0,Virginia Rail,virrai,0.9189,0.0,,,,1.0,combined_annotations.csv
74391,Spectrogram 1,1,406434.6907,406437.6907,0.0,12000.0,E:\2025 King Rail Project\2025 ARU Data Annotated For King Rail Project\Lattimore2 2MA06246\Lattimore2Data20250404to20250707\2MA06246_20250611_053800.wav,1059.0,2MA06246_20250611_053800.wav,3.0,Tree Swallow,treswa,0.1992,1.0,,,,1.0,combined_annotations.csv
77822,Spectrogram 1,1,427707.6907,427710.6907,0.0,12000.0,E:\2025 King Rail Project\2025 ARU Data Annotated For King Rail Project\Lattimore2 2MA06246\Lattimore2Data20250404to20250707\2MA06246_20250614_204700.wav,1932.0,2MA06246_20250614_204700.wav,3.0,Virginia Rail,virrai,0.8726,0.0,,,why vira?,1.0,combined_annotations.csv
97020,Spectrogram 1,1,499860.6907,499863.6907,0.0,12000.0,E:\2025 King Rail Project\2025 ARU Data Annotated For King Rail Project\Lattimore2 2MA06246\Lattimore2Data20250404to20250707\2MA06246_20250626_205000.wav,2085.0,2MA06246_20250626_205000.wav,3.0,American Bittern,amebit,0.8656,0.0,,,water? rainy,1.0,combined_annotations.csv
112269,Spectrogram 1,1,563760.6907,563763.6907,0.0,12000.0,E:\2025 King Rail Project\2025 ARU Data Annotated For King Rail Project\Lattimore2 2MA06246\Lattimore2Data20250404to20250707\2MA06246_20250707_054600.wav,2385.0,2MA06246_20250707_054600.wav,3.0,Swamp Sparrow,swaspa,0.3476,1.0,,,,1.0,combined_annotations.csv
112270,Spectrogram 1,1,563760.6907,563763.6907,0.0,12000.0,E:\2025 King Rail Project\2025 ARU Data Annotated For King Rail Project\Lattimore2 2MA06246\Lattimore2Data20250404to20250707\2MA06246_20250707_054600.wav,2385.0,2MA06246_20250707_054600.wav,3.0,American Bittern,amebit,0.1186,0.0,,,,1.0,combined_annotations.csv
112271,Spectrogram 1,1,563760.6907,563763.6907,0.0,12000.0,E:\2025 King Rail Project\2025 ARU Data Annotated For King Rail Project\Lattimore2 2MA06246\Lattimore2Data20250404to20250707\2MA06246_20250707_054600.wav,2385.0,2MA06246_20250707_054600.wav,3.0,Least Bittern,leabit,0.1092,0.0,,,,1.0,combined_annotations.csv
112273,Spectrogram 1,1,563766.6907,563769.6907,0.0,12000.0,E:\2025 King Rail Project\2025 ARU Data Annotated For King Rail Project\Lattimore2 2MA06246\Lattimore2Data20250404to20250707\2MA06246_20250707_054600.wav,2391.0,2MA06246_20250707_054600.wav,3.0,Least Bittern,leabit,0.7139,0.0,,,,1.0,combined_annotations.csv
112274,Spectrogram 1,1,563766.6907,563769.6907,0.0,12000.0,E:\2025 King Rail Project\2025 ARU Data Annotated For King Rail Project\Lattimore2 2MA06246\Lattimore2Data20250404to20250707\2MA06246_20250707_054600.wav,2391.0,2MA06246_20250707_054600.wav,3.0,Virginia Rail,virrai,0.1348,0.0,,,,1.0,combined_annotations.csv
3,Spectrogram 1,1,27.0,30.0,0.0,12000.0,E:\2025 King Rail Project\2025 ARU Data Annotated For King Rail Project\NorthLily1 SMA06024\NorthLily1Data20250326to20250707\SMA06024_20250326_193100.wav,27.0,SMA06024_20250326_193100.wav,3.0,American Bittern,amebit,0.2837,0.0,,,,1.0,combined_annotations.csv
4,Spectrogram 1,1,27.0,30.0,0.0,12000.0,E:\2025 King Rail Project\2025 ARU Data Annotated For King Rail Project\NorthLily1 SMA06024\NorthLily1Data20250326to20250707\SMA06024_20250326_193100.wav,27.0,SMA06024_20250326_193100.wav,3.0,Red-winged Blackbird,rewbla,0.1434,1.0,RWBL,multiple,,1.0,combined_annotations.csv
5,Spectrogram 1,1,42.0,45.0,0.0,12000.0,E:\2025 King Rail Project\2025 ARU Data Annotated For King Rail Project\NorthLily1 SMA06024\NorthLily1Data20250326to20250707\SMA06024_20250326_193100.wav,42.0,SMA06024_20250326_193100.wav,3.0,Red-winged Blackbird,rewbla,0.1164,1.0,,,,1.0,combined_annotations.csv
17,Spectrogram 1,1,108.0,111.0,0.0,12000.0,E:\2025 King Rail Project\2025 ARU Data Annotated For King Rail Project\NorthLily1 SMA06024\NorthLily1Data20250326to20250707\SMA06024_20250326_193100.wav,108.0,SMA06024_20250326_193100.wav,3.0,Red-winged Blackbird,rewbla,0.2168,1.0,,,,1.0,combined_annotations.csv
18,Spectrogram 1,1,111.0,114.0,0.0,12000.0,E:\2025 King Rail Project\2025 ARU Data Annotated For King Rail Project\NorthLily1 SMA06024\NorthLily1Data20250326to20250707\SMA06024_20250326_193100.wav,111.0,SMA06024_20250326_193100.wav,3.0,Least Bittern,leabit,0.1342,0.0,,,,1.0,combined_annotations.csv
127,Spectrogram 1,1,1071.0,1074.0,0.0,12000.0,E:\2025 King Rail Project\2025 ARU Data Annotated For King Rail Project\NorthLily1 SMA06024\NorthLily1Data20250326to20250707\SMA06024_20250326_193100.wav,1071.0,SMA06024_20250326_193100.wav,3.0,Red-winged Blackbird,rewbla,0.2091,1.0,,,,1.0,combined_annotations.csv
128,Spectrogram 1,1,1071.0,1074.0,0.0,12000.0,E:\2025 King Rail Project\2025 ARU Data Annotated For King Rail Project\NorthLily1 SMA06024\NorthLily1Data20250326to20250707\SMA06024_20250326_193100.wav,1071.0,SMA06024_20250326_193100.wav,3.0,Marsh Wren,marwre,0.1293,0.0,,,,1.0,combined_annotations.csv
139,Spectrogram 1,1,1194.0,1197.0,0.0,12000.0,E:\2025 King Rail Project\2025 ARU Data Annotated For King Rail Project\NorthLily1 SMA06024\NorthLily1Data20250326to20250707\SMA06024_20250326_193100.wav,1194.0,SMA06024_20250326_193100.wav,3.0,Red-winged Blackbird,rewbla,0.2723,1.0,RWBL,,,1.0,combined_annotations.csv
140,Spectrogram 1,1,1197.0,1200.0,0.0,12000.0,E:\2025 King Rail Project\2025 ARU Data Annotated For King Rail Project\NorthLily1 SMA06024\NorthLily1Data20250326to20250707\SMA06024_20250326_193100.wav,1197.0,SMA06024_20250326_193100.wav,3.0,Red-winged Blackbird,rewbla,0.2083,1.0,RWBL,,,1.0,combined_annotations.csv
141,Spectrogram 1,1,1197.0,1200.0,0.0,12000.0,E:\2025 King Rail Project\2025 ARU Data Annotated For King Rail Project\NorthLily1 SMA06024\NorthLily1Data20250326to20250707\SMA06024_20250326_193100.wav,1197.0,SMA06024_20250326_193100.wav,3.0,Virginia Rail,virrai,0.1001,0.0,,,mall mistaken for grunt?,1.0,combined_annotations.csv
479,Spectrogram 1,1,6693.0,6696.0,0.0,12000.0,E:\2025 King Rail Project\2025 ARU Data Annotated For King Rail Project\NorthLily1 SMA06024\NorthLily1Data20250326to20250707\SMA06024_20250327_193200.wav,693.0,SMA06024_20250327_193200.wav,3.0,Red-winged Blackbird,rewbla,0.1814,1.0,RWBL,multiple,,1.0,combined_annotations.csv
480,Spectrogram 1,1,6696.0,6699.0,0.0,12000.0,E:\2025 King Rail Project\2025 ARU Data Annotated For King Rail Project\NorthLily1 SMA06024\NorthLily1Data20250326to20250707\SMA06024_20250327_193200.wav,696.0,SMA06024_20250327_193200.wav,3.0,American Bittern,amebit,0.1004,0.0,,,,1.0,combined_annotations.csv
581,Spectrogram 1,1,7404.0,7407.0,0.0,12000.0,E:\2025 King Rail Project\2025 ARU Data Annotated For King Rail Project\NorthLily1 SMA06024\NorthLily1Data20250326to20250707\SMA06024_20250327_193200.wav,1404.0,SMA06024_20250327_193200.wav,3.0,Red-winged Blackbird,rewbla,0.5973,1.0,,,,1.0,combined_annotations.csv
1925,Spectrogram 1,1,36426.0,36429.0,0.0,12000.0,E:\2025 King Rail Project\2025 ARU Data Annotated For King Rail Project\NorthLily1 SMA06024\NorthLily1Data20250326to20250707\SMA06024_20250401_193700.wav,426.0,SMA06024_20250401_193700.wav,3.0,Red-winged Blackbird,rewbla,0.1732,1.0,,,,1.0,combined_annotations.csv
1931,Spectrogram 1,1,36531.0,36534.0,0.0,12000.0,E:\2025 King Rail Project\2025 ARU Data Annotated For King Rail Project\NorthLily1 SMA06024\NorthLily1Data20250326to20250707\SMA06024_20250401_193700.wav,531.0,SMA06024_20250401_193700.wav,3.0,Red-winged Blackbird,rewbla,0.1938,1.0,,,,1.0,combined_annotations.csv
1991,Spectrogram 1,1,41319.0,41322.0,0.0,12000.0,E:\2025 King Rail Project\2025 ARU Data Annotated For King Rail Project\NorthLily1 SMA06024\NorthLily1Data20250326to20250707\SMA06024_20250402_065300.wav,1719.0,SMA06024_20250402_065300.wav,3.0,Red-winged Blackbird,rewbla,0.1095,1.0,RWBL,jeer,rain,1.0,combined_annotations.csv
1992,Spectrogram 1,1,41367.0,41370.0,0.0,12000.0,E:\2025 King Rail Project\2025 ARU Data Annotated For King Rail Project\NorthLily1 SMA06024\NorthLily1Data20250326to20250707\SMA06024_20250402_065300.wav,1767.0,SMA06024_20250402_065300.wav,3.0,Red-winged Blackbird,rewbla,0.1175,1.0,RWBL,jeer,,1.0,combined_annotations.csv
2000,Spectrogram 1,1,41547.0,41550.0,0.0,12000.0,E:\2025 King Rail Project\2025 ARU Data Annotated For King Rail Project\NorthLily1 SMA06024\NorthLily1Data20250326to20250707\SMA06024_20250402_065300.wav,1947.0,SMA06024_20250402_065300.wav,3.0,Red-winged Blackbird,rewbla,0.1648,1.0,RWBL,jeer,,1.0,combined_annotations.csv
2047,Spectrogram 1,1,42081.0,42084.0,0.0,12000.0,E:\2025 King Rail Project\2025 ARU Data Annotated For King Rail Project\NorthLily1 SMA06024\NorthLily1Data20250326to20250707\SMA06024_20250402_193800.wav,81.0,SMA06024_20250402_193800.wav,3.0,Common Gallinule,comgal1,0.1569,0.0,,,,1.0,combined_annotations.csv
2048,Spectrogram 1,1,42081.0,42084.0,0.0,12000.0,E:\2025 King Rail Project\2025 ARU Data Annotated For King Rail Project\NorthLily1 SMA06024\NorthLily1Data20250326to20250707\SMA06024_20250402_193800.wav,81.0,SMA06024_20250402_193800.wav,3.0,Red-winged Blackbird,rewbla,0.1068,1.0,RWBL,jenk,,1.0,combined_annotations.csv
2068,Spectrogram 1,1,42165.0,42168.0,0.0,12000.0,E:\2025 King Rail Project\2025 ARU Data Annotated For King Rail Project\NorthLily1 SMA06024\NorthLily1Data20250326to20250707\SMA06024_20250402_193800.wav,165.0,SMA06024_20250402_193800.wav,3.0,Pied-billed Grebe,pibgre,0.2179,1.0,,,,1.0,combined_annotations.csv
2069,Spectrogram 1,1,42165.0,42168.0,0.0,12000.0,E:\2025 King Rail Project\2025 ARU Data Annotated For King Rail Project\NorthLily1 SMA06024\NorthLily1Data20250326to20250707\SMA06024_20250402_193800.wav,165.0,SMA06024_20250402_193800.wav,3.0,Least Bittern,leabit,0.1362,0.0,,,,1.0,combined_annotations.csv
2242,Spectrogram 1,1,42636.0,42639.0,0.0,12000.0,E:\2025 King Rail Project\2025 ARU Data Annotated For King Rail Project\NorthLily1 SMA06024\NorthLily1Data20250326to20250707\SMA06024_20250402_193800.wav,636.0,SMA06024_20250402_193800.wav,3.0,Virginia Rail,virrai,0.6352,0.0,RWBL,,good negative training example,1.0,combined_annotations.csv
2362,Spectrogram 1,1,42936.0,42939.0,0.0,12000.0,E:\2025 King Rail Project\2025 ARU Data Annotated For King Rail Project\NorthLily1 SMA06024\NorthLily1Data20250326to20250707\SMA06024_20250402_193800.wav,936.0,SMA06024_20250402_193800.wav,3.0,Red-winged Blackbird,rewbla,0.6736,1.0,RWBL,jeer,,1.0,combined_annotations.csv
2363,Spectrogram 1,1,42936.0,42939.0,0.0,12000.0,E:\2025 King Rail Project\2025 ARU Data Annotated For King Rail Project\NorthLily1 SMA06024\NorthLily1Data20250326to20250707\SMA06024_20250402_193800.wav,936.0,SMA06024_20250402_193800.wav,3.0,Least Bittern,leabit,0.2421,0.0,,,,1.0,combined_annotations.csv
2802,Spectrogram 1,1,49122.0,49125.0,0.0,12000.0,E:\2025 King Rail Project\2025 ARU Data Annotated For King Rail Project\NorthLily1 SMA06024\NorthLily1Data20250326to20250707\SMA06024_20250403_193900.wav,1122.0,SMA06024_20250403_193900.wav,3.0,Red-winged Blackbird,rewbla,0.7936,1.0,,,,1.0,combined_annotations.csv
4677,Spectrogram 1,1,65721.0,65724.0,0.0,12000.0,E:\2025 King Rail Project\2025 ARU Data Annotated For King Rail Project\NorthLily1 SMA06024\NorthLily1Data20250326to20250707\SMA06024_20250406_064600.wav,2121.0,SMA06024_20250406_064600.wav,3.0,Pied-billed Grebe,pibgre,0.9958,1.0,PBGR,hyena,,1.0,combined_annotations.csv
4678,Spectrogram 1,1,65724.0,65727.0,0.0,12000.0,E:\2025 King Rail Project\2025 ARU Data Annotated For King Rail Project\NorthLily1 SMA06024\NorthLily1Data20250326to20250707\SMA06024_20250406_064600.wav,2124.0,SMA06024_20250406_064600.wav,3.0,Pied-billed Grebe,pibgre,0.9953,1.0,PBGR,,,1.0,combined_annotations.csv
5462,Spectrogram 1,1,73278.0,73281.0,0.0,12000.0,E:\2025 King Rail Project\2025 ARU Data Annotated For King Rail Project\NorthLily1 SMA06024\NorthLily1Data20250326to20250707\SMA06024_20250407_194400.wav,1278.0,SMA06024_20250407_194400.wav,3.0,Red-winged Blackbird,rewbla,0.7671,1.0,,,,1.0,combined_annotations.csv
5989,Spectrogram 1,1,79110.0,79113.0,0.0,12000.0,E:\2025 King Rail Project\2025 ARU Data Annotated For King Rail Project\NorthLily1 SMA06024\NorthLily1Data20250326to20250707\SMA06024_20250408_194500.wav,1110.0,SMA06024_20250408_194500.wav,3.0,Red-winged Blackbird,rewbla,0.4683,1.0,RWBL,conklaree,,1.0,combined_annotations.csv
6000,Spectrogram 1,1,79137.0,79140.0,0.0,12000.0,E:\2025 King Rail Project\2025 ARU Data Annotated For King Rail Project\NorthLily1 SMA06024\NorthLily1Data20250326to20250707\SMA06024_20250408_194500.wav,1137.0,SMA06024_20250408_194500.wav,3.0,Red-winged Blackbird,rewbla,0.6004,1.0,RWBL,conklaree,,1.0,combined_annotations.csv
6001,Spectrogram 1,1,79140.0,79143.0,0.0,12000.0,E:\2025 King Rail Project\2025 ARU Data Annotated For King Rail Project\NorthLily1 SMA06024\NorthLily1Data20250326to20250707\SMA06024_20250408_194500.wav,1140.0,SMA06024_20250408_194500.wav,3.0,Wood Duck,wooduc,0.373,1.0,WODU,,,1.0,combined_annotations.csv
6783,Spectrogram 1,1,90276.0,90279.0,0.0,12000.0,E:\2025 King Rail Project\2025 ARU Data Annotated For King Rail Project\NorthLily1 SMA06024\NorthLily1Data20250326to20250707\SMA06024_20250410_194700.wav,276.0,SMA06024_20250410_194700.wav,3.0,Red-winged Blackbird,rewbla,0.1653,1.0,RWBL,conklaree,,1.0,combined_annotations.csv
12577,Spectrogram 1,1,145590.0,145593.0,0.0,12000.0,E:\2025 King Rail Project\2025 ARU Data Annotated For King Rail Project\NorthLily1 SMA06024\NorthLily1Data20250326to20250707\SMA06024_20250419_195700.wav,1590.0,SMA06024_20250419_195700.wav,3.0,Virginia Rail,virrai,0.132,0.0,,,,1.0,combined_annotations.csv
18669,Spectrogram 1,1,181620.0,181623.0,0.0,12000.0,E:\2025 King Rail Project\2025 ARU Data Annotated For King Rail Project\NorthLily1 SMA06024\NorthLily1Data20250326to20250707\SMA06024_20250425_200300.wav,1620.0,SMA06024_20250425_200300.wav,3.0,King Rail,kinrai4,0.235,0.0,,,,1.0,combined_annotations.csv
18670,Spectrogram 1,1,181620.0,181623.0,0.0,12000.0,E:\2025 King Rail Project\2025 ARU Data Annotated For King Rail Project\NorthLily1 SMA06024\NorthLily1Data20250326to20250707\SMA06024_20250425_200300.wav,1620.0,SMA06024_20250425_200300.wav,3.0,Red-winged Blackbird,rewbla,0.1199,1.0,RWBL,multiple,,1.0,combined_annotations.csv
18671,Spectrogram 1,1,181620.0,181623.0,0.0,12000.0,E:\2025 King Rail Project\2025 ARU Data Annotated For King Rail Project\NorthLily1 SMA06024\NorthLily1Data20250326to20250707\SMA06024_20250425_200300.wav,1620.0,SMA06024_20250425_200300.wav,3.0,American Bittern,amebit,0.1028,0.0,,,,1.0,combined_annotations.csv
20132,Spectrogram 1,1,192951.0,192954.0,0.0,12000.0,E:\2025 King Rail Project\2025 ARU Data Annotated For King Rail Project\NorthLily1 SMA06024\NorthLily1Data20250326to20250707\SMA06024_20250427_200500.wav,951.0,SMA06024_20250427_200500.wav,3.0,Red-winged Blackbird,rewbla,0.536,1.0,RWBL,twitter,,1.0,combined_annotations.csv
20133,Spectrogram 1,1,192951.0,192954.0,0.0,12000.0,E:\2025 King Rail Project\2025 ARU Data Annotated For King Rail Project\NorthLily1 SMA06024\NorthLily1Data20250326to20250707\SMA06024_20250427_200500.wav,951.0,SMA06024_20250427_200500.wav,3.0,Least Bittern,leabit,0.1512,0.0,,,,1.0,combined_annotations.csv
21522,Spectrogram 1,1,202239.0,202242.0,0.0,12000.0,E:\2025 King Rail Project\2025 ARU Data Annotated For King Rail Project\NorthLily1 SMA06024\NorthLily1Data20250326to20250707\SMA06024_20250429_061100.wav,639.0,SMA06024_20250429_061100.wav,3.0,Red-winged Blackbird,rewbla,0.3082,1.0,RWBL,jeer,,1.0,combined_annotations.csv
21523,Spectrogram 1,1,202239.0,202242.0,0.0,12000.0,E:\2025 King Rail Project\2025 ARU Data Annotated For King Rail Project\NorthLily1 SMA06024\NorthLily1Data20250326to20250707\SMA06024_20250429_061100.wav,639.0,SMA06024_20250429_061100.wav,3.0,Least Bittern,leabit,0.1439,0.0,,,,1.0,combined_annotations.csv
23325,Spectrogram 1,1,223698.0,223701.0,0.0,12000.0,E:\2025 King Rail Project\2025 ARU Data Annotated For King Rail Project\NorthLily1 SMA06024\NorthLily1Data20250326to20250707\SMA06024_20250502_201100.wav,1698.0,SMA06024_20250502_201100.wav,3.0,Red-winged Blackbird,rewbla,0.81,1.0,,,"important seg, try to ID UNK if poss",1.0,combined_annotations.csv
27109,Spectrogram 1,1,254220.0,254223.0,0.0,12000.0,E:\2025 King Rail Project\2025 ARU Data Annotated For King Rail Project\NorthLily1 SMA06024\NorthLily1Data20250326to20250707\SMA06024_20250507_201600.wav,2220.0,SMA06024_20250507_201600.wav,3.0,Least Bittern,leabit,0.164,0.0,,,,1.0,combined_annotations.csv
27114,Spectrogram 1,1,254238.0,254241.0,0.0,12000.0,E:\2025 King Rail Project\2025 ARU Data Annotated For King Rail Project\NorthLily1 SMA06024\NorthLily1Data20250326to20250707\SMA06024_20250507_201600.wav,2238.0,SMA06024_20250507_201600.wav,3.0,American Bittern,amebit,0.1568,0.0,,,,1.0,combined_annotations.csv
27115,Spectrogram 1,1,254241.0,254244.0,0.0,12000.0,E:\2025 King Rail Project\2025 ARU Data Annotated For King Rail Project\NorthLily1 SMA06024\NorthLily1Data20250326to20250707\SMA06024_20250507_201600.wav,2241.0,SMA06024_20250507_201600.wav,3.0,King Rail,kinrai4,0.1305,1.0,KIRA,grunt,,1.0,combined_annotations.csv
42036,Spectrogram 1,1,409251.0,409254.0,0.0,12000.0,E:\2025 King Rail Project\2025 ARU Data Annotated For King Rail Project\NorthLily1 SMA06024\NorthLily1Data20250326to20250707\SMA06024_20250602_204000.wav,1251.0,SMA06024_20250602_204000.wav,3.0,Least Bittern,leabit,0.2084,0.0,,,,1.0,combined_annotations.csv
42037,Spectrogram 1,1,409251.0,409254.0,0.0,12000.0,E:\2025 King Rail Project\2025 ARU Data Annotated For King Rail Project\NorthLily1 SMA06024\NorthLily1Data20250326to20250707\SMA06024_20250602_204000.wav,1251.0,SMA06024_20250602_204000.wav,3.0,Red-winged Blackbird,rewbla,0.1035,1.0,RWBL,conklaree,,1.0,combined_annotations.csv
42262,Spectrogram 1,1,410181.0,410184.0,0.0,12000.0,E:\2025 King Rail Project\2025 ARU Data Annotated For King Rail Project\NorthLily1 SMA06024\NorthLily1Data20250326to20250707\SMA06024_20250602_204000.wav,2181.0,SMA06024_20250602_204000.wav,3.0,Virginia Rail,virrai,0.1213,0.0,,,RWBL pink,1.0,combined_annotations.csv
42263,Spectrogram 1,1,410181.0,410184.0,0.0,12000.0,E:\2025 King Rail Project\2025 ARU Data Annotated For King Rail Project\NorthLily1 SMA06024\NorthLily1Data20250326to20250707\SMA06024_20250602_204000.wav,2181.0,SMA06024_20250602_204000.wav,3.0,American Bittern,amebit,0.1154,0.0,,,,1.0,combined_annotations.csv
42430,Spectrogram 1,1,412617.0,412620.0,0.0,12000.0,E:\2025 King Rail Project\2025 ARU Data Annotated For King Rail Project\NorthLily1 SMA06024\NorthLily1Data20250326to20250707\SMA06024_20250603_054000.wav,1017.0,SMA06024_20250603_054000.wav,3.0,American Bittern,amebit,0.321,0.0,,,,1.0,combined_annotations.csv
42431,Spectrogram 1,1,412617.0,412620.0,0.0,12000.0,E:\2025 King Rail Project\2025 ARU Data Annotated For King Rail Project\NorthLily1 SMA06024\NorthLily1Data20250326to20250707\SMA06024_20250603_054000.wav,1017.0,SMA06024_20250603_054000.wav,3.0,Least Bittern,leabit,0.1729,0.0,,,,1.0,combined_annotations.csv
44720,Spectrogram 1,1,446259.0,446262.0,0.0,12000.0,E:\2025 King Rail Project\2025 ARU Data Annotated For King Rail Project\NorthLily1 SMA06024\NorthLily1Data20250326to20250707\SMA06024_20250608_204400.wav,2259.0,SMA06024_20250608_204400.wav,3.0,Sora,sora,0.7524,0.0,,,,1.0,combined_annotations.csv
44721,Spectrogram 1,1,446262.0,446265.0,0.0,12000.0,E:\2025 King Rail Project\2025 ARU Data Annotated For King Rail Project\NorthLily1 SMA06024\NorthLily1Data20250326to20250707\SMA06024_20250608_204400.wav,2262.0,SMA06024_20250608_204400.wav,3.0,Sora,sora,0.1281,0.0,,,,1.0,combined_annotations.csv
45977,Spectrogram 1,1,475077.0,475080.0,0.0,12000.0,E:\2025 King Rail Project\2025 ARU Data Annotated For King Rail Project\NorthLily1 SMA06024\NorthLily1Data20250326to20250707\SMA06024_20250613_204700.wav,1077.0,SMA06024_20250613_204700.wav,3.0,Least Bittern,leabit,0.1124,0.0,,,rain,1.0,combined_annotations.csv
46007,Spectrogram 1,1,478995.0,478998.0,0.0,12000.0,E:\2025 King Rail Project\2025 ARU Data Annotated For King Rail Project\NorthLily1 SMA06024\NorthLily1Data20250326to20250707\SMA06024_20250614_053800.wav,1395.0,SMA06024_20250614_053800.wav,3.0,Red-winged Blackbird,rewbla,0.308,1.0,RWBL,conklaree,loud rain,1.0,combined_annotations.csv
46620,Spectrogram 1,1,486471.0,486474.0,0.0,12000.0,E:\2025 King Rail Project\2025 ARU Data Annotated For King Rail Project\NorthLily1 SMA06024\NorthLily1Data20250326to20250707\SMA06024_20250615_204700.wav,471.0,SMA06024_20250615_204700.wav,3.0,King Rail,kinrai4,0.2436,1.0,KIRA,kek,KIRA kek + RWBL check,1.0,combined_annotations.csv
46627,Spectrogram 1,1,486525.0,486528.0,0.0,12000.0,E:\2025 King Rail Project\2025 ARU Data Annotated For King Rail Project\NorthLily1 SMA06024\NorthLily1Data20250326to20250707\SMA06024_20250615_204700.wav,525.0,SMA06024_20250615_204700.wav,3.0,Virginia Rail,virrai,0.464,0.0,,,RWBL pink?,1.0,combined_annotations.csv
46772,Spectrogram 1,1,487605.0,487608.0,0.0,12000.0,E:\2025 King Rail Project\2025 ARU Data Annotated For King Rail Project\NorthLily1 SMA06024\NorthLily1Data20250326to20250707\SMA06024_20250615_204700.wav,1605.0,SMA06024_20250615_204700.wav,3.0,Red-winged Blackbird,rewbla,0.1517,1.0,,,,1.0,combined_annotations.csv
47212,Spectrogram 1,1,493626.0,493629.0,0.0,12000.0,E:\2025 King Rail Project\2025 ARU Data Annotated For King Rail Project\NorthLily1 SMA06024\NorthLily1Data20250326to20250707\SMA06024_20250616_204800.wav,1626.0,SMA06024_20250616_204800.wav,3.0,Red-winged Blackbird,rewbla,0.4089,1.0,RWBL,conklaree,,1.0,combined_annotations.csv
47214,Spectrogram 1,1,493647.0,493650.0,0.0,12000.0,E:\2025 King Rail Project\2025 ARU Data Annotated For King Rail Project\NorthLily1 SMA06024\NorthLily1Data20250326to20250707\SMA06024_20250616_204800.wav,1647.0,SMA06024_20250616_204800.wav,3.0,Red-winged Blackbird,rewbla,0.4753,1.0,RWBL,conklaree,,1.0,combined_annotations.csv
47216,Spectrogram 1,1,493698.0,493701.0,0.0,12000.0,E:\2025 King Rail Project\2025 ARU Data Annotated For King Rail Project\NorthLily1 SMA06024\NorthLily1Data20250326to20250707\SMA06024_20250616_204800.wav,1698.0,SMA06024_20250616_204800.wav,3.0,King Rail,kinrai4,0.3889,1.0,KIRA,kek,,1.0,combined_annotations.csv
47217,Spectrogram 1,1,493701.0,493704.0,0.0,12000.0,E:\2025 King Rail Project\2025 ARU Data Annotated For King Rail Project\NorthLily1 SMA06024\NorthLily1Data20250326to20250707\SMA06024_20250616_204800.wav,1701.0,SMA06024_20250616_204800.wav,3.0,King Rail,kinrai4,0.5984,1.0,KIRA,kek,,1.0,combined_annotations.csv
47218,Spectrogram 1,1,493701.0,493704.0,0.0,12000.0,E:\2025 King Rail Project\2025 ARU Data Annotated For King Rail Project\NorthLily1 SMA06024\NorthLily1Data20250326to20250707\SMA06024_20250616_204800.wav,1701.0,SMA06024_20250616_204800.wav,3.0,Virginia Rail,virrai,0.1572,0.0,,,,1.0,combined_annotations.csv
47223,Spectrogram 1,1,493836.0,493839.0,0.0,12000.0,E:\2025 King Rail Project\2025 ARU Data Annotated For King Rail Project\NorthLily1 SMA06024\NorthLily1Data20250326to20250707\SMA06024_20250616_204800.wav,1836.0,SMA06024_20250616_204800.wav,3.0,King Rail,kinrai4,0.1335,1.0,KIRA,kek,,1.0,combined_annotations.csv
47225,Spectrogram 1,1,493848.0,493851.0,0.0,12000.0,E:\2025 King Rail Project\2025 ARU Data Annotated For King Rail Project\NorthLily1 SMA06024\NorthLily1Data20250326to20250707\SMA06024_20250616_204800.wav,1848.0,SMA06024_20250616_204800.wav,3.0,King Rail,kinrai4,0.1123,1.0,KIRA,kek,,1.0,combined_annotations.csv
47226,Spectrogram 1,1,493854.0,493857.0,0.0,12000.0,E:\2025 King Rail Project\2025 ARU Data Annotated For King Rail Project\NorthLily1 SMA06024\NorthLily1Data20250326to20250707\SMA06024_20250616_204800.wav,1854.0,SMA06024_20250616_204800.wav,3.0,King Rail,kinrai4,0.2427,1.0,KIRA,kek,,1.0,combined_annotations.csv
47227,Spectrogram 1,1,493854.0,493857.0,0.0,12000.0,E:\2025 King Rail Project\2025 ARU Data Annotated For King Rail Project\NorthLily1 SMA06024\NorthLily1Data20250326to20250707\SMA06024_20250616_204800.wav,1854.0,SMA06024_20250616_204800.wav,3.0,Virginia Rail,virrai,0.1352,0.0,,,unsure about sparrow chips,1.0,combined_annotations.csv
47233,Spectrogram 1,1,493872.0,493875.0,0.0,12000.0,E:\2025 King Rail Project\2025 ARU Data Annotated For King Rail Project\NorthLily1 SMA06024\NorthLily1Data20250326to20250707\SMA06024_20250616_204800.wav,1872.0,SMA06024_20250616_204800.wav,3.0,King Rail,kinrai4,0.4094,1.0,KIRA,kek,,1.0,combined_annotations.csv
47234,Spectrogram 1,1,493875.0,493878.0,0.0,12000.0,E:\2025 King Rail Project\2025 ARU Data Annotated For King Rail Project\NorthLily1 SMA06024\NorthLily1Data20250326to20250707\SMA06024_20250616_204800.wav,1875.0,SMA06024_20250616_204800.wav,3.0,King Rail,kinrai4,0.847,1.0,KIRA,kek,,1.0,combined_annotations.csv
47247,Spectrogram 1,1,494034.0,494037.0,0.0,12000.0,E:\2025 King Rail Project\2025 ARU Data Annotated For King Rail Project\NorthLily1 SMA06024\NorthLily1Data20250326to20250707\SMA06024_20250616_204800.wav,2034.0,SMA06024_20250616_204800.wav,3.0,King Rail,kinrai4,0.2227,1.0,KIRA,kek,,1.0,combined_annotations.csv
47249,Spectrogram 1,1,494400.0,494403.0,0.0,12000.0,E:\2025 King Rail Project\2025 ARU Data Annotated For King Rail Project\NorthLily1 SMA06024\NorthLily1Data20250326to20250707\SMA06024_20250617_040000.wav,0.0,SMA06024_20250617_040000.wav,3.0,King Rail,kinrai4,0.8214,1.0,KIRA,kek,,1.0,combined_annotations.csv
47250,Spectrogram 1,1,494400.0,494403.0,0.0,12000.0,E:\2025 King Rail Project\2025 ARU Data Annotated For King Rail Project\NorthLily1 SMA06024\NorthLily1Data20250326to20250707\SMA06024_20250617_040000.wav,0.0,SMA06024_20250617_040000.wav,3.0,Virginia Rail,virrai,0.1351,0.0,,,,1.0,combined_annotations.csv
47257,Spectrogram 1,1,494430.0,494433.0,0.0,12000.0,E:\2025 King Rail Project\2025 ARU Data Annotated For King Rail Project\NorthLily1 SMA06024\NorthLily1Data20250326to20250707\SMA06024_20250617_040000.wav,30.0,SMA06024_20250617_040000.wav,3.0,Virginia Rail,virrai,0.1386,0.0,,,,1.0,combined_annotations.csv
47258,Spectrogram 1,1,494433.0,494436.0,0.0,12000.0,E:\2025 King Rail Project\2025 ARU Data Annotated For King Rail Project\NorthLily1 SMA06024\NorthLily1Data20250326to20250707\SMA06024_20250617_040000.wav,33.0,SMA06024_20250617_040000.wav,3.0,King Rail,kinrai4,0.6496,1.0,KIRA,kek,,1.0,combined_annotations.csv
47261,Spectrogram 1,1,494448.0,494451.0,0.0,12000.0,E:\2025 King Rail Project\2025 ARU Data Annotated For King Rail Project\NorthLily1 SMA06024\NorthLily1Data20250326to20250707\SMA06024_20250617_040000.wav,48.0,SMA06024_20250617_040000.wav,3.0,King Rail,kinrai4,0.5489,1.0,KIRA,kek,,1.0,combined_annotations.csv
47262,Spectrogram 1,1,494457.0,494460.0,0.0,12000.0,E:\2025 King Rail Project\2025 ARU Data Annotated For King Rail Project\NorthLily1 SMA06024\NorthLily1Data20250326to20250707\SMA06024_20250617_040000.wav,57.0,SMA06024_20250617_040000.wav,3.0,King Rail,kinrai4,0.5121,1.0,KIRA,kek,,1.0,combined_annotations.csv
47263,Spectrogram 1,1,494460.0,494463.0,0.0,12000.0,E:\2025 King Rail Project\2025 ARU Data Annotated For King Rail Project\NorthLily1 SMA06024\NorthLily1Data20250326to20250707\SMA06024_20250617_040000.wav,60.0,SMA06024_20250617_040000.wav,3.0,King Rail,kinrai4,0.6533,1.0,KIRA,kek,,1.0,combined_annotations.csv
47270,Spectrogram 1,1,494484.0,494487.0,0.0,12000.0,E:\2025 King Rail Project\2025 ARU Data Annotated For King Rail Project\NorthLily1 SMA06024\NorthLily1Data20250326to20250707\SMA06024_20250617_040000.wav,84.0,SMA06024_20250617_040000.wav,3.0,King Rail,kinrai4,0.6635,1.0,KIRA,kek,,1.0,combined_annotations.csv
47271,Spectrogram 1,1,494487.0,494490.0,0.0,12000.0,E:\2025 King Rail Project\2025 ARU Data Annotated For King Rail Project\NorthLily1 SMA06024\NorthLily1Data20250326to20250707\SMA06024_20250617_040000.wav,87.0,SMA06024_20250617_040000.wav,3.0,King Rail,kinrai4,0.9106,1.0,KIRA,kek,,1.0,combined_annotations.csv
47284,Spectrogram 1,1,494538.0,494541.0,0.0,12000.0,E:\2025 King Rail Project\2025 ARU Data Annotated For King Rail Project\NorthLily1 SMA06024\NorthLily1Data20250326to20250707\SMA06024_20250617_040000.wav,138.0,SMA06024_20250617_040000.wav,3.0,King Rail,kinrai4,0.2277,1.0,KIRA,kek,,1.0,combined_annotations.csv
47285,Spectrogram 1,1,494541.0,494544.0,0.0,12000.0,E:\2025 King Rail Project\2025 ARU Data Annotated For King Rail Project\NorthLily1 SMA06024\NorthLily1Data20250326to20250707\SMA06024_20250617_040000.wav,141.0,SMA06024_20250617_040000.wav,3.0,King Rail,kinrai4,0.73,1.0,KIRA,kek,,1.0,combined_annotations.csv
47300,Spectrogram 1,1,494616.0,494619.0,0.0,12000.0,E:\2025 King Rail Project\2025 ARU Data Annotated For King Rail Project\NorthLily1 SMA06024\NorthLily1Data20250326to20250707\SMA06024_20250617_040000.wav,216.0,SMA06024_20250617_040000.wav,3.0,King Rail,kinrai4,0.4331,1.0,KIRA,kek,,1.0,combined_annotations.csv
47301,Spectrogram 1,1,494619.0,494622.0,0.0,12000.0,E:\2025 King Rail Project\2025 ARU Data Annotated For King Rail Project\NorthLily1 SMA06024\NorthLily1Data20250326to20250707\SMA06024_20250617_040000.wav,219.0,SMA06024_20250617_040000.wav,3.0,King Rail,kinrai4,0.8153,1.0,KIRA,kek,,1.0,combined_annotations.csv
47313,Spectrogram 1,1,494667.0,494670.0,0.0,12000.0,E:\2025 King Rail Project\2025 ARU Data Annotated For King Rail Project\NorthLily1 SMA06024\NorthLily1Data20250326to20250707\SMA06024_20250617_040000.wav,267.0,SMA06024_20250617_040000.wav,3.0,King Rail,kinrai4,0.2145,1.0,,,,1.0,combined_annotations.csv
47317,Spectrogram 1,1,494688.0,494691.0,0.0,12000.0,E:\2025 King Rail Project\2025 ARU Data Annotated For King Rail Project\NorthLily1 SMA06024\NorthLily1Data20250326to20250707\SMA06024_20250617_040000.wav,288.0,SMA06024_20250617_040000.wav,3.0,King Rail,kinrai4,0.2557,1.0,KIRA,kek,,1.0,combined_annotations.csv
47361,Spectrogram 1,1,494841.0,494844.0,0.0,12000.0,E:\2025 King Rail Project\2025 ARU Data Annotated For King Rail Project\NorthLily1 SMA06024\NorthLily1Data20250326to20250707\SMA06024_20250617_040000.wav,441.0,SMA06024_20250617_040000.wav,3.0,King Rail,kinrai4,0.3335,1.0,KIRA,kek,,1.0,combined_annotations.csv
47420,Spectrogram 1,1,495048.0,495051.0,0.0,12000.0,E:\2025 King Rail Project\2025 ARU Data Annotated For King Rail Project\NorthLily1 SMA06024\NorthLily1Data20250326to20250707\SMA06024_20250617_040000.wav,648.0,SMA06024_20250617_040000.wav,3.0,King Rail,kinrai4,0.1245,1.0,KIRA,kek,,1.0,combined_annotations.csv
47421,Spectrogram 1,1,495051.0,495054.0,0.0,12000.0,E:\2025 King Rail Project\2025 ARU Data Annotated For King Rail Project\NorthLily1 SMA06024\NorthLily1Data20250326to20250707\SMA06024_20250617_040000.wav,651.0,SMA06024_20250617_040000.wav,3.0,King Rail,kinrai4,0.3559,1.0,KIRA,kek,,1.0,combined_annotations.csv
47422,Spectrogram 1,1,495051.0,495054.0,0.0,12000.0,E:\2025 King Rail Project\2025 ARU Data Annotated For King Rail Project\NorthLily1 SMA06024\NorthLily1Data20250326to20250707\SMA06024_20250617_040000.wav,651.0,SMA06024_20250617_040000.wav,3.0,Virginia Rail,virrai,0.157,0.0,,,,1.0,combined_annotations.csv
47423,Spectrogram 1,1,495054.0,495057.0,0.0,12000.0,E:\2025 King Rail Project\2025 ARU Data Annotated For King Rail Project\NorthLily1 SMA06024\NorthLily1Data20250326to20250707\SMA06024_20250617_040000.wav,654.0,SMA06024_20250617_040000.wav,3.0,King Rail,kinrai4,0.7858,1.0,KIRA,kek,,1.0,combined_annotations.csv
47424,Spectrogram 1,1,495057.0,495060.0,0.0,12000.0,E:\2025 King Rail Project\2025 ARU Data Annotated For King Rail Project\NorthLily1 SMA06024\NorthLily1Data20250326to20250707\SMA06024_20250617_040000.wav,657.0,SMA06024_20250617_040000.wav,3.0,Virginia Rail,virrai,0.2274,0.0,,,,1.0,combined_annotations.csv
47425,Spectrogram 1,1,495057.0,495060.0,0.0,12000.0,E:\2025 King Rail Project\2025 ARU Data Annotated For King Rail Project\NorthLily1 SMA06024\NorthLily1Data20250326to20250707\SMA06024_20250617_040000.wav,657.0,SMA06024_20250617_040000.wav,3.0,King Rail,kinrai4,0.1268,1.0,KIRA,kek,,1.0,combined_annotations.csv
47426,Spectrogram 1,1,495066.0,495069.0,0.0,12000.0,E:\2025 King Rail Project\2025 ARU Data Annotated For King Rail Project\NorthLily1 SMA06024\NorthLily1Data20250326to20250707\SMA06024_20250617_040000.wav,666.0,SMA06024_20250617_040000.wav,3.0,King Rail,kinrai4,0.9077,1.0,KIRA,kek,,1.0,combined_annotations.csv
47431,Spectrogram 1,1,495093.0,495096.0,0.0,12000.0,E:\2025 King Rail Project\2025 ARU Data Annotated For King Rail Project\NorthLily1 SMA06024\NorthLily1Data20250326to20250707\SMA06024_20250617_040000.wav,693.0,SMA06024_20250617_040000.wav,3.0,King Rail,kinrai4,0.794,1.0,KIRA,kek,rain,1.0,combined_annotations.csv
47458,Spectrogram 1,1,495222.0,495225.0,0.0,12000.0,E:\2025 King Rail Project\2025 ARU Data Annotated For King Rail Project\NorthLily1 SMA06024\NorthLily1Data20250326to20250707\SMA06024_20250617_040000.wav,822.0,SMA06024_20250617_040000.wav,3.0,Virginia Rail,virrai,0.1554,1.0,KIRA,kek,rain,1.0,combined_annotations.csv
47481,Spectrogram 1,1,495399.0,495402.0,0.0,12000.0,E:\2025 King Rail Project\2025 ARU Data Annotated For King Rail Project\NorthLily1 SMA06024\NorthLily1Data20250326to20250707\SMA06024_20250617_040000.wav,999.0,SMA06024_20250617_040000.wav,3.0,Virginia Rail,virrai,0.3591,0.0,,,,1.0,combined_annotations.csv
47482,Spectrogram 1,1,495399.0,495402.0,0.0,12000.0,E:\2025 King Rail Project\2025 ARU Data Annotated For King Rail Project\NorthLily1 SMA06024\NorthLily1Data20250326to20250707\SMA06024_20250617_040000.wav,999.0,SMA06024_20250617_040000.wav,3.0,King Rail,kinrai4,0.3074,1.0,KIRA,kek,,1.0,combined_annotations.csv
47484,Spectrogram 1,1,495414.0,495417.0,0.0,12000.0,E:\2025 King Rail Project\2025 ARU Data Annotated For King Rail Project\NorthLily1 SMA06024\NorthLily1Data20250326to20250707\SMA06024_20250617_040000.wav,1014.0,SMA06024_20250617_040000.wav,3.0,King Rail,kinrai4,0.4831,1.0,,,likely yes,1.0,combined_annotations.csv
47485,Spectrogram 1,1,495420.0,495423.0,0.0,12000.0,E:\2025 King Rail Project\2025 ARU Data Annotated For King Rail Project\NorthLily1 SMA06024\NorthLily1Data20250326to20250707\SMA06024_20250617_040000.wav,1020.0,SMA06024_20250617_040000.wav,3.0,King Rail,kinrai4,0.6994,1.0,KIRA,kek,,1.0,combined_annotations.csv
48376,Spectrogram 1,1,516033.0,516036.0,0.0,12000.0,E:\2025 King Rail Project\2025 ARU Data Annotated For King Rail Project\NorthLily1 SMA06024\NorthLily1Data20250326to20250707\SMA06024_20250620_204900.wav,33.0,SMA06024_20250620_204900.wav,3.0,King Rail,kinrai4,0.1435,0.0,,,,1.0,combined_annotations.csv
50903,Spectrogram 1,1,582090.0,582093.0,0.0,12000.0,E:\2025 King Rail Project\2025 ARU Data Annotated For King Rail Project\NorthLily1 SMA06024\NorthLily1Data20250326to20250707\SMA06024_20250701_205000.wav,90.0,SMA06024_20250701_205000.wav,3.0,Virginia Rail,virrai,0.7309,0.0,,,RWBL pink,1.0,combined_annotations.csv
50904,Spectrogram 1,1,582102.0,582105.0,0.0,12000.0,E:\2025 King Rail Project\2025 ARU Data Annotated For King Rail Project\NorthLily1 SMA06024\NorthLily1Data20250326to20250707\SMA06024_20250701_205000.wav,102.0,SMA06024_20250701_205000.wav,3.0,Virginia Rail,virrai,0.7336,0.0,,,RWBL pink,1.0,combined_annotations.csv
51724,Spectrogram 1,1,594684.0,594687.0,0.0,12000.0,E:\2025 King Rail Project\2025 ARU Data Annotated For King Rail Project\NorthLily1 SMA06024\NorthLily1Data20250326to20250707\SMA06024_20250703_204900.wav,684.0,SMA06024_20250703_204900.wav,3.0,King Rail,kinrai4,0.2926,0.0,,,RWBL,1.0,combined_annotations.csv
51752,Spectrogram 1,1,595125.0,595128.0,0.0,12000.0,E:\2025 King Rail Project\2025 ARU Data Annotated For King Rail Project\NorthLily1 SMA06024\NorthLily1Data20250326to20250707\SMA06024_20250703_204900.wav,1125.0,SMA06024_20250703_204900.wav,3.0,King Rail,kinrai4,0.1177,0.0,,,,1.0,combined_annotations.csv
51753,Spectrogram 1,1,595125.0,595128.0,0.0,12000.0,E:\2025 King Rail Project\2025 ARU Data Annotated For King Rail Project\NorthLily1 SMA06024\NorthLily1Data20250326to20250707\SMA06024_20250703_204900.wav,1125.0,SMA06024_20250703_204900.wav,3.0,Marsh Wren,marwre,0.1065,1.0,,,,1.0,combined_annotations.csv
52440,Spectrogram 1,1,610398.0,610401.0,0.0,12000.0,E:\2025 King Rail Project\2025 ARU Data Annotated For King Rail Project\NorthLily1 SMA06024\NorthLily1Data20250326to20250707\SMA06024_20250706_054500.wav,798.0,SMA06024_20250706_054500.wav,3.0,Sora,sora,0.7473,0.0,,,Bald Eagle,1.0,combined_annotations.csv
52441,Spectrogram 1,1,610398.0,610401.0,0.0,12000.0,E:\2025 King Rail Project\2025 ARU Data Annotated For King Rail Project\NorthLily1 SMA06024\NorthLily1Data20250326to20250707\SMA06024_20250706_054500.wav,798.0,SMA06024_20250706_054500.wav,3.0,Virginia Rail,virrai,0.2003,0.0,,,,1.0,combined_annotations.csv
52492,Spectrogram 1,1,617136.0,617139.0,0.0,12000.0,E:\2025 King Rail Project\2025 ARU Data Annotated For King Rail Project\NorthLily1 SMA06024\NorthLily1Data20250326to20250707\SMA06024_20250707_054600.wav,1536.0,SMA06024_20250707_054600.wav,3.0,Red-winged Blackbird,rewbla,0.1464,1.0,,,,1.0,combined_annotations.csv
52493,Spectrogram 1,1,617136.0,617139.0,0.0,12000.0,E:\2025 King Rail Project\2025 ARU Data Annotated For King Rail Project\NorthLily1 SMA06024\NorthLily1Data20250326to20250707\SMA06024_20250707_054600.wav,1536.0,SMA06024_20250707_054600.wav,3.0,Least Bittern,leabit,0.1016,0.0,,,,1.0,combined_annotations.csv
27,Spectrogram 1,1,63.0,66.0,0.0,12000.0,D:\2025 King Rail Project\2025 ARU Data Annotated For King Rail Project\SpringValley 2MA04668\SpringValleyData20250414to20250702\2MA04668_20250414_195300.wav,63.0,2MA04668_20250414_195300.wav,3.0,Virginia Rail,virrai,0.4641,0.0,RWBL,,check for RWBL?,1.0,combined_annotations.csv
28,Spectrogram 1,1,63.0,66.0,0.0,12000.0,D:\2025 King Rail Project\2025 ARU Data Annotated For King Rail Project\SpringValley 2MA04668\SpringValleyData20250414to20250702\2MA04668_20250414_195300.wav,63.0,2MA04668_20250414_195300.wav,3.0,American Bittern,amebit,0.2158,0.0,,,,1.0,combined_annotations.csv
81,Spectrogram 1,1,183.0,186.0,0.0,12000.0,D:\2025 King Rail Project\2025 ARU Data Annotated For King Rail Project\SpringValley 2MA04668\SpringValleyData20250414to20250702\2MA04668_20250414_195300.wav,183.0,2MA04668_20250414_195300.wav,3.0,Virginia Rail,virrai,0.7587,0.0,RWBL,,"verify RWBL pink, jenk",1.0,combined_annotations.csv
338,Spectrogram 1,1,804.0,807.0,0.0,12000.0,D:\2025 King Rail Project\2025 ARU Data Annotated For King Rail Project\SpringValley 2MA04668\SpringValleyData20250414to20250702\2MA04668_20250414_195300.wav,804.0,2MA04668_20250414_195300.wav,3.0,American Bittern,amebit,0.8863,0.0,,,,1.0,combined_annotations.csv
339,Spectrogram 1,1,804.0,807.0,0.0,12000.0,D:\2025 King Rail Project\2025 ARU Data Annotated For King Rail Project\SpringValley 2MA04668\SpringValleyData20250414to20250702\2MA04668_20250414_195300.wav,804.0,2MA04668_20250414_195300.wav,3.0,Red-winged Blackbird,rewbla,0.1184,1.0,,,,1.0,combined_annotations.csv
342,Spectrogram 1,1,810.0,813.0,0.0,12000.0,D:\2025 King Rail Project\2025 ARU Data Annotated For King Rail Project\SpringValley 2MA04668\SpringValleyData20250414to20250702\2MA04668_20250414_195300.wav,810.0,2MA04668_20250414_195300.wav,3.0,Sora,sora,0.2203,0.0,,,,1.0,combined_annotations.csv
341,Spectrogram 1,1,810.0,813.0,0.0,12000.0,D:\2025 King Rail Project\2025 ARU Data Annotated For King Rail Project\SpringValley 2MA04668\SpringValleyData20250414to20250702\2MA04668_20250414_195300.wav,810.0,2MA04668_20250414_195300.wav,3.0,American Bittern,amebit,0.465,0.0,,,,1.0,combined_annotations.csv
343,Spectrogram 1,1,810.0,813.0,0.0,12000.0,D:\2025 King Rail Project\2025 ARU Data Annotated For King Rail Project\SpringValley 2MA04668\SpringValleyData20250414to20250702\2MA04668_20250414_195300.wav,810.0,2MA04668_20250414_195300.wav,3.0,Red-winged Blackbird,rewbla,0.1063,1.0,,,,1.0,combined_annotations.csv
1408,Spectrogram 1,1,6054.0,6057.0,0.0,12000.0,D:\2025 King Rail Project\2025 ARU Data Annotated For King Rail Project\SpringValley 2MA04668\SpringValleyData20250414to20250702\2MA04668_20250415_195400.wav,54.0,2MA04668_20250415_195400.wav,3.0,Red-winged Blackbird,rewbla,0.7285,1.0,RWBL,,,1.0,combined_annotations.csv
5250,Spectrogram 1,1,27295.0,27298.0,0.0,12000.0,D:\2025 King Rail Project\2025 ARU Data Annotated For King Rail Project\SpringValley 2MA04668\SpringValleyData20250414to20250702\2MA04668_20250509_060800.wav,2115.0,2MA04668_20250509_060800.wav,3.0,Least Bittern,leabit,0.1269,0.0,,,,1.0,combined_annotations.csv
5249,Spectrogram 1,1,27295.0,27298.0,0.0,12000.0,D:\2025 King Rail Project\2025 ARU Data Annotated For King Rail Project\SpringValley 2MA04668\SpringValleyData20250414to20250702\2MA04668_20250509_060800.wav,2115.0,2MA04668_20250509_060800.wav,3.0,Red-winged Blackbird,rewbla,0.5798,1.0,RWBL,check,,1.0,combined_annotations.csv
10369,Spectrogram 1,1,64993.0,64996.0,0.0,12000.0,D:\2025 King Rail Project\2025 ARU Data Annotated For King Rail Project\SpringValley 2MA04668\SpringValleyData20250414to20250702\2MA04668_20250515_202300.wav,1413.0,2MA04668_20250515_202300.wav,3.0,King Rail,kinrai4,0.3426,0.0,RWBL,check,"rain, RWBL check and conklaree",1.0,combined_annotations.csv
10371,Spectrogram 1,1,64993.0,64996.0,0.0,12000.0,D:\2025 King Rail Project\2025 ARU Data Annotated For King Rail Project\SpringValley 2MA04668\SpringValleyData20250414to20250702\2MA04668_20250515_202300.wav,1413.0,2MA04668_20250515_202300.wav,3.0,Red-winged Blackbird,rewbla,0.2251,1.0,RWBL,check,"rain, RWBL check and conklaree",1.0,combined_annotations.csv
10372,Spectrogram 1,1,64993.0,64996.0,0.0,12000.0,D:\2025 King Rail Project\2025 ARU Data Annotated For King Rail Project\SpringValley 2MA04668\SpringValleyData20250414to20250702\2MA04668_20250515_202300.wav,1413.0,2MA04668_20250515_202300.wav,3.0,Least Bittern,leabit,0.1062,0.0,,,,1.0,combined_annotations.csv
10370,Spectrogram 1,1,64993.0,64996.0,0.0,12000.0,D:\2025 King Rail Project\2025 ARU Data Annotated For King Rail Project\SpringValley 2MA04668\SpringValleyData20250414to20250702\2MA04668_20250515_202300.wav,1413.0,2MA04668_20250515_202300.wav,3.0,Virginia Rail,virrai,0.2526,0.0,,,,1.0,combined_annotations.csv
11124,Spectrogram 1,1,75664.0,75667.0,0.0,12000.0,D:\2025 King Rail Project\2025 ARU Data Annotated For King Rail Project\SpringValley 2MA04668\SpringValleyData20250414to20250702\2MA04668_20250517_202500.wav,84.0,2MA04668_20250517_202500.wav,3.0,King Rail,kinrai4,0.5029,0.0,RWBL,check,"rain, RWBL checks",1.0,combined_annotations.csv
11125,Spectrogram 1,1,75664.0,75667.0,0.0,12000.0,D:\2025 King Rail Project\2025 ARU Data Annotated For King Rail Project\SpringValley 2MA04668\SpringValleyData20250414to20250702\2MA04668_20250517_202500.wav,84.0,2MA04668_20250517_202500.wav,3.0,Red-winged Blackbird,rewbla,0.1501,1.0,RWBL,check,,1.0,combined_annotations.csv
11126,Spectrogram 1,1,75664.0,75667.0,0.0,12000.0,D:\2025 King Rail Project\2025 ARU Data Annotated For King Rail Project\SpringValley 2MA04668\SpringValleyData20250414to20250702\2MA04668_20250517_202500.wav,84.0,2MA04668_20250517_202500.wav,3.0,Virginia Rail,virrai,0.1218,0.0,,,,1.0,combined_annotations.csv
12536,Spectrogram 1,1,89386.0,89389.0,0.0,12000.0,D:\2025 King Rail Project\2025 ARU Data Annotated For King Rail Project\SpringValley 2MA04668\SpringValleyData20250414to20250702\2MA04668_20250519_202700.wav,1806.0,2MA04668_20250519_202700.wav,3.0,Red-winged Blackbird,rewbla,0.2042,1.0,RWBL,,,1.0,combined_annotations.csv
12540,Spectrogram 1,1,89473.0,89476.0,0.0,12000.0,D:\2025 King Rail Project\2025 ARU Data Annotated For King Rail Project\SpringValley 2MA04668\SpringValleyData20250414to20250702\2MA04668_20250519_202700.wav,1893.0,2MA04668_20250519_202700.wav,3.0,Red-winged Blackbird,rewbla,0.1443,1.0,,,,1.0,combined_annotations.csv
12600,Spectrogram 1,1,91135.0,91138.0,0.0,12000.0,D:\2025 King Rail Project\2025 ARU Data Annotated For King Rail Project\SpringValley 2MA04668\SpringValleyData20250414to20250702\2MA04668_20250520_040000.wav,1155.0,2MA04668_20250520_040000.wav,3.0,King Rail,kinrai4,0.18,0.0,,,,1.0,combined_annotations.csv
13453,Spectrogram 1,1,95860.0,95863.0,0.0,12000.0,D:\2025 King Rail Project\2025 ARU Data Annotated For King Rail Project\SpringValley 2MA04668\SpringValleyData20250414to20250702\2MA04668_20250520_202800.wav,2280.0,2MA04668_20250520_202800.wav,3.0,King Rail,kinrai4,0.4171,0.0,RWBL,check,faint checks,1.0,combined_annotations.csv
13454,Spectrogram 1,1,95860.0,95863.0,0.0,12000.0,D:\2025 King Rail Project\2025 ARU Data Annotated For King Rail Project\SpringValley 2MA04668\SpringValleyData20250414to20250702\2MA04668_20250520_202800.wav,2280.0,2MA04668_20250520_202800.wav,3.0,Least Bittern,leabit,0.2099,0.0,,,,1.0,combined_annotations.csv
13455,Spectrogram 1,1,95860.0,95863.0,0.0,12000.0,D:\2025 King Rail Project\2025 ARU Data Annotated For King Rail Project\SpringValley 2MA04668\SpringValleyData20250414to20250702\2MA04668_20250520_202800.wav,2280.0,2MA04668_20250520_202800.wav,3.0,Virginia Rail,virrai,0.1196,0.0,,,,1.0,combined_annotations.csv
14375,Spectrogram 1,1,106306.0,106309.0,0.0,12000.0,D:\2025 King Rail Project\2025 ARU Data Annotated For King Rail Project\SpringValley 2MA04668\SpringValleyData20250414to20250702\2MA04668_20250522_203000.wav,726.0,2MA04668_20250522_203000.wav,3.0,Red-winged Blackbird,rewbla,0.6843,1.0,RWBL,jeer,"RWBL jeer, check",1.0,combined_annotations.csv
14747,Spectrogram 1,1,110545.0,110548.0,0.0,12000.0,D:\2025 King Rail Project\2025 ARU Data Annotated For King Rail Project\SpringValley 2MA04668\SpringValleyData20250414to20250702\2MA04668_20250523_055500.wav,1365.0,2MA04668_20250523_055500.wav,3.0,King Rail,kinrai4,0.8243,0.0,RWBL,check,many RWBL checks,1.0,combined_annotations.csv
14748,Spectrogram 1,1,110545.0,110548.0,0.0,12000.0,D:\2025 King Rail Project\2025 ARU Data Annotated For King Rail Project\SpringValley 2MA04668\SpringValleyData20250414to20250702\2MA04668_20250523_055500.wav,1365.0,2MA04668_20250523_055500.wav,3.0,Virginia Rail,virrai,0.1276,0.0,,,,1.0,combined_annotations.csv
17452,Spectrogram 1,1,132904.0,132907.0,0.0,12000.0,D:\2025 King Rail Project\2025 ARU Data Annotated For King Rail Project\SpringValley 2MA04668\SpringValleyData20250414to20250702\2MA04668_20250527_040000.wav,924.0,2MA04668_20250527_040000.wav,3.0,King Rail,kinrai4,0.2701,0.0,NT,,Frogs! Green and Cricket frogs,1.0,combined_annotations.csv
18061,Spectrogram 1,1,136786.0,136789.0,0.0,12000.0,D:\2025 King Rail Project\2025 ARU Data Annotated For King Rail Project\SpringValley 2MA04668\SpringValleyData20250414to20250702\2MA04668_20250527_203400.wav,1206.0,2MA04668_20250527_203400.wav,3.0,Red-winged Blackbird,rewbla,0.4727,1.0,,,,1.0,combined_annotations.csv
21478,Spectrogram 1,1,166633.0,166636.0,0.0,12000.0,D:\2025 King Rail Project\2025 ARU Data Annotated For King Rail Project\SpringValley 2MA04668\SpringValleyData20250414to20250702\2MA04668_20250601_203800.wav,1053.0,2MA04668_20250601_203800.wav,3.0,Red-winged Blackbird,rewbla,0.1157,1.0,,,,1.0,combined_annotations.csv
21479,Spectrogram 1,1,166633.0,166636.0,0.0,12000.0,D:\2025 King Rail Project\2025 ARU Data Annotated For King Rail Project\SpringValley 2MA04668\SpringValleyData20250414to20250702\2MA04668_20250601_203800.wav,1053.0,2MA04668_20250601_203800.wav,3.0,American Bittern,amebit,0.1113,0.0,,,,1.0,combined_annotations.csv
21477,Spectrogram 1,1,166633.0,166636.0,0.0,12000.0,D:\2025 King Rail Project\2025 ARU Data Annotated For King Rail Project\SpringValley 2MA04668\SpringValleyData20250414to20250702\2MA04668_20250601_203800.wav,1053.0,2MA04668_20250601_203800.wav,3.0,Least Bittern,leabit,0.1413,0.0,,,,1.0,combined_annotations.csv
21486,Spectrogram 1,1,166714.0,166717.0,0.0,12000.0,D:\2025 King Rail Project\2025 ARU Data Annotated For King Rail Project\SpringValley 2MA04668\SpringValleyData20250414to20250702\2MA04668_20250601_203800.wav,1134.0,2MA04668_20250601_203800.wav,3.0,Red-winged Blackbird,rewbla,0.2781,1.0,,,,1.0,combined_annotations.csv
21717,Spectrogram 1,1,170251.0,170254.0,0.0,12000.0,D:\2025 King Rail Project\2025 ARU Data Annotated For King Rail Project\SpringValley 2MA04668\SpringValleyData20250414to20250702\2MA04668_20250602_055000.wav,1071.0,2MA04668_20250602_055000.wav,3.0,King Rail,kinrai4,0.8232,0.0,RWBL,check,many RWBL checks,1.0,combined_annotations.csv
21718,Spectrogram 1,1,170251.0,170254.0,0.0,12000.0,D:\2025 King Rail Project\2025 ARU Data Annotated For King Rail Project\SpringValley 2MA04668\SpringValleyData20250414to20250702\2MA04668_20250602_055000.wav,1071.0,2MA04668_20250602_055000.wav,3.0,Virginia Rail,virrai,0.1629,0.0,,,,1.0,combined_annotations.csv
22386,Spectrogram 1,1,178030.0,178033.0,0.0,12000.0,D:\2025 King Rail Project\2025 ARU Data Annotated For King Rail Project\SpringValley 2MA04668\SpringValleyData20250414to20250702\2MA04668_20250603_203900.wav,450.0,2MA04668_20250603_203900.wav,3.0,Red-winged Blackbird,rewbla,0.3755,1.0,,,,1.0,combined_annotations.csv
26134,Spectrogram 1,1,207025.0,207028.0,0.0,12000.0,D:\2025 King Rail Project\2025 ARU Data Annotated For King Rail Project\SpringValley 2MA04668\SpringValleyData20250414to20250702\2MA04668_20250608_054800.wav,1845.0,2MA04668_20250608_054800.wav,3.0,Red-winged Blackbird,rewbla,0.9051,1.0,,,,1.0,combined_annotations.csv
26565,Spectrogram 1,1,210439.0,210442.0,0.0,12000.0,D:\2025 King Rail Project\2025 ARU Data Annotated For King Rail Project\SpringValley 2MA04668\SpringValleyData20250414to20250702\2MA04668_20250609_040000.wav,459.0,2MA04668_20250609_040000.wav,3.0,King Rail,kinrai4,0.2983,0.0,NT,,"rain, Frogs! Green and Cricket Frogs",1.0,combined_annotations.csv
28823,Spectrogram 1,1,232120.0,232123.0,0.0,12000.0,D:\2025 King Rail Project\2025 ARU Data Annotated For King Rail Project\SpringValley 2MA04668\SpringValleyData20250414to20250702\2MA04668_20250612_204400.wav,540.0,2MA04668_20250612_204400.wav,3.0,King Rail,kinrai4,0.811,0.0,RWBL,check,many RWBL checks,1.0,combined_annotations.csv
32008,Spectrogram 1,1,261547.0,261550.0,0.0,12000.0,D:\2025 King Rail Project\2025 ARU Data Annotated For King Rail Project\SpringValley 2MA04668\SpringValleyData20250414to20250702\2MA04668_20250617_054800.wav,2367.0,2MA04668_20250617_054800.wav,3.0,Virginia Rail,virrai,0.1624,0.0,,,verify,1.0,combined_annotations.csv
32006,Spectrogram 1,1,261547.0,261550.0,0.0,12000.0,D:\2025 King Rail Project\2025 ARU Data Annotated For King Rail Project\SpringValley 2MA04668\SpringValleyData20250414to20250702\2MA04668_20250617_054800.wav,2367.0,2MA04668_20250617_054800.wav,3.0,King Rail,kinrai4,0.7472,0.0,RWBL,check,verify,1.0,combined_annotations.csv
32007,Spectrogram 1,1,261547.0,261550.0,0.0,12000.0,D:\2025 King Rail Project\2025 ARU Data Annotated For King Rail Project\SpringValley 2MA04668\SpringValleyData20250414to20250702\2MA04668_20250617_054800.wav,2367.0,2MA04668_20250617_054800.wav,3.0,Least Bittern,leabit,0.3094,0.0,,,verify,1.0,combined_annotations.csv
32153,Spectrogram 1,1,262042.0,262045.0,0.0,12000.0,D:\2025 King Rail Project\2025 ARU Data Annotated For King Rail Project\SpringValley 2MA04668\SpringValleyData20250414to20250702\2MA04668_20250617_204600.wav,462.0,2MA04668_20250617_204600.wav,3.0,King Rail,kinrai4,0.6062,0.0,RWBL,check,sharp RWBL checks,1.0,combined_annotations.csv
32155,Spectrogram 1,1,262042.0,262045.0,0.0,12000.0,D:\2025 King Rail Project\2025 ARU Data Annotated For King Rail Project\SpringValley 2MA04668\SpringValleyData20250414to20250702\2MA04668_20250617_204600.wav,462.0,2MA04668_20250617_204600.wav,3.0,Least Bittern,leabit,0.1387,0.0,,,,1.0,combined_annotations.csv
32154,Spectrogram 1,1,262042.0,262045.0,0.0,12000.0,D:\2025 King Rail Project\2025 ARU Data Annotated For King Rail Project\SpringValley 2MA04668\SpringValleyData20250414to20250702\2MA04668_20250617_204600.wav,462.0,2MA04668_20250617_204600.wav,3.0,Virginia Rail,virrai,0.1992,0.0,,,,1.0,combined_annotations.csv
33374,Spectrogram 1,1,273022.0,273025.0,0.0,12000.0,D:\2025 King Rail Project\2025 ARU Data Annotated For King Rail Project\SpringValley 2MA04668\SpringValleyData20250414to20250702\2MA04668_20250619_054800.wav,1842.0,2MA04668_20250619_054800.wav,3.0,King Rail,kinrai4,0.1972,0.0,RWBL,check,"RWBL check, conklaree, green frog",1.0,combined_annotations.csv
33375,Spectrogram 1,1,273022.0,273025.0,0.0,12000.0,D:\2025 King Rail Project\2025 ARU Data Annotated For King Rail Project\SpringValley 2MA04668\SpringValleyData20250414to20250702\2MA04668_20250619_054800.wav,1842.0,2MA04668_20250619_054800.wav,3.0,Least Bittern,leabit,0.1533,0.0,,,,1.0,combined_annotations.csv
33376,Spectrogram 1,1,273022.0,273025.0,0.0,12000.0,D:\2025 King Rail Project\2025 ARU Data Annotated For King Rail Project\SpringValley 2MA04668\SpringValleyData20250414to20250702\2MA04668_20250619_054800.wav,1842.0,2MA04668_20250619_054800.wav,3.0,Red-winged Blackbird,rewbla,0.1013,1.0,,,,1.0,combined_annotations.csv
33373,Spectrogram 1,1,273022.0,273025.0,0.0,12000.0,D:\2025 King Rail Project\2025 ARU Data Annotated For King Rail Project\SpringValley 2MA04668\SpringValleyData20250414to20250702\2MA04668_20250619_054800.wav,1842.0,2MA04668_20250619_054800.wav,3.0,Virginia Rail,virrai,0.2725,0.0,,,,1.0,combined_annotations.csv
35874,Spectrogram 1,1,286519.0,286522.0,0.0,12000.0,D:\2025 King Rail Project\2025 ARU Data Annotated For King Rail Project\SpringValley 2MA04668\SpringValleyData20250414to20250702\2MA04668_20250621_204700.wav,939.0,2MA04668_20250621_204700.wav,3.0,King Rail,kinrai4,0.1267,0.0,,,,1.0,combined_annotations.csv
35872,Spectrogram 1,1,286519.0,286522.0,0.0,12000.0,D:\2025 King Rail Project\2025 ARU Data Annotated For King Rail Project\SpringValley 2MA04668\SpringValleyData20250414to20250702\2MA04668_20250621_204700.wav,939.0,2MA04668_20250621_204700.wav,3.0,Least Bittern,leabit,0.4183,0.0,,,,1.0,combined_annotations.csv
35873,Spectrogram 1,1,286519.0,286522.0,0.0,12000.0,D:\2025 King Rail Project\2025 ARU Data Annotated For King Rail Project\SpringValley 2MA04668\SpringValleyData20250414to20250702\2MA04668_20250621_204700.wav,939.0,2MA04668_20250621_204700.wav,3.0,Red-winged Blackbird,rewbla,0.2033,1.0,,,,1.0,combined_annotations.csv
38515,Spectrogram 1,1,301927.0,301930.0,0.0,12000.0,D:\2025 King Rail Project\2025 ARU Data Annotated For King Rail Project\SpringValley 2MA04668\SpringValleyData20250414to20250702\2MA04668_20250624_055000.wav,747.0,2MA04668_20250624_055000.wav,3.0,King Rail,kinrai4,0.8163,0.0,RWBL,check,many RWBL checks,1.0,combined_annotations.csv
38516,Spectrogram 1,1,301927.0,301930.0,0.0,12000.0,D:\2025 King Rail Project\2025 ARU Data Annotated For King Rail Project\SpringValley 2MA04668\SpringValleyData20250414to20250702\2MA04668_20250624_055000.wav,747.0,2MA04668_20250624_055000.wav,3.0,American Bittern,amebit,0.1557,0.0,,,prob GF's in the low reg.,1.0,combined_annotations.csv
38825,Spectrogram 1,1,303460.0,303463.0,0.0,12000.0,D:\2025 King Rail Project\2025 ARU Data Annotated For King Rail Project\SpringValley 2MA04668\SpringValleyData20250414to20250702\2MA04668_20250624_055000.wav,2280.0,2MA04668_20250624_055000.wav,3.0,King Rail,kinrai4,0.7438,0.0,RWBL,check,a few faint RWBL checks,1.0,combined_annotations.csv
39629,Spectrogram 1,1,309232.0,309235.0,0.0,12000.0,D:\2025 King Rail Project\2025 ARU Data Annotated For King Rail Project\SpringValley 2MA04668\SpringValleyData20250414to20250702\2MA04668_20250625_055000.wav,2052.0,2MA04668_20250625_055000.wav,3.0,King Rail,kinrai4,0.1007,0.0,RWBL,check,a close and a far RWBL check,1.0,combined_annotations.csv
39628,Spectrogram 1,1,309232.0,309235.0,0.0,12000.0,D:\2025 King Rail Project\2025 ARU Data Annotated For King Rail Project\SpringValley 2MA04668\SpringValleyData20250414to20250702\2MA04668_20250625_055000.wav,2052.0,2MA04668_20250625_055000.wav,3.0,Common Gallinule,comgal1,0.1143,0.0,,,,1.0,combined_annotations.csv
39627,Spectrogram 1,1,309232.0,309235.0,0.0,12000.0,D:\2025 King Rail Project\2025 ARU Data Annotated For King Rail Project\SpringValley 2MA04668\SpringValleyData20250414to20250702\2MA04668_20250625_055000.wav,2052.0,2MA04668_20250625_055000.wav,3.0,Least Bittern,leabit,0.2231,0.0,,,,1.0,combined_annotations.csv
40964,Spectrogram 1,1,316129.0,316132.0,0.0,12000.0,D:\2025 King Rail Project\2025 ARU Data Annotated For King Rail Project\SpringValley 2MA04668\SpringValleyData20250414to20250702\2MA04668_20250626_204800.wav,549.0,2MA04668_20250626_204800.wav,3.0,Red-winged Blackbird,rewbla,0.8308,1.0,RWBL,conklaree,"rain, pretty clean clean conklaree",1.0,combined_annotations.csv
43413,Spectrogram 1,1,329059.0,329062.0,0.0,12000.0,D:\2025 King Rail Project\2025 ARU Data Annotated For King Rail Project\SpringValley 2MA04668\SpringValleyData20250414to20250702\2MA04668_20250628_204800.wav,1479.0,2MA04668_20250628_204800.wav,3.0,American Bittern,amebit,0.1336,0.0,,,,1.0,combined_annotations.csv
43410,Spectrogram 1,1,329059.0,329062.0,0.0,12000.0,D:\2025 King Rail Project\2025 ARU Data Annotated For King Rail Project\SpringValley 2MA04668\SpringValleyData20250414to20250702\2MA04668_20250628_204800.wav,1479.0,2MA04668_20250628_204800.wav,3.0,King Rail,kinrai4,0.4012,0.0,,,,1.0,combined_annotations.csv
43411,Spectrogram 1,1,329059.0,329062.0,0.0,12000.0,D:\2025 King Rail Project\2025 ARU Data Annotated For King Rail Project\SpringValley 2MA04668\SpringValleyData20250414to20250702\2MA04668_20250628_204800.wav,1479.0,2MA04668_20250628_204800.wav,3.0,Least Bittern,leabit,0.3533,0.0,,,,1.0,combined_annotations.csv
43412,Spectrogram 1,1,329059.0,329062.0,0.0,12000.0,D:\2025 King Rail Project\2025 ARU Data Annotated For King Rail Project\SpringValley 2MA04668\SpringValleyData20250414to20250702\2MA04668_20250628_204800.wav,1479.0,2MA04668_20250628_204800.wav,3.0,Virginia Rail,virrai,0.1723,0.0,,,,1.0,combined_annotations.csv
44561,Spectrogram 1,1,335923.0,335926.0,0.0,12000.0,D:\2025 King Rail Project\2025 ARU Data Annotated For King Rail Project\SpringValley 2MA04668\SpringValleyData20250414to20250702\2MA04668_20250629_204700.wav,2343.0,2MA04668_20250629_204700.wav,3.0,King Rail,kinrai4,0.197,0.0,,,,1.0,combined_annotations.csv
44958,Spectrogram 1,1,339289.0,339292.0,0.0,12000.0,D:\2025 King Rail Project\2025 ARU Data Annotated For King Rail Project\SpringValley 2MA04668\SpringValleyData20250414to20250702\2MA04668_20250630_055200.wav,2109.0,2MA04668_20250630_055200.wav,3.0,King Rail,kinrai4,0.4992,0.0,RWBL,check,,1.0,combined_annotations.csv
1,Spectrogram 1,1,0.0,3.0,0.0,12000.0,E:\2025 King Rail Project\Choctaw_WMA_2025 Data\MINI06_20250410_050000.wav,0.0,MINI06_20250410_050000.wav,3.0,King Rail,kinrai4,0.3228,1.0,KIRA,kek,,1.0,combined_annotations.csv
2,Spectrogram 1,1,3.0,6.0,0.0,12000.0,E:\2025 King Rail Project\Choctaw_WMA_2025 Data\MINI06_20250410_050000.wav,3.0,MINI06_20250410_050000.wav,3.0,King Rail,kinrai4,0.7271,1.0,KIRA,kek,,1.0,combined_annotations.csv
3,Spectrogram 1,1,6.0,9.0,0.0,12000.0,E:\2025 King Rail Project\Choctaw_WMA_2025 Data\MINI06_20250410_050000.wav,6.0,MINI06_20250410_050000.wav,3.0,King Rail,kinrai4,0.8019,1.0,KIRA,kek,,1.0,combined_annotations.csv
4,Spectrogram 1,1,9.0,12.0,0.0,12000.0,E:\2025 King Rail Project\Choctaw_WMA_2025 Data\MINI06_20250410_050000.wav,9.0,MINI06_20250410_050000.wav,3.0,King Rail,kinrai4,0.9007,1.0,KIRA,kek,,1.0,combined_annotations.csv
5,Spectrogram 1,1,12.0,15.0,0.0,12000.0,E:\2025 King Rail Project\Choctaw_WMA_2025 Data\MINI06_20250410_050000.wav,12.0,MINI06_20250410_050000.wav,3.0,King Rail,kinrai4,0.9489,1.0,KIRA,kek,,1.0,combined_annotations.csv
6,Spectrogram 1,1,15.0,18.0,0.0,12000.0,E:\2025 King Rail Project\Choctaw_WMA_2025 Data\MINI06_20250410_050000.wav,15.0,MINI06_20250410_050000.wav,3.0,King Rail,kinrai4,0.7975,1.0,KIRA,kek,,1.0,combined_annotations.csv
8,Spectrogram 1,1,21.0,24.0,0.0,12000.0,E:\2025 King Rail Project\Choctaw_WMA_2025 Data\MINI06_20250410_050000.wav,21.0,MINI06_20250410_050000.wav,3.0,King Rail,kinrai4,0.3904,1.0,KIRA,kek,,1.0,combined_annotations.csv
10,Spectrogram 1,1,24.0,27.0,0.0,12000.0,E:\2025 King Rail Project\Choctaw_WMA_2025 Data\MINI06_20250410_050000.wav,24.0,MINI06_20250410_050000.wav,3.0,King Rail,kinrai4,0.4037,1.0,KIRA,kek,,1.0,combined_annotations.csv
11,Spectrogram 1,1,27.0,30.0,0.0,12000.0,E:\2025 King Rail Project\Choctaw_WMA_2025 Data\MINI06_20250410_050000.wav,27.0,MINI06_20250410_050000.wav,3.0,King Rail,kinrai4,0.3423,1.0,KIRA,kek,,1.0,combined_annotations.csv
12,Spectrogram 1,1,30.0,33.0,0.0,12000.0,E:\2025 King Rail Project\Choctaw_WMA_2025 Data\MINI06_20250410_050000.wav,30.0,MINI06_20250410_050000.wav,3.0,King Rail,kinrai4,0.7398,1.0,KIRA,kek,,1.0,combined_annotations.csv
13,Spectrogram 1,1,33.0,36.0,0.0,12000.0,E:\2025 King Rail Project\Choctaw_WMA_2025 Data\MINI06_20250410_050000.wav,33.0,MINI06_20250410_050000.wav,3.0,King Rail,kinrai4,0.5328,1.0,KIRA,kek,,1.0,combined_annotations.csv
14,Spectrogram 1,1,33.0,36.0,0.0,12000.0,E:\2025 King Rail Project\Choctaw_WMA_2025 Data\MINI06_20250410_050000.wav,33.0,MINI06_20250410_050000.wav,3.0,Least Bittern,leabit,0.1722,0.0,,,,1.0,combined_annotations.csv
15,Spectrogram 1,1,36.0,39.0,0.0,12000.0,E:\2025 King Rail Project\Choctaw_WMA_2025 Data\MINI06_20250410_050000.wav,36.0,MINI06_20250410_050000.wav,3.0,King Rail,kinrai4,0.2907,1.0,KIRA,kek,,1.0,combined_annotations.csv
16,Spectrogram 1,1,39.0,42.0,0.0,12000.0,E:\2025 King Rail Project\Choctaw_WMA_2025 Data\MINI06_20250410_050000.wav,39.0,MINI06_20250410_050000.wav,3.0,King Rail,kinrai4,0.547,1.0,KIRA,kek,,1.0,combined_annotations.csv
17,Spectrogram 1,1,42.0,45.0,0.0,12000.0,E:\2025 King Rail Project\Choctaw_WMA_2025 Data\MINI06_20250410_050000.wav,42.0,MINI06_20250410_050000.wav,3.0,King Rail,kinrai4,0.5684,1.0,KIRA,kek,,1.0,combined_annotations.csv
18,Spectrogram 1,1,45.0,48.0,0.0,12000.0,E:\2025 King Rail Project\Choctaw_WMA_2025 Data\MINI06_20250410_050000.wav,45.0,MINI06_20250410_050000.wav,3.0,King Rail,kinrai4,0.7259,1.0,KIRA,kek,,1.0,combined_annotations.csv
19,Spectrogram 1,1,48.0,51.0,0.0,12000.0,E:\2025 King Rail Project\Choctaw_WMA_2025 Data\MINI06_20250410_050000.wav,48.0,MINI06_20250410_050000.wav,3.0,King Rail,kinrai4,0.8866,1.0,KIRA,kek,clean,1.0,combined_annotations.csv
20,Spectrogram 1,1,51.0,54.0,0.0,12000.0,E:\2025 King Rail Project\Choctaw_WMA_2025 Data\MINI06_20250410_050000.wav,51.0,MINI06_20250410_050000.wav,3.0,King Rail,kinrai4,0.5955,1.0,KIRA,kek,,1.0,combined_annotations.csv
21,Spectrogram 1,1,54.0,57.0,0.0,12000.0,E:\2025 King Rail Project\Choctaw_WMA_2025 Data\MINI06_20250410_050000.wav,54.0,MINI06_20250410_050000.wav,3.0,King Rail,kinrai4,0.4674,1.0,KIRA,kek,,1.0,combined_annotations.csv
22,Spectrogram 1,1,57.0,60.0,0.0,12000.0,E:\2025 King Rail Project\Choctaw_WMA_2025 Data\MINI06_20250410_050000.wav,57.0,MINI06_20250410_050000.wav,3.0,King Rail,kinrai4,0.7556,1.0,KIRA,kek,clean,1.0,combined_annotations.csv
24,Spectrogram 1,1,63.0,66.0,0.0,12000.0,E:\2025 King Rail Project\Choctaw_WMA_2025 Data\MINI06_20250410_050000.wav,63.0,MINI06_20250410_050000.wav,3.0,King Rail,kinrai4,0.4382,1.0,KIRA,kek,clean,1.0,combined_annotations.csv
28,Spectrogram 1,1,75.0,78.0,0.0,12000.0,E:\2025 King Rail Project\Choctaw_WMA_2025 Data\MINI06_20250410_050000.wav,75.0,MINI06_20250410_050000.wav,3.0,King Rail,kinrai4,0.6903,1.0,KIRA,kek,,1.0,combined_annotations.csv
29,Spectrogram 1,1,78.0,81.0,0.0,12000.0,E:\2025 King Rail Project\Choctaw_WMA_2025 Data\MINI06_20250410_050000.wav,78.0,MINI06_20250410_050000.wav,3.0,King Rail,kinrai4,0.5821,1.0,KIRA,kek,,1.0,combined_annotations.csv
30,Spectrogram 1,1,81.0,84.0,0.0,12000.0,E:\2025 King Rail Project\Choctaw_WMA_2025 Data\MINI06_20250410_050000.wav,81.0,MINI06_20250410_050000.wav,3.0,King Rail,kinrai4,0.8145,1.0,KIRA,kek,,1.0,combined_annotations.csv
31,Spectrogram 1,1,84.0,87.0,0.0,12000.0,E:\2025 King Rail Project\Choctaw_WMA_2025 Data\MINI06_20250410_050000.wav,84.0,MINI06_20250410_050000.wav,3.0,King Rail,kinrai4,0.773,1.0,KIRA,kek,,1.0,combined_annotations.csv
32,Spectrogram 1,1,87.0,90.0,0.0,12000.0,E:\2025 King Rail Project\Choctaw_WMA_2025 Data\MINI06_20250410_050000.wav,87.0,MINI06_20250410_050000.wav,3.0,King Rail,kinrai4,0.6029,1.0,KIRA,kek,,1.0,combined_annotations.csv
33,Spectrogram 1,1,90.0,93.0,0.0,12000.0,E:\2025 King Rail Project\Choctaw_WMA_2025 Data\MINI06_20250410_050000.wav,90.0,MINI06_20250410_050000.wav,3.0,King Rail,kinrai4,0.4912,1.0,KIRA,kek,,1.0,combined_annotations.csv
34,Spectrogram 1,1,93.0,96.0,0.0,12000.0,E:\2025 King Rail Project\Choctaw_WMA_2025 Data\MINI06_20250410_050000.wav,93.0,MINI06_20250410_050000.wav,3.0,King Rail,kinrai4,0.6049,1.0,KIRA,kek,,1.0,combined_annotations.csv
35,Spectrogram 1,1,96.0,99.0,0.0,12000.0,E:\2025 King Rail Project\Choctaw_WMA_2025 Data\MINI06_20250410_050000.wav,96.0,MINI06_20250410_050000.wav,3.0,King Rail,kinrai4,0.7719,1.0,KIRA,kek,,1.0,combined_annotations.csv
36,Spectrogram 1,1,99.0,102.0,0.0,12000.0,E:\2025 King Rail Project\Choctaw_WMA_2025 Data\MINI06_20250410_050000.wav,99.0,MINI06_20250410_050000.wav,3.0,King Rail,kinrai4,0.8407,1.0,KIRA,kek,,1.0,combined_annotations.csv
37,Spectrogram 1,1,105.0,108.0,0.0,12000.0,E:\2025 King Rail Project\Choctaw_WMA_2025 Data\MINI06_20250410_050000.wav,105.0,MINI06_20250410_050000.wav,3.0,King Rail,kinrai4,0.3139,1.0,KIRA,kek,,1.0,combined_annotations.csv
38,Spectrogram 1,1,108.0,111.0,0.0,12000.0,E:\2025 King Rail Project\Choctaw_WMA_2025 Data\MINI06_20250410_050000.wav,108.0,MINI06_20250410_050000.wav,3.0,King Rail,kinrai4,0.2729,1.0,KIRA,kek,,1.0,combined_annotations.csv
39,Spectrogram 1,1,111.0,114.0,0.0,12000.0,E:\2025 King Rail Project\Choctaw_WMA_2025 Data\MINI06_20250410_050000.wav,111.0,MINI06_20250410_050000.wav,3.0,King Rail,kinrai4,0.4725,1.0,KIRA,kek,,1.0,combined_annotations.csv
41,Spectrogram 1,1,117.0,120.0,0.0,12000.0,E:\2025 King Rail Project\Choctaw_WMA_2025 Data\MINI06_20250410_050000.wav,117.0,MINI06_20250410_050000.wav,3.0,King Rail,kinrai4,0.3732,1.0,KIRA,kek,,1.0,combined_annotations.csv
42,Spectrogram 1,1,120.0,123.0,0.0,12000.0,E:\2025 King Rail Project\Choctaw_WMA_2025 Data\MINI06_20250410_050000.wav,120.0,MINI06_20250410_050000.wav,3.0,King Rail,kinrai4,0.6402,1.0,KIRA,kek,,1.0,combined_annotations.csv
43,Spectrogram 1,1,123.0,126.0,0.0,12000.0,E:\2025 King Rail Project\Choctaw_WMA_2025 Data\MINI06_20250410_050000.wav,123.0,MINI06_20250410_050000.wav,3.0,King Rail,kinrai4,0.2965,1.0,KIRA,kek,,1.0,combined_annotations.csv
44,Spectrogram 1,1,126.0,129.0,0.0,12000.0,E:\2025 King Rail Project\Choctaw_WMA_2025 Data\MINI06_20250410_050000.wav,126.0,MINI06_20250410_050000.wav,3.0,King Rail,kinrai4,0.6582,1.0,KIRA,kek,,1.0,combined_annotations.csv
45,Spectrogram 1,1,129.0,132.0,0.0,12000.0,E:\2025 King Rail Project\Choctaw_WMA_2025 Data\MINI06_20250410_050000.wav,129.0,MINI06_20250410_050000.wav,3.0,King Rail,kinrai4,0.8295,1.0,KIRA,kek,,1.0,combined_annotations.csv
46,Spectrogram 1,1,132.0,135.0,0.0,12000.0,E:\2025 King Rail Project\Choctaw_WMA_2025 Data\MINI06_20250410_050000.wav,132.0,MINI06_20250410_050000.wav,3.0,King Rail,kinrai4,0.8405,1.0,KIRA,kek,,1.0,combined_annotations.csv
47,Spectrogram 1,1,141.0,144.0,0.0,12000.0,E:\2025 King Rail Project\Choctaw_WMA_2025 Data\MINI06_20250410_050000.wav,141.0,MINI06_20250410_050000.wav,3.0,King Rail,kinrai4,0.7182,1.0,KIRA,kek,,1.0,combined_annotations.csv
62,Spectrogram 1,1,228.0,231.0,0.0,12000.0,E:\2025 King Rail Project\Choctaw_WMA_2025 Data\MINI06_20250410_050000.wav,228.0,MINI06_20250410_050000.wav,3.0,Least Bittern,leabit,0.1781,0.0,,,,1.0,combined_annotations.csv
63,Spectrogram 1,1,231.0,234.0,0.0,12000.0,E:\2025 King Rail Project\Choctaw_WMA_2025 Data\MINI06_20250410_050000.wav,231.0,MINI06_20250410_050000.wav,3.0,King Rail,kinrai4,0.8173,1.0,KIRA,kek,,1.0,combined_annotations.csv
64,Spectrogram 1,1,234.0,237.0,0.0,12000.0,E:\2025 King Rail Project\Choctaw_WMA_2025 Data\MINI06_20250410_050000.wav,234.0,MINI06_20250410_050000.wav,3.0,King Rail,kinrai4,0.894,1.0,KIRA,kek,,1.0,combined_annotations.csv
65,Spectrogram 1,1,237.0,240.0,0.0,12000.0,E:\2025 King Rail Project\Choctaw_WMA_2025 Data\MINI06_20250410_050000.wav,237.0,MINI06_20250410_050000.wav,3.0,King Rail,kinrai4,0.9034,1.0,KIRA,kek,,1.0,combined_annotations.csv
66,Spectrogram 1,1,240.0,243.0,0.0,12000.0,E:\2025 King Rail Project\Choctaw_WMA_2025 Data\MINI06_20250410_050000.wav,240.0,MINI06_20250410_050000.wav,3.0,King Rail,kinrai4,0.5101,1.0,KIRA,kek,,1.0,combined_annotations.csv
67,Spectrogram 1,1,243.0,246.0,0.0,12000.0,E:\2025 King Rail Project\Choctaw_WMA_2025 Data\MINI06_20250410_050000.wav,243.0,MINI06_20250410_050000.wav,3.0,King Rail,kinrai4,0.1334,1.0,KIRA,kek,,1.0,combined_annotations.csv
68,Spectrogram 1,1,246.0,249.0,0.0,12000.0,E:\2025 King Rail Project\Choctaw_WMA_2025 Data\MINI06_20250410_050000.wav,246.0,MINI06_20250410_050000.wav,3.0,King Rail,kinrai4,0.3095,1.0,KIRA,kek,,1.0,combined_annotations.csv
69,Spectrogram 1,1,249.0,252.0,0.0,12000.0,E:\2025 King Rail Project\Choctaw_WMA_2025 Data\MINI06_20250410_050000.wav,249.0,MINI06_20250410_050000.wav,3.0,King Rail,kinrai4,0.23,1.0,KIRA,kek,,1.0,combined_annotations.csv
70,Spectrogram 1,1,252.0,255.0,0.0,12000.0,E:\2025 King Rail Project\Choctaw_WMA_2025 Data\MINI06_20250410_050000.wav,252.0,MINI06_20250410_050000.wav,3.0,Least Bittern,leabit,0.1884,0.0,,,,1.0,combined_annotations.csv
72,Spectrogram 1,1,258.0,261.0,0.0,12000.0,E:\2025 King Rail Project\Choctaw_WMA_2025 Data\MINI06_20250410_050000.wav,258.0,MINI06_20250410_050000.wav,3.0,King Rail,kinrai4,0.7963,1.0,KIRA,kek,,1.0,combined_annotations.csv
83,Spectrogram 1,1,291.0,294.0,0.0,12000.0,E:\2025 King Rail Project\Choctaw_WMA_2025 Data\MINI06_20250410_050000.wav,291.0,MINI06_20250410_050000.wav,3.0,King Rail,kinrai4,0.3795,1.0,KIRA,kek,,1.0,combined_annotations.csv
84,Spectrogram 1,1,294.0,297.0,0.0,12000.0,E:\2025 King Rail Project\Choctaw_WMA_2025 Data\MINI06_20250410_050000.wav,294.0,MINI06_20250410_050000.wav,3.0,King Rail,kinrai4,0.1235,1.0,KIRA,,,1.0,combined_annotations.csv
86,Spectrogram 1,1,300.0,303.0,0.0,12000.0,E:\2025 King Rail Project\Choctaw_WMA_2025 Data\MINI06_20250410_050000.wav,300.0,MINI06_20250410_050000.wav,3.0,King Rail,kinrai4,0.2321,1.0,KIRA,kek,,1.0,combined_annotations.csv
87,Spectrogram 1,1,303.0,306.0,0.0,12000.0,E:\2025 King Rail Project\Choctaw_WMA_2025 Data\MINI06_20250410_050000.wav,303.0,MINI06_20250410_050000.wav,3.0,King Rail,kinrai4,0.6275,1.0,KIRA,kek,,1.0,combined_annotations.csv
88,Spectrogram 1,1,306.0,309.0,0.0,12000.0,E:\2025 King Rail Project\Choctaw_WMA_2025 Data\MINI06_20250410_050000.wav,306.0,MINI06_20250410_050000.wav,3.0,King Rail,kinrai4,0.5092,1.0,KIRA,kek,,1.0,combined_annotations.csv
89,Spectrogram 1,1,309.0,312.0,0.0,12000.0,E:\2025 King Rail Project\Choctaw_WMA_2025 Data\MINI06_20250410_050000.wav,309.0,MINI06_20250410_050000.wav,3.0,King Rail,kinrai4,0.229,1.0,KIRA,kek,,1.0,combined_annotations.csv
90,Spectrogram 1,1,312.0,315.0,0.0,12000.0,E:\2025 King Rail Project\Choctaw_WMA_2025 Data\MINI06_20250410_050000.wav,312.0,MINI06_20250410_050000.wav,3.0,King Rail,kinrai4,0.5715,1.0,KIRA,kek,,1.0,combined_annotations.csv
91,Spectrogram 1,1,314.9662715,318.0,0.0,12000.0,E:\2025 King Rail Project\Choctaw_WMA_2025 Data\MINI06_20250410_050000.wav,314.9663,MINI06_20250410_050000.wav,3.0337,King Rail,kinrai4,0.5926,1.0,KIRA,kek,,1.0,combined_annotations.csv
92,Spectrogram 1,1,318.0,321.0,0.0,12000.0,E:\2025 King Rail Project\Choctaw_WMA_2025 Data\MINI06_20250410_050000.wav,318.0,MINI06_20250410_050000.wav,3.0,King Rail,kinrai4,0.2927,1.0,KIRA,kek,,1.0,combined_annotations.csv
93,Spectrogram 1,1,321.0,324.0,0.0,12000.0,E:\2025 King Rail Project\Choctaw_WMA_2025 Data\MINI06_20250410_050000.wav,321.0,MINI06_20250410_050000.wav,3.0,King Rail,kinrai4,0.3868,1.0,KIRA,kek,,1.0,combined_annotations.csv
94,Spectrogram 1,1,324.0,327.0,0.0,12000.0,E:\2025 King Rail Project\Choctaw_WMA_2025 Data\MINI06_20250410_050000.wav,324.0,MINI06_20250410_050000.wav,3.0,King Rail,kinrai4,0.6758,1.0,KIRA,kek,,1.0,combined_annotations.csv
95,Spectrogram 1,1,327.0,330.0,0.0,12000.0,E:\2025 King Rail Project\Choctaw_WMA_2025 Data\MINI06_20250410_050000.wav,327.0,MINI06_20250410_050000.wav,3.0,King Rail,kinrai4,0.2685,1.0,KIRA,kek,,1.0,combined_annotations.csv
96,Spectrogram 1,1,330.0,333.0,0.0,12000.0,E:\2025 King Rail Project\Choctaw_WMA_2025 Data\MINI06_20250410_050000.wav,330.0,MINI06_20250410_050000.wav,3.0,King Rail,kinrai4,0.3193,1.0,KIRA,kek,,1.0,combined_annotations.csv
97,Spectrogram 1,1,333.0,336.0,0.0,12000.0,E:\2025 King Rail Project\Choctaw_WMA_2025 Data\MINI06_20250410_050000.wav,333.0,MINI06_20250410_050000.wav,3.0,King Rail,kinrai4,0.4352,1.0,KIRA,kek,,1.0,combined_annotations.csv
98,Spectrogram 1,1,336.0,339.0,0.0,12000.0,E:\2025 King Rail Project\Choctaw_WMA_2025 Data\MINI06_20250410_050000.wav,336.0,MINI06_20250410_050000.wav,3.0,King Rail,kinrai4,0.4286,1.0,KIRA,kek,,1.0,combined_annotations.csv
99,Spectrogram 1,1,339.0,342.0,0.0,12000.0,E:\2025 King Rail Project\Choctaw_WMA_2025 Data\MINI06_20250410_050000.wav,339.0,MINI06_20250410_050000.wav,3.0,King Rail,kinrai4,0.3195,1.0,KIRA,kek,,1.0,combined_annotations.csv
100,Spectrogram 1,1,342.0,345.0,0.0,12000.0,E:\2025 King Rail Project\Choctaw_WMA_2025 Data\MINI06_20250410_050000.wav,342.0,MINI06_20250410_050000.wav,3.0,King Rail,kinrai4,0.5492,1.0,KIRA,kek,clean,1.0,combined_annotations.csv
101,Spectrogram 1,1,345.0,348.0,0.0,12000.0,E:\2025 King Rail Project\Choctaw_WMA_2025 Data\MINI06_20250410_050000.wav,345.0,MINI06_20250410_050000.wav,3.0,King Rail,kinrai4,0.6617,1.0,KIRA,kek,,1.0,combined_annotations.csv
102,Spectrogram 1,1,348.0,351.0,0.0,12000.0,E:\2025 King Rail Project\Choctaw_WMA_2025 Data\MINI06_20250410_050000.wav,348.0,MINI06_20250410_050000.wav,3.0,King Rail,kinrai4,0.9018,1.0,KIRA,kek,"clean, only keks",1.0,combined_annotations.csv
103,Spectrogram 1,1,351.0,354.0,0.0,12000.0,E:\2025 King Rail Project\Choctaw_WMA_2025 Data\MINI06_20250410_050000.wav,351.0,MINI06_20250410_050000.wav,3.0,King Rail,kinrai4,0.9462,1.0,KIRA,kek,,1.0,combined_annotations.csv
104,Spectrogram 1,1,354.0,357.0,0.0,12000.0,E:\2025 King Rail Project\Choctaw_WMA_2025 Data\MINI06_20250410_050000.wav,354.0,MINI06_20250410_050000.wav,3.0,King Rail,kinrai4,0.8308,1.0,KIRA,kek,,1.0,combined_annotations.csv
106,Spectrogram 1,1,360.0,363.0,0.0,12000.0,E:\2025 King Rail Project\Choctaw_WMA_2025 Data\MINI06_20250410_050000.wav,360.0,MINI06_20250410_050000.wav,3.0,King Rail,kinrai4,0.7557,1.0,KIRA,kek,,1.0,combined_annotations.csv
285,Spectrogram 1,1,1017.0,1020.0,0.0,12000.0,E:\2025 King Rail Project\Choctaw_WMA_2025 Data\MINI06_20250410_050000.wav,1017.0,MINI06_20250410_050000.wav,3.0,King Rail,kinrai4,0.5955,1.0,KIRA,kek,,1.0,combined_annotations.csv
388,Spectrogram 1,1,1437.0,1440.0,0.0,12000.0,E:\2025 King Rail Project\Choctaw_WMA_2025 Data\MINI06_20250410_050000.wav,1437.0,MINI06_20250410_050000.wav,3.0,King Rail,kinrai4,0.2751,1.0,KIRA,kek,,1.0,combined_annotations.csv
389,Spectrogram 1,1,1437.0,1440.0,0.0,12000.0,E:\2025 King Rail Project\Choctaw_WMA_2025 Data\MINI06_20250410_050000.wav,1437.0,MINI06_20250410_050000.wav,3.0,Common Gallinule,comgal1,0.1273,1.0,COGA,wipeout,,1.0,combined_annotations.csv
1109,Spectrogram 1,1,3915.0,3918.0,0.0,12000.0,E:\2025 King Rail Project\Choctaw_WMA_2025 Data\MINI06_20250410_060002.wav,315.0,MINI06_20250410_060002.wav,3.0,American Bittern,amebit,0.8472,1.0,AMBI,pumperlunk,JS,1.0,combined_annotations.csv
1110,Spectrogram 1,1,3918.0,3921.0,0.0,12000.0,E:\2025 King Rail Project\Choctaw_WMA_2025 Data\MINI06_20250410_060002.wav,318.0,MINI06_20250410_060002.wav,3.0,King Rail,kinrai4,0.43,1.0,,,,1.0,combined_annotations.csv
1122,Spectrogram 1,1,3957.0,3960.0,0.0,12000.0,E:\2025 King Rail Project\Choctaw_WMA_2025 Data\MINI06_20250410_060002.wav,357.0,MINI06_20250410_060002.wav,3.0,King Rail,kinrai4,0.3807,1.0,KIRA,kek,,1.0,combined_annotations.csv
1123,Spectrogram 1,1,3960.0,3963.0,0.0,12000.0,E:\2025 King Rail Project\Choctaw_WMA_2025 Data\MINI06_20250410_060002.wav,360.0,MINI06_20250410_060002.wav,3.0,King Rail,kinrai4,0.6107,1.0,KIRA,kek,,1.0,combined_annotations.csv
1125,Spectrogram 1,1,3963.0,3966.0,0.0,12000.0,E:\2025 King Rail Project\Choctaw_WMA_2025 Data\MINI06_20250410_060002.wav,363.0,MINI06_20250410_060002.wav,3.0,King Rail,kinrai4,0.4436,1.0,KIRA,kek,,1.0,combined_annotations.csv
1348,Spectrogram 1,1,4527.0,4530.0,0.0,12000.0,E:\2025 King Rail Project\Choctaw_WMA_2025 Data\MINI06_20250410_060002.wav,927.0,MINI06_20250410_060002.wav,3.0,American Bittern,amebit,0.4308,1.0,AMBI,pumperlunk,,1.0,combined_annotations.csv
1349,Spectrogram 1,1,4530.0,4533.0,0.0,12000.0,E:\2025 King Rail Project\Choctaw_WMA_2025 Data\MINI06_20250410_060002.wav,930.0,MINI06_20250410_060002.wav,3.0,American Bittern,amebit,0.1614,1.0,AMBI,pumperlunk,JS,1.0,combined_annotations.csv
4168,Spectrogram 1,1,11237.0,11240.0,0.0,12000.0,E:\2025 King Rail Project\Choctaw_WMA_2025 Data\MINI06_20250410_080002.wav,441.0,MINI06_20250410_080002.wav,3.0,King Rail,kinrai4,0.8829,1.0,KIRA,grunt,2,1.0,combined_annotations.csv
9666,Spectrogram 1,1,55787.0,55790.0,0.0,12000.0,E:\2025 King Rail Project\Choctaw_WMA_2025 Data\MINI06_20250411_050000.wav,1815.0,MINI06_20250411_050000.wav,3.0,King Rail,kinrai4,0.4883,1.0,KIRA,kek,,1.0,combined_annotations.csv
9667,Spectrogram 1,1,55790.0,55793.0,0.0,12000.0,E:\2025 King Rail Project\Choctaw_WMA_2025 Data\MINI06_20250411_050000.wav,1818.0,MINI06_20250411_050000.wav,3.0,King Rail,kinrai4,0.687,1.0,KIRA,kek,,1.0,combined_annotations.csv
9992,Spectrogram 1,1,56945.0,56948.0,0.0,12000.0,E:\2025 King Rail Project\Choctaw_WMA_2025 Data\MINI06_20250411_050000.wav,2973.0,MINI06_20250411_050000.wav,3.0,King Rail,kinrai4,0.8661,1.0,KIRA,kek,frogs,1.0,combined_annotations.csv
14430,Spectrogram 1,1,74562.0,74565.0,0.0,12000.0,E:\2025 King Rail Project\Choctaw_WMA_2025 Data\MINI06_20250411_100002.wav,2598.0,MINI06_20250411_100002.wav,3.0,King Rail,kinrai4,0.2093,1.0,KIRA,grunt,rain/wind,1.0,combined_annotations.csv
14431,Spectrogram 1,1,74565.0,74568.0,0.0,12000.0,E:\2025 King Rail Project\Choctaw_WMA_2025 Data\MINI06_20250411_100002.wav,2601.0,MINI06_20250411_100002.wav,3.0,King Rail,kinrai4,0.8462,1.0,KIRA,grunt,rain/wind,1.0,combined_annotations.csv
26487,Spectrogram 1,1,164301.0,164304.0,0.0,12000.0,E:\2025 King Rail Project\Choctaw_WMA_2025 Data\MINI06_20250413_050000.wav,2385.0,MINI06_20250413_050000.wav,3.0,King Rail,kinrai4,0.4245,1.0,KIRA,kek,,1.0,combined_annotations.csv
49223,Spectrogram 1,1,328276.0,328279.0,0.0,12000.0,E:\2025 King Rail Project\Choctaw_WMA_2025 Data\MINI06_20250421_050000.wav,846.0,MINI06_20250421_050000.wav,3.0,King Rail,kinrai4,0.867,1.0,KIRA,kek,engine,1.0,combined_annotations.csv
51739,Spectrogram 1,1,337496.0,337499.0,0.0,12000.0,E:\2025 King Rail Project\Choctaw_WMA_2025 Data\MINI06_20250421_070002.wav,2868.0,MINI06_20250421_070002.wav,3.0,Least Bittern,leabit,0.3115,0.0,,,,1.0,combined_annotations.csv
51740,Spectrogram 1,1,337496.0,337499.0,0.0,12000.0,E:\2025 King Rail Project\Choctaw_WMA_2025 Data\MINI06_20250421_070002.wav,2868.0,MINI06_20250421_070002.wav,3.0,Red-winged Blackbird,rewbla,0.3102,1.0,RWBL,twitter,both calls,1.0,combined_annotations.csv
58080,Spectrogram 1,1,360687.0,360690.0,0.0,12000.0,E:\2025 King Rail Project\Choctaw_WMA_2025 Data\MINI06_20250421_140002.wav,873.0,MINI06_20250421_140002.wav,3.0,King Rail,kinrai4,0.4543,1.0,KIRA,grunt,"wind, clean",1.0,combined_annotations.csv
58081,Spectrogram 1,1,360690.0,360693.0,0.0,12000.0,E:\2025 King Rail Project\Choctaw_WMA_2025 Data\MINI06_20250421_140002.wav,876.0,MINI06_20250421_140002.wav,3.0,King Rail,kinrai4,0.4416,1.0,KIRA,grunt,2,1.0,combined_annotations.csv
71821,Spectrogram 1,1,403706.0,403709.0,0.0,12000.0,E:\2025 King Rail Project\Choctaw_WMA_2025 Data\MINI06_20250422_110002.wav,714.0,MINI06_20250422_110002.wav,3.0,King Rail,kinrai4,0.3241,1.0,KIRA,kek,,1.0,combined_annotations.csv
72383,Spectrogram 1,1,405485.0216,405488.0216,0.0,12000.0,E:\2025 King Rail Project\Choctaw_WMA_2025 Data\MINI06_20250422_110002.wav,2493.0216,MINI06_20250422_110002.wav,3.0,King Rail,kinrai4,0.5742,1.0,KIRA,kek,,1.0,combined_annotations.csv
72695,Spectrogram 1,1,406310.0,406313.0,0.0,12000.0,E:\2025 King Rail Project\Choctaw_WMA_2025 Data\MINI06_20250422_110002.wav,3318.0,MINI06_20250422_110002.wav,3.0,Red-winged Blackbird,rewbla,0.3953,1.0,RWBL,jeer,rain? jeer and check,1.0,combined_annotations.csv
72720,Spectrogram 1,1,406358.0,406361.0,0.0,12000.0,E:\2025 King Rail Project\Choctaw_WMA_2025 Data\MINI06_20250422_110002.wav,3366.0,MINI06_20250422_110002.wav,3.0,King Rail,kinrai4,0.4957,0.0,,,JS,1.0,combined_annotations.csv
72721,Spectrogram 1,1,406358.0,406361.0,0.0,12000.0,E:\2025 King Rail Project\Choctaw_WMA_2025 Data\MINI06_20250422_110002.wav,3366.0,MINI06_20250422_110002.wav,3.0,American Bittern,amebit,0.2996,0.0,,,,1.0,combined_annotations.csv
73007,Spectrogram 1,1,407175.0,407178.0,0.0,12000.0,E:\2025 King Rail Project\Choctaw_WMA_2025 Data\MINI06_20250422_120002.wav,585.0,MINI06_20250422_120002.wav,3.0,Sora,sora,0.9999,1.0,,,,1.0,combined_annotations.csv
73612,Spectrogram 1,1,414011.0,414014.0,0.0,12000.0,E:\2025 King Rail Project\Choctaw_WMA_2025 Data\MINI06_20250422_140002.wav,225.0,MINI06_20250422_140002.wav,3.0,King Rail,kinrai4,0.1065,1.0,KIRA,grunt,"wind, two KIRA",1.0,combined_annotations.csv
73613,Spectrogram 1,1,414017.0,414020.0,0.0,12000.0,E:\2025 King Rail Project\Choctaw_WMA_2025 Data\MINI06_20250422_140002.wav,231.0,MINI06_20250422_140002.wav,3.0,King Rail,kinrai4,0.6678,1.0,KIRA,grunt,,1.0,combined_annotations.csv
73614,Spectrogram 1,1,414020.0,414023.0,0.0,12000.0,E:\2025 King Rail Project\Choctaw_WMA_2025 Data\MINI06_20250422_140002.wav,234.0,MINI06_20250422_140002.wav,3.0,Sora,sora,0.9393,1.0,SORA,whinny,,1.0,combined_annotations.csv
73615,Spectrogram 1,1,414023.0,414026.0,0.0,12000.0,E:\2025 King Rail Project\Choctaw_WMA_2025 Data\MINI06_20250422_140002.wav,237.0,MINI06_20250422_140002.wav,3.0,Sora,sora,0.2927,1.0,SORA,whinny,2 KIRA,1.0,combined_annotations.csv
88236,Spectrogram 1,1,459057.9951,459061.0,0.0,12000.0,E:\2025 King Rail Project\Choctaw_WMA_2025 Data\MINI06_20250423_110002.wav,2093.9951,MINI06_20250423_110002.wav,3.0049,Red-winged Blackbird,rewbla,0.4653,1.0,RWBL,twitter,,1.0,combined_annotations.csv
90143,Spectrogram 1,1,465870.0,465873.0,0.0,12000.0,E:\2025 King Rail Project\Choctaw_WMA_2025 Data\MINI06_20250423_130002.wav,1710.0,MINI06_20250423_130002.wav,3.0,Red-winged Blackbird,rewbla,0.7756,1.0,RWBL,conklaree,,1.0,combined_annotations.csv
90144,Spectrogram 1,1,465870.0,465873.0,0.0,12000.0,E:\2025 King Rail Project\Choctaw_WMA_2025 Data\MINI06_20250423_130002.wav,1710.0,MINI06_20250423_130002.wav,3.0,Least Bittern,leabit,0.2397,0.0,,,,1.0,combined_annotations.csv
98339,Spectrogram 1,1,494857.0,494860.0,0.0,12000.0,E:\2025 King Rail Project\Choctaw_WMA_2025 Data\MINI06_20250425_110002.wav,1911.0,MINI06_20250425_110002.wav,3.0,Red-winged Blackbird,rewbla,0.1006,1.0,RWBL,conklaree,,1.0,combined_annotations.csv
129595,Spectrogram 1,1,687615.0,687618.0,0.0,12000.0,E:\2025 King Rail Project\Choctaw_WMA_2025 Data\MINI06_20250505_100002.wav,369.0,MINI06_20250505_100002.wav,3.0,Red-winged Blackbird,rewbla,0.6253,1.0,RWBL,twitter,engine,1.0,combined_annotations.csv
130802,Spectrogram 1,1,697106.0,697109.0,0.0,12000.0,E:\2025 King Rail Project\Choctaw_WMA_2025 Data\MINI06_20250505_120002.wav,2664.0,MINI06_20250505_120002.wav,3.0,Red-winged Blackbird,rewbla,0.4233,1.0,RWBL,check,,1.0,combined_annotations.csv
130806,Spectrogram 1,1,697286.0,697289.0,0.0,12000.0,E:\2025 King Rail Project\Choctaw_WMA_2025 Data\MINI06_20250505_120002.wav,2844.0,MINI06_20250505_120002.wav,3.0,Red-winged Blackbird,rewbla,0.1388,1.0,RWBL,twitter,,1.0,combined_annotations.csv
130807,Spectrogram 1,1,697289.0,697292.0,0.0,12000.0,E:\2025 King Rail Project\Choctaw_WMA_2025 Data\MINI06_20250505_120002.wav,2847.0,MINI06_20250505_120002.wav,3.0,Least Bittern,leabit,0.1938,0.0,,,,1.0,combined_annotations.csv
130808,Spectrogram 1,1,697289.0,697292.0,0.0,12000.0,E:\2025 King Rail Project\Choctaw_WMA_2025 Data\MINI06_20250505_120002.wav,2847.0,MINI06_20250505_120002.wav,3.0,Red-winged Blackbird,rewbla,0.1503,1.0,RWBL,twitter,,1.0,combined_annotations.csv
131622,Spectrogram 1,1,704290.0,704293.0,0.0,12000.0,E:\2025 King Rail Project\Choctaw_WMA_2025 Data\MINI06_20250505_140002.wav,2652.0,MINI06_20250505_140002.wav,3.0,King Rail,kinrai4,0.8795,1.0,KIRA,grunt,grunt and kek,1.0,combined_annotations.csv
132800,Spectrogram 1,1,712410.0,712413.0,0.0,12000.0,E:\2025 King Rail Project\Choctaw_WMA_2025 Data\MINI06_20250505_160002.wav,3576.0,MINI06_20250505_160002.wav,3.0,King Rail,kinrai4,0.8708,1.0,KIRA,grunt,both calls,1.0,combined_annotations.csv
132804,Spectrogram 1,1,712416.0,712419.0,0.0,12000.0,E:\2025 King Rail Project\Choctaw_WMA_2025 Data\MINI06_20250505_160002.wav,3582.0,MINI06_20250505_160002.wav,3.0,King Rail,kinrai4,0.4341,1.0,KIRA,grunt,,1.0,combined_annotations.csv
132805,Spectrogram 1,1,712416.0,712419.0,0.0,12000.0,E:\2025 King Rail Project\Choctaw_WMA_2025 Data\MINI06_20250505_160002.wav,3582.0,MINI06_20250505_160002.wav,3.0,Least Bittern,leabit,0.3327,0.0,,,,1.0,combined_annotations.csv
132806,Spectrogram 1,1,712416.0,712419.0,0.0,12000.0,E:\2025 King Rail Project\Choctaw_WMA_2025 Data\MINI06_20250505_160002.wav,3582.0,MINI06_20250505_160002.wav,3.0,Virginia Rail,virrai,0.1747,0.0,,,,1.0,combined_annotations.csv
134151,Spectrogram 1,1,716690.0,716693.0,0.0,12000.0,E:\2025 King Rail Project\Choctaw_WMA_2025 Data\MINI06_20250505_180002.wav,660.0,MINI06_20250505_180002.wav,3.0,King Rail,kinrai4,0.341,1.0,KIRA,grunt,mix,1.0,combined_annotations.csv
134155,Spectrogram 1,1,716696.0,716699.0,0.0,12000.0,E:\2025 King Rail Project\Choctaw_WMA_2025 Data\MINI06_20250505_180002.wav,666.0,MINI06_20250505_180002.wav,3.0,King Rail,kinrai4,0.6435,1.0,KIRA,grunt,mix,1.0,combined_annotations.csv
149177,Spectrogram 1,1,804021.0,804024.0,0.0,12000.0,E:\2025 King Rail Project\Choctaw_WMA_2025 Data\MINI06_20250512_120002.wav,1635.0,MINI06_20250512_120002.wav,3.0,Red-winged Blackbird,rewbla,0.3169,1.0,RWBL,jeer,rain,1.0,combined_annotations.csv
154752,Spectrogram 1,1,844417.0,844420.0,0.0,12000.0,E:\2025 King Rail Project\Choctaw_WMA_2025 Data\MINI06_20250513_080002.wav,2451.0,MINI06_20250513_080002.wav,3.0,King Rail,kinrai4,0.8774,1.0,KIRA,grunt,,1.0,combined_annotations.csv
161764,Spectrogram 1,1,898668.0,898671.0,0.0,12000.0,E:\2025 King Rail Project\Choctaw_WMA_2025 Data\MINI06_20250514_080002.wav,2730.0,MINI06_20250514_080002.wav,3.0,King Rail,kinrai4,0.8919,1.0,KIRA,grunt,background engine? rain,1.0,combined_annotations.csv
172046,Spectrogram 1,1,1001949.995,1001953.0,0.0,11960.784,E:\2025 King Rail Project\Choctaw_WMA_2025 Data\MINI06_20250522_120002.wav,1667.9951,MINI06_20250522_120002.wav,3.0049,Red-winged Blackbird,rewbla,0.5384,1.0,RWBL,conklaree,rain?,1.0,combined_annotations.csv
172048,Spectrogram 1,1,1001953.0,1001956.0,0.0,12000.0,E:\2025 King Rail Project\Choctaw_WMA_2025 Data\MINI06_20250522_120002.wav,1671.0,MINI06_20250522_120002.wav,3.0,Red-winged Blackbird,rewbla,0.14,1.0,RWBL,conklaree,rain?,1.0,combined_annotations.csv
181362,Spectrogram 1,1,1054938.0,1054941.0,0.0,12000.0,E:\2025 King Rail Project\Choctaw_WMA_2025 Data\MINI06_20250523_120002.wav,684.0,MINI06_20250523_120002.wav,3.0,Red-winged Blackbird,rewbla,0.5647,1.0,RWBL,check,,1.0,combined_annotations.csv
181449,Spectrogram 1,1,1055919.0,1055922.0,0.0,12000.0,E:\2025 King Rail Project\Choctaw_WMA_2025 Data\MINI06_20250523_120002.wav,1665.0,MINI06_20250523_120002.wav,3.0,Red-winged Blackbird,rewbla,0.5104,1.0,RWBL,check,,1.0,combined_annotations.csv
181450,Spectrogram 1,1,1055919.0,1055922.0,0.0,12000.0,E:\2025 King Rail Project\Choctaw_WMA_2025 Data\MINI06_20250523_120002.wav,1665.0,MINI06_20250523_120002.wav,3.0,King Rail,kinrai4,0.221,0.0,,,,1.0,combined_annotations.csv
184277,Spectrogram 1,1,1075457.0,1075460.0,0.0,12000.0,E:\2025 King Rail Project\Choctaw_WMA_2025 Data\MINI06_20250523_170002.wav,3213.0,MINI06_20250523_170002.wav,3.0,Red-winged Blackbird,rewbla,0.5548,1.0,RWBL,check,,1.0,combined_annotations.csv
192313,Spectrogram 1,1,1101999.0,1102002.0,0.0,12000.0,E:\2025 King Rail Project\Choctaw_WMA_2025 Data\MINI06_20250524_100002.wav,969.0,MINI06_20250524_100002.wav,3.0,Red-winged Blackbird,rewbla,0.4253,1.0,RWBL,jeer,,1.0,combined_annotations.csv
219098,Spectrogram 1,1,1280065.0,1280068.0,0.0,12000.0,E:\2025 King Rail Project\Choctaw_WMA_2025 Data\MINI06_20250527_140002.wav,2727.0,MINI06_20250527_140002.wav,3.0,Red-winged Blackbird,rewbla,0.1493,1.0,RWBL,conklaree,narrow-mouthed toads,1.0,combined_annotations.csv
219317,Spectrogram 1,1,1292660.0,1292663.0,0.0,12000.0,E:\2025 King Rail Project\Choctaw_WMA_2025 Data\MINI06_20250527_180002.wav,930.0,MINI06_20250527_180002.wav,3.0,Red-winged Blackbird,rewbla,0.1827,1.0,RWBL,jeer,,1.0,combined_annotations.csv
219421,Spectrogram 1,1,1297350.0,1297353.0,0.0,12000.0,E:\2025 King Rail Project\Choctaw_WMA_2025 Data\MINI06_20250527_190002.wav,2022.0,MINI06_20250527_190002.wav,3.0,Red-winged Blackbird,rewbla,0.482,1.0,,,,1.0,combined_annotations.csv
219438,Spectrogram 1,1,1298385.0,1298388.0,0.0,12000.0,E:\2025 King Rail Project\Choctaw_WMA_2025 Data\MINI06_20250527_190002.wav,3057.0,MINI06_20250527_190002.wav,3.0,Red-winged Blackbird,rewbla,0.5691,1.0,RWBL,conklaree,,1.0,combined_annotations.csv
4,Spectrogram 1,1,21.0,24.0,0.0,12000.0,E:\2025 King Rail Project\2025 ARU Data Annotated For King Rail Project\Lattimore1 SMA06000\Lattimore1Data20250326to20250707\SMA06000_20250326_193100.wav,21.0,SMA06000_20250326_193100.wav,3.0,Red-winged Blackbird,rewbla,0.2162,1.0,RWBL,,rain,1.0,combined_annotations.csv
34,Spectrogram 1,1,318.0,321.0,0.0,12000.0,E:\2025 King Rail Project\2025 ARU Data Annotated For King Rail Project\Lattimore1 SMA06000\Lattimore1Data20250326to20250707\SMA06000_20250326_193100.wav,318.0,SMA06000_20250326_193100.wav,3.0,Red-winged Blackbird,rewbla,0.3213,1.0,RWBL,conklaree,rain,1.0,combined_annotations.csv
35,Spectrogram 1,1,321.0,324.0,0.0,12000.0,E:\2025 King Rail Project\2025 ARU Data Annotated For King Rail Project\Lattimore1 SMA06000\Lattimore1Data20250326to20250707\SMA06000_20250326_193100.wav,321.0,SMA06000_20250326_193100.wav,3.0,Red-winged Blackbird,rewbla,0.1146,1.0,RWBL,,,1.0,combined_annotations.csv
48,Spectrogram 1,1,381.0,384.0,0.0,12000.0,E:\2025 King Rail Project\2025 ARU Data Annotated For King Rail Project\Lattimore1 SMA06000\Lattimore1Data20250326to20250707\SMA06000_20250326_193100.wav,381.0,SMA06000_20250326_193100.wav,3.0,Virginia Rail,virrai,0.4222,0.0,RWBL,pink,rain,1.0,combined_annotations.csv
49,Spectrogram 1,1,384.0,387.0,0.0,12000.0,E:\2025 King Rail Project\2025 ARU Data Annotated For King Rail Project\Lattimore1 SMA06000\Lattimore1Data20250326to20250707\SMA06000_20250326_193100.wav,384.0,SMA06000_20250326_193100.wav,3.0,Virginia Rail,virrai,0.2418,0.0,,,,1.0,combined_annotations.csv
50,Spectrogram 1,1,384.0,387.0,0.0,12000.0,E:\2025 King Rail Project\2025 ARU Data Annotated For King Rail Project\Lattimore1 SMA06000\Lattimore1Data20250326to20250707\SMA06000_20250326_193100.wav,384.0,SMA06000_20250326_193100.wav,3.0,Red-winged Blackbird,rewbla,0.1067,1.0,RWBL,pink,,1.0,combined_annotations.csv
51,Spectrogram 1,1,387.0,390.0,0.0,12000.0,E:\2025 King Rail Project\2025 ARU Data Annotated For King Rail Project\Lattimore1 SMA06000\Lattimore1Data20250326to20250707\SMA06000_20250326_193100.wav,387.0,SMA06000_20250326_193100.wav,3.0,Virginia Rail,virrai,0.339,0.0,RWBL,pink,"pink plus conklaree, rain",1.0,combined_annotations.csv
52,Spectrogram 1,1,387.0,390.0,0.0,12000.0,E:\2025 King Rail Project\2025 ARU Data Annotated For King Rail Project\Lattimore1 SMA06000\Lattimore1Data20250326to20250707\SMA06000_20250326_193100.wav,387.0,SMA06000_20250326_193100.wav,3.0,Common Gallinule,comgal1,0.1512,0.0,,,rain,1.0,combined_annotations.csv
53,Spectrogram 1,1,387.0,390.0,0.0,12000.0,E:\2025 King Rail Project\2025 ARU Data Annotated For King Rail Project\Lattimore1 SMA06000\Lattimore1Data20250326to20250707\SMA06000_20250326_193100.wav,387.0,SMA06000_20250326_193100.wav,3.0,Least Bittern,leabit,0.1193,0.0,,,rain,1.0,combined_annotations.csv
54,Spectrogram 1,1,390.0,393.0,0.0,12000.0,E:\2025 King Rail Project\2025 ARU Data Annotated For King Rail Project\Lattimore1 SMA06000\Lattimore1Data20250326to20250707\SMA06000_20250326_193100.wav,390.0,SMA06000_20250326_193100.wav,3.0,Virginia Rail,virrai,0.228,0.0,RWBL,pink,rain,1.0,combined_annotations.csv
55,Spectrogram 1,1,393.0,396.0,0.0,12000.0,E:\2025 King Rail Project\2025 ARU Data Annotated For King Rail Project\Lattimore1 SMA06000\Lattimore1Data20250326to20250707\SMA06000_20250326_193100.wav,393.0,SMA06000_20250326_193100.wav,3.0,Virginia Rail,virrai,0.4028,0.0,RWBL,pink,rain,1.0,combined_annotations.csv
58,Spectrogram 1,1,402.0,405.0,0.0,12000.0,E:\2025 King Rail Project\2025 ARU Data Annotated For King Rail Project\Lattimore1 SMA06000\Lattimore1Data20250326to20250707\SMA06000_20250326_193100.wav,402.0,SMA06000_20250326_193100.wav,3.0,King Rail,kinrai4,0.1055,0.0,,,rain,1.0,combined_annotations.csv
172,Spectrogram 1,1,828.0,831.0,0.0,12000.0,E:\2025 King Rail Project\2025 ARU Data Annotated For King Rail Project\Lattimore1 SMA06000\Lattimore1Data20250326to20250707\SMA06000_20250326_193100.wav,828.0,SMA06000_20250326_193100.wav,3.0,Common Gallinule,comgal1,0.1386,0.0,,,rain,1.0,combined_annotations.csv
173,Spectrogram 1,1,828.0,831.0,0.0,12000.0,E:\2025 King Rail Project\2025 ARU Data Annotated For King Rail Project\Lattimore1 SMA06000\Lattimore1Data20250326to20250707\SMA06000_20250326_193100.wav,828.0,SMA06000_20250326_193100.wav,3.0,King Rail,kinrai4,0.1377,0.0,,,rain,1.0,combined_annotations.csv
174,Spectrogram 1,1,828.0,831.0,0.0,12000.0,E:\2025 King Rail Project\2025 ARU Data Annotated For King Rail Project\Lattimore1 SMA06000\Lattimore1Data20250326to20250707\SMA06000_20250326_193100.wav,828.0,SMA06000_20250326_193100.wav,3.0,Least Bittern,leabit,0.1174,0.0,,,rain,1.0,combined_annotations.csv
192,Spectrogram 1,1,963.0,966.0,0.0,12000.0,E:\2025 King Rail Project\2025 ARU Data Annotated For King Rail Project\Lattimore1 SMA06000\Lattimore1Data20250326to20250707\SMA06000_20250326_193100.wav,963.0,SMA06000_20250326_193100.wav,3.0,American Bittern,amebit,0.1477,0.0,,,rain,1.0,combined_annotations.csv
195,Spectrogram 1,1,993.0,996.0,0.0,12000.0,E:\2025 King Rail Project\2025 ARU Data Annotated For King Rail Project\Lattimore1 SMA06000\Lattimore1Data20250326to20250707\SMA06000_20250326_193100.wav,993.0,SMA06000_20250326_193100.wav,3.0,Least Bittern,leabit,0.1681,0.0,,,rain,1.0,combined_annotations.csv
3270,Spectrogram 1,1,42342.0,42345.0,0.0,12000.0,E:\2025 King Rail Project\2025 ARU Data Annotated For King Rail Project\Lattimore1 SMA06000\Lattimore1Data20250326to20250707\SMA06000_20250402_193800.wav,342.0,SMA06000_20250402_193800.wav,3.0,King Rail,kinrai4,0.1032,0.0,,,,1.0,combined_annotations.csv
8438,Spectrogram 1,1,72216.0,72219.0,0.0,12000.0,E:\2025 King Rail Project\2025 ARU Data Annotated For King Rail Project\Lattimore1 SMA06000\Lattimore1Data20250326to20250707\SMA06000_20250407_194400.wav,216.0,SMA06000_20250407_194400.wav,3.0,Red-winged Blackbird,rewbla,0.8408,1.0,RWBL,,,1.0,combined_annotations.csv
8521,Spectrogram 1,1,72498.0,72501.0,0.0,12000.0,E:\2025 King Rail Project\2025 ARU Data Annotated For King Rail Project\Lattimore1 SMA06000\Lattimore1Data20250326to20250707\SMA06000_20250407_194400.wav,498.0,SMA06000_20250407_194400.wav,3.0,Red-winged Blackbird,rewbla,0.5835,1.0,,,,1.0,combined_annotations.csv
8522,Spectrogram 1,1,72498.0,72501.0,0.0,12000.0,E:\2025 King Rail Project\2025 ARU Data Annotated For King Rail Project\Lattimore1 SMA06000\Lattimore1Data20250326to20250707\SMA06000_20250407_194400.wav,498.0,SMA06000_20250407_194400.wav,3.0,Least Bittern,leabit,0.1252,0.0,,,,1.0,combined_annotations.csv
8523,Spectrogram 1,1,72501.0,72504.0,0.0,12000.0,E:\2025 King Rail Project\2025 ARU Data Annotated For King Rail Project\Lattimore1 SMA06000\Lattimore1Data20250326to20250707\SMA06000_20250407_194400.wav,501.0,SMA06000_20250407_194400.wav,3.0,Red-winged Blackbird,rewbla,0.696,1.0,,,,1.0,combined_annotations.csv
8525,Spectrogram 1,1,72507.0,72510.0,0.0,12000.0,E:\2025 King Rail Project\2025 ARU Data Annotated For King Rail Project\Lattimore1 SMA06000\Lattimore1Data20250326to20250707\SMA06000_20250407_194400.wav,507.0,SMA06000_20250407_194400.wav,3.0,Red-winged Blackbird,rewbla,0.8209,1.0,,,,1.0,combined_annotations.csv
8526,Spectrogram 1,1,72510.0,72513.0,0.0,12000.0,E:\2025 King Rail Project\2025 ARU Data Annotated For King Rail Project\Lattimore1 SMA06000\Lattimore1Data20250326to20250707\SMA06000_20250407_194400.wav,510.0,SMA06000_20250407_194400.wav,3.0,Red-winged Blackbird,rewbla,0.7593,1.0,,,,1.0,combined_annotations.csv
8527,Spectrogram 1,1,72510.0,72513.0,0.0,12000.0,E:\2025 King Rail Project\2025 ARU Data Annotated For King Rail Project\Lattimore1 SMA06000\Lattimore1Data20250326to20250707\SMA06000_20250407_194400.wav,510.0,SMA06000_20250407_194400.wav,3.0,Least Bittern,leabit,0.1264,0.0,,,,1.0,combined_annotations.csv
8528,Spectrogram 1,1,72513.0,72516.0,0.0,12000.0,E:\2025 King Rail Project\2025 ARU Data Annotated For King Rail Project\Lattimore1 SMA06000\Lattimore1Data20250326to20250707\SMA06000_20250407_194400.wav,513.0,SMA06000_20250407_194400.wav,3.0,Red-winged Blackbird,rewbla,0.6885,1.0,,,,1.0,combined_annotations.csv
10453,Spectrogram 1,1,87522.0,87525.0,0.0,12000.0,E:\2025 King Rail Project\2025 ARU Data Annotated For King Rail Project\Lattimore1 SMA06000\Lattimore1Data20250326to20250707\SMA06000_20250410_040000.wav,1122.0,SMA06000_20250410_040000.wav,3.0,Least Bittern,leabit,0.4711,0.0,,,,1.0,combined_annotations.csv
11495,Spectrogram 1,1,89808.0,89811.0,0.0,12000.0,E:\2025 King Rail Project\2025 ARU Data Annotated For King Rail Project\Lattimore1 SMA06000\Lattimore1Data20250326to20250707\SMA06000_20250410_064000.wav,2208.0,SMA06000_20250410_064000.wav,3.0,Red-winged Blackbird,rewbla,0.1691,1.0,RWBL,jeer,rain,1.0,combined_annotations.csv
11833,Spectrogram 1,1,91212.0,91215.0,0.0,12000.0,E:\2025 King Rail Project\2025 ARU Data Annotated For King Rail Project\Lattimore1 SMA06000\Lattimore1Data20250326to20250707\SMA06000_20250410_194700.wav,1212.0,SMA06000_20250410_194700.wav,3.0,Red-winged Blackbird,rewbla,0.1458,1.0,,,,1.0,combined_annotations.csv
11834,Spectrogram 1,1,91212.0,91215.0,0.0,12000.0,E:\2025 King Rail Project\2025 ARU Data Annotated For King Rail Project\Lattimore1 SMA06000\Lattimore1Data20250326to20250707\SMA06000_20250410_194700.wav,1212.0,SMA06000_20250410_194700.wav,3.0,Least Bittern,leabit,0.1214,0.0,,,,1.0,combined_annotations.csv
11835,Spectrogram 1,1,91218.0,91221.0,0.0,12000.0,E:\2025 King Rail Project\2025 ARU Data Annotated For King Rail Project\Lattimore1 SMA06000\Lattimore1Data20250326to20250707\SMA06000_20250410_194700.wav,1218.0,SMA06000_20250410_194700.wav,3.0,Virginia Rail,virrai,0.652,0.0,,,,1.0,combined_annotations.csv
11836,Spectrogram 1,1,91218.0,91221.0,0.0,12000.0,E:\2025 King Rail Project\2025 ARU Data Annotated For King Rail Project\Lattimore1 SMA06000\Lattimore1Data20250326to20250707\SMA06000_20250410_194700.wav,1218.0,SMA06000_20250410_194700.wav,3.0,Swamp Sparrow,swaspa,0.3453,1.0,,,,1.0,combined_annotations.csv
21719,Spectrogram 1,1,130131.0,130134.0,0.0,12000.0,E:\2025 King Rail Project\2025 ARU Data Annotated For King Rail Project\Lattimore1 SMA06000\Lattimore1Data20250326to20250707\SMA06000_20250417_062900.wav,531.0,SMA06000_20250417_062900.wav,3.0,Swamp Sparrow,swaspa,0.5993,,,,,1.0,combined_annotations.csv
21839,Spectrogram 1,1,130473.0,130476.0,0.0,12000.0,E:\2025 King Rail Project\2025 ARU Data Annotated For King Rail Project\Lattimore1 SMA06000\Lattimore1Data20250326to20250707\SMA06000_20250417_062900.wav,873.0,SMA06000_20250417_062900.wav,3.0,Virginia Rail,virrai,0.4381,0.0,,,,1.0,combined_annotations.csv
21842,Spectrogram 1,1,130479.0,130482.0,0.0,12000.0,E:\2025 King Rail Project\2025 ARU Data Annotated For King Rail Project\Lattimore1 SMA06000\Lattimore1Data20250326to20250707\SMA06000_20250417_062900.wav,879.0,SMA06000_20250417_062900.wav,3.0,Virginia Rail,virrai,0.9202,0.0,,,,1.0,combined_annotations.csv
21847,Spectrogram 1,1,130494.0,130497.0,0.0,12000.0,E:\2025 King Rail Project\2025 ARU Data Annotated For King Rail Project\Lattimore1 SMA06000\Lattimore1Data20250326to20250707\SMA06000_20250417_062900.wav,894.0,SMA06000_20250417_062900.wav,3.0,Virginia Rail,virrai,0.8625,0.0,,,,1.0,combined_annotations.csv
21850,Spectrogram 1,1,130503.0,130506.0,0.0,12000.0,E:\2025 King Rail Project\2025 ARU Data Annotated For King Rail Project\Lattimore1 SMA06000\Lattimore1Data20250326to20250707\SMA06000_20250417_062900.wav,903.0,SMA06000_20250417_062900.wav,3.0,Virginia Rail,virrai,0.8642,0.0,,,,1.0,combined_annotations.csv
22084,Spectrogram 1,1,131094.0,131097.0,0.0,12000.0,E:\2025 King Rail Project\2025 ARU Data Annotated For King Rail Project\Lattimore1 SMA06000\Lattimore1Data20250326to20250707\SMA06000_20250417_062900.wav,1494.0,SMA06000_20250417_062900.wav,3.0,American Bittern,amebit,0.1736,,,,,1.0,combined_annotations.csv
22205,Spectrogram 1,1,131403.0,131406.0,0.0,12000.0,E:\2025 King Rail Project\2025 ARU Data Annotated For King Rail Project\Lattimore1 SMA06000\Lattimore1Data20250326to20250707\SMA06000_20250417_062900.wav,1803.0,SMA06000_20250417_062900.wav,3.0,Red-winged Blackbird,rewbla,0.2213,1.0,RWBL,,,1.0,combined_annotations.csv
22207,Spectrogram 1,1,131412.0,131415.0,0.0,12000.0,E:\2025 King Rail Project\2025 ARU Data Annotated For King Rail Project\Lattimore1 SMA06000\Lattimore1Data20250326to20250707\SMA06000_20250417_062900.wav,1812.0,SMA06000_20250417_062900.wav,3.0,Red-winged Blackbird,rewbla,0.4701,1.0,,,,1.0,combined_annotations.csv
22208,Spectrogram 1,1,131415.0,131418.0,0.0,12000.0,E:\2025 King Rail Project\2025 ARU Data Annotated For King Rail Project\Lattimore1 SMA06000\Lattimore1Data20250326to20250707\SMA06000_20250417_062900.wav,1815.0,SMA06000_20250417_062900.wav,3.0,Red-winged Blackbird,rewbla,0.4821,1.0,RWBL,check,,1.0,combined_annotations.csv
22209,Spectrogram 1,1,131415.0,131418.0,0.0,12000.0,E:\2025 King Rail Project\2025 ARU Data Annotated For King Rail Project\Lattimore1 SMA06000\Lattimore1Data20250326to20250707\SMA06000_20250417_062900.wav,1815.0,SMA06000_20250417_062900.wav,3.0,King Rail,kinrai4,0.1019,0.0,,,RWBL,1.0,combined_annotations.csv
32108,Spectrogram 1,1,174600.0,174603.0,0.0,12000.0,E:\2025 King Rail Project\2025 ARU Data Annotated For King Rail Project\Lattimore1 SMA06000\Lattimore1Data20250326to20250707\SMA06000_20250424_200200.wav,600.0,SMA06000_20250424_200200.wav,3.0,Virginia Rail,virrai,0.938,0.0,,,,1.0,combined_annotations.csv
32109,Spectrogram 1,1,174600.0,174603.0,0.0,12000.0,E:\2025 King Rail Project\2025 ARU Data Annotated For King Rail Project\Lattimore1 SMA06000\Lattimore1Data20250326to20250707\SMA06000_20250424_200200.wav,600.0,SMA06000_20250424_200200.wav,3.0,Least Bittern,leabit,0.1425,0.0,,,,1.0,combined_annotations.csv
40503,Spectrogram 1,1,210897.0,210900.0,0.0,12000.0,E:\2025 King Rail Project\2025 ARU Data Annotated For King Rail Project\Lattimore1 SMA06000\Lattimore1Data20250326to20250707\SMA06000_20250430_200900.wav,897.0,SMA06000_20250430_200900.wav,3.0,Least Bittern,leabit,0.2397,0.0,,,,1.0,combined_annotations.csv
40504,Spectrogram 1,1,210897.0,210900.0,0.0,12000.0,E:\2025 King Rail Project\2025 ARU Data Annotated For King Rail Project\Lattimore1 SMA06000\Lattimore1Data20250326to20250707\SMA06000_20250430_200900.wav,897.0,SMA06000_20250430_200900.wav,3.0,King Rail,kinrai4,0.1173,0.0,,,,1.0,combined_annotations.csv
40640,Spectrogram 1,1,211872.0,211875.0,0.0,12000.0,E:\2025 King Rail Project\2025 ARU Data Annotated For King Rail Project\Lattimore1 SMA06000\Lattimore1Data20250326to20250707\SMA06000_20250430_200900.wav,1872.0,SMA06000_20250430_200900.wav,3.0,King Rail,kinrai4,0.1255,0.0,,,,1.0,combined_annotations.csv
41482,Spectrogram 1,1,216236.0267,216239.0267,0.0,12000.0,E:\2025 King Rail Project\2025 ARU Data Annotated For King Rail Project\Lattimore1 SMA06000\Lattimore1Data20250326to20250707\SMA06000_20250501_201000.wav,378.0,SMA06000_20250501_201000.wav,3.0,King Rail,kinrai4,0.352,0.0,,,label for training,1.0,combined_annotations.csv
41483,Spectrogram 1,1,216236.0267,216239.0267,0.0,12000.0,E:\2025 King Rail Project\2025 ARU Data Annotated For King Rail Project\Lattimore1 SMA06000\Lattimore1Data20250326to20250707\SMA06000_20250501_201000.wav,378.0,SMA06000_20250501_201000.wav,3.0,Red-winged Blackbird,rewbla,0.1193,1.0,RWBL,check,,1.0,combined_annotations.csv
41484,Spectrogram 1,1,216236.0267,216239.0267,0.0,12000.0,E:\2025 King Rail Project\2025 ARU Data Annotated For King Rail Project\Lattimore1 SMA06000\Lattimore1Data20250326to20250707\SMA06000_20250501_201000.wav,378.0,SMA06000_20250501_201000.wav,3.0,Sora,sora,0.1183,0.0,,,,1.0,combined_annotations.csv
41485,Spectrogram 1,1,216236.0267,216239.0267,0.0,12000.0,E:\2025 King Rail Project\2025 ARU Data Annotated For King Rail Project\Lattimore1 SMA06000\Lattimore1Data20250326to20250707\SMA06000_20250501_201000.wav,378.0,SMA06000_20250501_201000.wav,3.0,Least Bittern,leabit,0.1032,0.0,,,,1.0,combined_annotations.csv
41486,Spectrogram 1,1,216239.0267,216242.0267,0.0,12000.0,E:\2025 King Rail Project\2025 ARU Data Annotated For King Rail Project\Lattimore1 SMA06000\Lattimore1Data20250326to20250707\SMA06000_20250501_201000.wav,381.0,SMA06000_20250501_201000.wav,3.0,King Rail,kinrai4,0.1825,0.0,,,,1.0,combined_annotations.csv
41487,Spectrogram 1,1,216239.0267,216242.0267,0.0,12000.0,E:\2025 King Rail Project\2025 ARU Data Annotated For King Rail Project\Lattimore1 SMA06000\Lattimore1Data20250326to20250707\SMA06000_20250501_201000.wav,381.0,SMA06000_20250501_201000.wav,3.0,Least Bittern,leabit,0.1474,0.0,,,,1.0,combined_annotations.csv
41489,Spectrogram 1,1,216242.0267,216245.0267,0.0,12000.0,E:\2025 King Rail Project\2025 ARU Data Annotated For King Rail Project\Lattimore1 SMA06000\Lattimore1Data20250326to20250707\SMA06000_20250501_201000.wav,384.0,SMA06000_20250501_201000.wav,3.0,King Rail,kinrai4,0.2093,0.0,,,,1.0,combined_annotations.csv
41490,Spectrogram 1,1,216242.0267,216245.0267,0.0,12000.0,E:\2025 King Rail Project\2025 ARU Data Annotated For King Rail Project\Lattimore1 SMA06000\Lattimore1Data20250326to20250707\SMA06000_20250501_201000.wav,384.0,SMA06000_20250501_201000.wav,3.0,Red-winged Blackbird,rewbla,0.1059,1.0,RWBL,Multiple,,1.0,combined_annotations.csv
43112,Spectrogram 1,1,223010.0267,223013.0267,0.0,12000.0,E:\2025 King Rail Project\2025 ARU Data Annotated For King Rail Project\Lattimore1 SMA06000\Lattimore1Data20250326to20250707\SMA06000_20250502_201100.wav,1152.0,SMA06000_20250502_201100.wav,3.0,American Bittern,amebit,0.1364,0.0,,,,1.0,combined_annotations.csv
49224,Spectrogram 1,1,254186.0267,254189.0267,0.0,12000.0,E:\2025 King Rail Project\2025 ARU Data Annotated For King Rail Project\Lattimore1 SMA06000\Lattimore1Data20250326to20250707\SMA06000_20250507_201600.wav,2328.0,SMA06000_20250507_201600.wav,3.0,King Rail,kinrai4,0.3605,1.0,KIRA,kek,,1.0,combined_annotations.csv
49225,Spectrogram 1,1,254186.0267,254189.0267,0.0,12000.0,E:\2025 King Rail Project\2025 ARU Data Annotated For King Rail Project\Lattimore1 SMA06000\Lattimore1Data20250326to20250707\SMA06000_20250507_201600.wav,2328.0,SMA06000_20250507_201600.wav,3.0,Least Bittern,leabit,0.1346,0.0,,,,1.0,combined_annotations.csv
49240,Spectrogram 1,1,254213.0267,254216.0267,0.0,12000.0,E:\2025 King Rail Project\2025 ARU Data Annotated For King Rail Project\Lattimore1 SMA06000\Lattimore1Data20250326to20250707\SMA06000_20250507_201600.wav,2355.0,SMA06000_20250507_201600.wav,3.0,King Rail,kinrai4,0.2154,1.0,KIRA,grunt,,1.0,combined_annotations.csv
49241,Spectrogram 1,1,254213.0267,254216.0267,0.0,12000.0,E:\2025 King Rail Project\2025 ARU Data Annotated For King Rail Project\Lattimore1 SMA06000\Lattimore1Data20250326to20250707\SMA06000_20250507_201600.wav,2355.0,SMA06000_20250507_201600.wav,3.0,Least Bittern,leabit,0.184,0.0,,,,1.0,combined_annotations.csv
49242,Spectrogram 1,1,254216.0267,254219.0267,0.0,12000.0,E:\2025 King Rail Project\2025 ARU Data Annotated For King Rail Project\Lattimore1 SMA06000\Lattimore1Data20250326to20250707\SMA06000_20250507_201600.wav,2358.0,SMA06000_20250507_201600.wav,3.0,King Rail,kinrai4,0.1151,1.0,KIRA,grunt,,1.0,combined_annotations.csv
49258,Spectrogram 1,1,254480.0267,254483.0267,0.0,12000.0,E:\2025 King Rail Project\2025 ARU Data Annotated For King Rail Project\Lattimore1 SMA06000\Lattimore1Data20250326to20250707\SMA06000_20250508_040000.wav,222.0,SMA06000_20250508_040000.wav,3.0,King Rail,kinrai4,0.2634,1.0,KIRA,kek,,1.0,combined_annotations.csv
49260,Spectrogram 1,1,254507.0267,254510.0267,0.0,12000.0,E:\2025 King Rail Project\2025 ARU Data Annotated For King Rail Project\Lattimore1 SMA06000\Lattimore1Data20250326to20250707\SMA06000_20250508_040000.wav,249.0,SMA06000_20250508_040000.wav,3.0,King Rail,kinrai4,0.1332,1.0,KIRA,grunt,clean,1.0,combined_annotations.csv
49261,Spectrogram 1,1,254552.0267,254555.0267,0.0,12000.0,E:\2025 King Rail Project\2025 ARU Data Annotated For King Rail Project\Lattimore1 SMA06000\Lattimore1Data20250326to20250707\SMA06000_20250508_040000.wav,294.0,SMA06000_20250508_040000.wav,3.0,King Rail,kinrai4,0.3362,1.0,KIRA,kek burr,,1.0,combined_annotations.csv
49262,Spectrogram 1,1,254759.0267,254762.0267,0.0,12000.0,E:\2025 King Rail Project\2025 ARU Data Annotated For King Rail Project\Lattimore1 SMA06000\Lattimore1Data20250326to20250707\SMA06000_20250508_040000.wav,501.0,SMA06000_20250508_040000.wav,3.0,King Rail,kinrai4,0.1484,1.0,KIRA,kek,,1.0,combined_annotations.csv
49265,Spectrogram 1,1,254945.0267,254948.0267,0.0,12000.0,E:\2025 King Rail Project\2025 ARU Data Annotated For King Rail Project\Lattimore1 SMA06000\Lattimore1Data20250326to20250707\SMA06000_20250508_040000.wav,687.0,SMA06000_20250508_040000.wav,3.0,King Rail,kinrai4,0.1276,1.0,KIRA,grunt,clean,1.0,combined_annotations.csv
49266,Spectrogram 1,1,255020.0267,255023.0267,0.0,12000.0,E:\2025 King Rail Project\2025 ARU Data Annotated For King Rail Project\Lattimore1 SMA06000\Lattimore1Data20250326to20250707\SMA06000_20250508_040000.wav,762.0,SMA06000_20250508_040000.wav,3.0,King Rail,kinrai4,0.3633,1.0,KIRA,kek,clean,1.0,combined_annotations.csv
49268,Spectrogram 1,1,255083.0267,255086.0267,0.0,12000.0,E:\2025 King Rail Project\2025 ARU Data Annotated For King Rail Project\Lattimore1 SMA06000\Lattimore1Data20250326to20250707\SMA06000_20250508_040000.wav,825.0,SMA06000_20250508_040000.wav,3.0,King Rail,kinrai4,0.293,1.0,KIRA,grunt,clean,1.0,combined_annotations.csv
49270,Spectrogram 1,1,255086.0267,255089.0267,0.0,12000.0,E:\2025 King Rail Project\2025 ARU Data Annotated For King Rail Project\Lattimore1 SMA06000\Lattimore1Data20250326to20250707\SMA06000_20250508_040000.wav,828.0,SMA06000_20250508_040000.wav,3.0,King Rail,kinrai4,0.1222,1.0,KIRA,grunt,clean,1.0,combined_annotations.csv
57215,Spectrogram 1,1,296153.0267,296156.0267,0.0,12000.0,E:\2025 King Rail Project\2025 ARU Data Annotated For King Rail Project\Lattimore1 SMA06000\Lattimore1Data20250326to20250707\SMA06000_20250514_202300.wav,2295.0,SMA06000_20250514_202300.wav,3.0,American Bittern,amebit,0.142,0.0,,,,1.0,combined_annotations.csv
57216,Spectrogram 1,1,296153.0267,296156.0267,0.0,12000.0,E:\2025 King Rail Project\2025 ARU Data Annotated For King Rail Project\Lattimore1 SMA06000\Lattimore1Data20250326to20250707\SMA06000_20250514_202300.wav,2295.0,SMA06000_20250514_202300.wav,3.0,Least Bittern,leabit,0.109,0.0,,,,1.0,combined_annotations.csv
59933,Spectrogram 1,1,307535.0267,307538.0267,0.0,12000.0,E:\2025 King Rail Project\2025 ARU Data Annotated For King Rail Project\Lattimore1 SMA06000\Lattimore1Data20250326to20250707\SMA06000_20250516_202500.wav,1677.0,SMA06000_20250516_202500.wav,3.0,Least Bittern,leabit,0.1557,0.0,,,rain,1.0,combined_annotations.csv
59934,Spectrogram 1,1,307538.0267,307541.0267,0.0,12000.0,E:\2025 King Rail Project\2025 ARU Data Annotated For King Rail Project\Lattimore1 SMA06000\Lattimore1Data20250326to20250707\SMA06000_20250516_202500.wav,1680.0,SMA06000_20250516_202500.wav,3.0,Least Bittern,leabit,0.1348,0.0,,,,1.0,combined_annotations.csv
60330,Spectrogram 1,1,310451.0267,310454.0267,0.0,12000.0,E:\2025 King Rail Project\2025 ARU Data Annotated For King Rail Project\Lattimore1 SMA06000\Lattimore1Data20250326to20250707\SMA06000_20250517_055100.wav,993.0,SMA06000_20250517_055100.wav,3.0,American Bittern,amebit,0.1083,0.0,,,rain,1.0,combined_annotations.csv
60761,Spectrogram 1,1,312299.0267,312302.0267,0.0,12000.0,E:\2025 King Rail Project\2025 ARU Data Annotated For King Rail Project\Lattimore1 SMA06000\Lattimore1Data20250326to20250707\SMA06000_20250517_202600.wav,441.0,SMA06000_20250517_202600.wav,3.0,King Rail,kinrai4,0.1281,0.0,,,rain,1.0,combined_annotations.csv
60762,Spectrogram 1,1,312299.0267,312302.0267,0.0,12000.0,E:\2025 King Rail Project\2025 ARU Data Annotated For King Rail Project\Lattimore1 SMA06000\Lattimore1Data20250326to20250707\SMA06000_20250517_202600.wav,441.0,SMA06000_20250517_202600.wav,3.0,Least Bittern,leabit,0.1278,0.0,,,rain,1.0,combined_annotations.csv
60763,Spectrogram 1,1,312299.0267,312302.0267,0.0,12000.0,E:\2025 King Rail Project\2025 ARU Data Annotated For King Rail Project\Lattimore1 SMA06000\Lattimore1Data20250326to20250707\SMA06000_20250517_202600.wav,441.0,SMA06000_20250517_202600.wav,3.0,Willow Flycatcher,wilfly,0.1174,0.0,,,rain,1.0,combined_annotations.csv
73448,Spectrogram 1,1,383089.2747,383092.2747,0.0,12000.0,E:\2025 King Rail Project\2025 ARU Data Annotated For King Rail Project\Lattimore1 SMA06000\Lattimore1Data20250326to20250707\SMA06000_20250529_054200.wav,1782.0,SMA06000_20250529_054200.wav,3.0,King Rail,kinrai4,0.1405,0.0,,,,1.0,combined_annotations.csv
73449,Spectrogram 1,1,383089.2747,383092.2747,0.0,12000.0,E:\2025 King Rail Project\2025 ARU Data Annotated For King Rail Project\Lattimore1 SMA06000\Lattimore1Data20250326to20250707\SMA06000_20250529_054200.wav,1782.0,SMA06000_20250529_054200.wav,3.0,Least Bittern,leabit,0.1051,0.0,,,,1.0,combined_annotations.csv
79088,Spectrogram 1,1,407152.2747,407155.2747,0.0,12000.0,E:\2025 King Rail Project\2025 ARU Data Annotated For King Rail Project\Lattimore1 SMA06000\Lattimore1Data20250326to20250707\SMA06000_20250602_054000.wav,1845.0,SMA06000_20250602_054000.wav,3.0,Least Bittern,leabit,0.1672,0.0,,,,1.0,combined_annotations.csv
79089,Spectrogram 1,1,407152.2747,407155.2747,0.0,12000.0,E:\2025 King Rail Project\2025 ARU Data Annotated For King Rail Project\Lattimore1 SMA06000\Lattimore1Data20250326to20250707\SMA06000_20250602_054000.wav,1845.0,SMA06000_20250602_054000.wav,3.0,Red-winged Blackbird,rewbla,0.1628,1.0,,,,1.0,combined_annotations.csv
79090,Spectrogram 1,1,407152.2747,407155.2747,0.0,12000.0,E:\2025 King Rail Project\2025 ARU Data Annotated For King Rail Project\Lattimore1 SMA06000\Lattimore1Data20250326to20250707\SMA06000_20250602_054000.wav,1845.0,SMA06000_20250602_054000.wav,3.0,Willow Flycatcher,wilfly,0.1068,0.0,,,,1.0,combined_annotations.csv
80083,Spectrogram 1,1,409786.2747,409789.2747,0.0,12000.0,E:\2025 King Rail Project\2025 ARU Data Annotated For King Rail Project\Lattimore1 SMA06000\Lattimore1Data20250326to20250707\SMA06000_20250602_204000.wav,2079.0,SMA06000_20250602_204000.wav,3.0,Red-winged Blackbird,rewbla,0.5753,1.0,RWBL,cheer-type call,,1.0,combined_annotations.csv
94804,Spectrogram 1,1,492287.024,492290.024,0.0,12000.0,E:\2025 King Rail Project\2025 ARU Data Annotated For King Rail Project\Lattimore1 SMA06000\Lattimore1Data20250326to20250707\SMA06000_20250616_204800.wav,786.0,SMA06000_20250616_204800.wav,3.0,Least Bittern,leabit,0.167,0.0,,,,1.0,combined_annotations.csv
94805,Spectrogram 1,1,492287.024,492290.024,0.0,12000.0,E:\2025 King Rail Project\2025 ARU Data Annotated For King Rail Project\Lattimore1 SMA06000\Lattimore1Data20250326to20250707\SMA06000_20250616_204800.wav,786.0,SMA06000_20250616_204800.wav,3.0,Red-winged Blackbird,rewbla,0.1346,1.0,RWBL,,,1.0,combined_annotations.csv
95851,Spectrogram 1,1,497600.024,497603.024,0.0,12000.0,E:\2025 King Rail Project\2025 ARU Data Annotated For King Rail Project\Lattimore1 SMA06000\Lattimore1Data20250326to20250707\SMA06000_20250617_204800.wav,99.0,SMA06000_20250617_204800.wav,3.0,Least Bittern,leabit,0.8528,1.0,,,,1.0,combined_annotations.csv
96430,Spectrogram 1,1,499415.024,499418.024,0.0,12000.0,E:\2025 King Rail Project\2025 ARU Data Annotated For King Rail Project\Lattimore1 SMA06000\Lattimore1Data20250326to20250707\SMA06000_20250617_204800.wav,1914.0,SMA06000_20250617_204800.wav,3.0,Red-winged Blackbird,rewbla,0.2336,1.0,,,,1.0,combined_annotations.csv
97401,Spectrogram 1,1,504215.024,504218.024,0.0,12000.0,E:\2025 King Rail Project\2025 ARU Data Annotated For King Rail Project\Lattimore1 SMA06000\Lattimore1Data20250326to20250707\SMA06000_20250618_204800.wav,714.0,SMA06000_20250618_204800.wav,3.0,Red-winged Blackbird,rewbla,0.1752,1.0,,,,1.0,combined_annotations.csv
97402,Spectrogram 1,1,504215.024,504218.024,0.0,12000.0,E:\2025 King Rail Project\2025 ARU Data Annotated For King Rail Project\Lattimore1 SMA06000\Lattimore1Data20250326to20250707\SMA06000_20250618_204800.wav,714.0,SMA06000_20250618_204800.wav,3.0,Least Bittern,leabit,0.1279,0.0,,,,1.0,combined_annotations.csv
99680,Spectrogram 1,1,516836.024,516839.024,0.0,12000.0,E:\2025 King Rail Project\2025 ARU Data Annotated For King Rail Project\Lattimore1 SMA06000\Lattimore1Data20250326to20250707\SMA06000_20250620_204900.wav,1335.0,SMA06000_20250620_204900.wav,3.0,Least Bittern,leabit,0.3781,0.0,,,,1.0,combined_annotations.csv
99681,Spectrogram 1,1,516836.024,516839.024,0.0,12000.0,E:\2025 King Rail Project\2025 ARU Data Annotated For King Rail Project\Lattimore1 SMA06000\Lattimore1Data20250326to20250707\SMA06000_20250620_204900.wav,1335.0,SMA06000_20250620_204900.wav,3.0,King Rail,kinrai4,0.1097,0.0,,,,1.0,combined_annotations.csv
102671,Spectrogram 1,1,533759.024,533762.024,0.0,12000.0,E:\2025 King Rail Project\2025 ARU Data Annotated For King Rail Project\Lattimore1 SMA06000\Lattimore1Data20250326to20250707\SMA06000_20250623_205000.wav,258.0,SMA06000_20250623_205000.wav,3.0,Virginia Rail,virrai,0.9111,0.0,,,,1.0,combined_annotations.csv
102672,Spectrogram 1,1,533759.024,533762.024,0.0,12000.0,E:\2025 King Rail Project\2025 ARU Data Annotated For King Rail Project\Lattimore1 SMA06000\Lattimore1Data20250326to20250707\SMA06000_20250623_205000.wav,258.0,SMA06000_20250623_205000.wav,3.0,Least Bittern,leabit,0.2908,0.0,,,,1.0,combined_annotations.csv
102673,Spectrogram 1,1,533759.024,533762.024,0.0,12000.0,E:\2025 King Rail Project\2025 ARU Data Annotated For King Rail Project\Lattimore1 SMA06000\Lattimore1Data20250326to20250707\SMA06000_20250623_205000.wav,258.0,SMA06000_20250623_205000.wav,3.0,King Rail,kinrai4,0.2141,0.0,,,,1.0,combined_annotations.csv
102674,Spectrogram 1,1,533759.024,533762.024,0.0,12000.0,E:\2025 King Rail Project\2025 ARU Data Annotated For King Rail Project\Lattimore1 SMA06000\Lattimore1Data20250326to20250707\SMA06000_20250623_205000.wav,258.0,SMA06000_20250623_205000.wav,3.0,Marsh Wren,marwre,0.1332,1.0,,,,1.0,combined_annotations.csv
104523,Spectrogram 1,1,541736.024,541739.024,0.0,12000.0,E:\2025 King Rail Project\2025 ARU Data Annotated For King Rail Project\Lattimore1 SMA06000\Lattimore1Data20250326to20250707\SMA06000_20250624_205000.wav,2235.0,SMA06000_20250624_205000.wav,3.0,Virginia Rail,virrai,0.9091,0.0,,,,1.0,combined_annotations.csv
104524,Spectrogram 1,1,541736.024,541739.024,0.0,12000.0,E:\2025 King Rail Project\2025 ARU Data Annotated For King Rail Project\Lattimore1 SMA06000\Lattimore1Data20250326to20250707\SMA06000_20250624_205000.wav,2235.0,SMA06000_20250624_205000.wav,3.0,Least Bittern,leabit,0.2992,0.0,,,,1.0,combined_annotations.csv
108301,Spectrogram 1,1,565526.024,565529.024,0.0,12000.0,E:\2025 King Rail Project\2025 ARU Data Annotated For King Rail Project\Lattimore1 SMA06000\Lattimore1Data20250326to20250707\SMA06000_20250628_205000.wav,2025.0,SMA06000_20250628_205000.wav,3.0,Virginia Rail,virrai,0.2201,0.0,,,,1.0,combined_annotations.csv
108302,Spectrogram 1,1,565526.024,565529.024,0.0,12000.0,E:\2025 King Rail Project\2025 ARU Data Annotated For King Rail Project\Lattimore1 SMA06000\Lattimore1Data20250326to20250707\SMA06000_20250628_205000.wav,2025.0,SMA06000_20250628_205000.wav,3.0,American Bittern,amebit,0.1365,0.0,,,,1.0,combined_annotations.csv
108303,Spectrogram 1,1,565526.024,565529.024,0.0,12000.0,E:\2025 King Rail Project\2025 ARU Data Annotated For King Rail Project\Lattimore1 SMA06000\Lattimore1Data20250326to20250707\SMA06000_20250628_205000.wav,2025.0,SMA06000_20250628_205000.wav,3.0,Least Bittern,leabit,0.1027,0.0,,,,1.0,combined_annotations.csv
108304,Spectrogram 1,1,565529.024,565532.024,0.0,12000.0,E:\2025 King Rail Project\2025 ARU Data Annotated For King Rail Project\Lattimore1 SMA06000\Lattimore1Data20250326to20250707\SMA06000_20250628_205000.wav,2028.0,SMA06000_20250628_205000.wav,3.0,Virginia Rail,virrai,0.8635,0.0,,,,1.0,combined_annotations.csv
108305,Spectrogram 1,1,565529.024,565532.024,0.0,12000.0,E:\2025 King Rail Project\2025 ARU Data Annotated For King Rail Project\Lattimore1 SMA06000\Lattimore1Data20250326to20250707\SMA06000_20250628_205000.wav,2028.0,SMA06000_20250628_205000.wav,3.0,King Rail,kinrai4,0.1526,0.0,,,,1.0,combined_annotations.csv
108306,Spectrogram 1,1,565529.024,565532.024,0.0,12000.0,E:\2025 King Rail Project\2025 ARU Data Annotated For King Rail Project\Lattimore1 SMA06000\Lattimore1Data20250326to20250707\SMA06000_20250628_205000.wav,2028.0,SMA06000_20250628_205000.wav,3.0,Least Bittern,leabit,0.1087,0.0,,,,1.0,combined_annotations.csv
109520,Spectrogram 1,1,571676.024,571679.024,0.0,12000.0,E:\2025 King Rail Project\2025 ARU Data Annotated For King Rail Project\Lattimore1 SMA06000\Lattimore1Data20250326to20250707\SMA06000_20250629_205000.wav,2175.0,SMA06000_20250629_205000.wav,3.0,Virginia Rail,virrai,0.7759,0.0,,,,1.0,combined_annotations.csv
113024,Spectrogram 1,1,589496.024,589499.024,0.0,12000.0,E:\2025 King Rail Project\2025 ARU Data Annotated For King Rail Project\Lattimore1 SMA06000\Lattimore1Data20250326to20250707\SMA06000_20250702_204900.wav,1995.0,SMA06000_20250702_204900.wav,3.0,Least Bittern,leabit,0.2183,0.0,,,,1.0,combined_annotations.csv
113025,Spectrogram 1,1,589496.024,589499.024,0.0,12000.0,E:\2025 King Rail Project\2025 ARU Data Annotated For King Rail Project\Lattimore1 SMA06000\Lattimore1Data20250326to20250707\SMA06000_20250702_204900.wav,1995.0,SMA06000_20250702_204900.wav,3.0,King Rail,kinrai4,0.1318,0.0,,,,1.0,combined_annotations.csv
113026,Spectrogram 1,1,589496.024,589499.024,0.0,12000.0,E:\2025 King Rail Project\2025 ARU Data Annotated For King Rail Project\Lattimore1 SMA06000\Lattimore1Data20250326to20250707\SMA06000_20250702_204900.wav,1995.0,SMA06000_20250702_204900.wav,3.0,Red-winged Blackbird,rewbla,0.1259,1.0,,,,1.0,combined_annotations.csv
113746,Spectrogram 1,1,592703.024,592706.024,0.0,12000.0,E:\2025 King Rail Project\2025 ARU Data Annotated For King Rail Project\Lattimore1 SMA06000\Lattimore1Data20250326to20250707\SMA06000_20250703_054300.wav,1602.0,SMA06000_20250703_054300.wav,3.0,Least Bittern,leabit,0.323,0.0,,,,1.0,combined_annotations.csv
113747,Spectrogram 1,1,592703.024,592706.024,0.0,12000.0,E:\2025 King Rail Project\2025 ARU Data Annotated For King Rail Project\Lattimore1 SMA06000\Lattimore1Data20250326to20250707\SMA06000_20250703_054300.wav,1602.0,SMA06000_20250703_054300.wav,3.0,King Rail,kinrai4,0.116,0.0,,,,1.0,combined_annotations.csv
113748,Spectrogram 1,1,592703.024,592706.024,0.0,12000.0,E:\2025 King Rail Project\2025 ARU Data Annotated For King Rail Project\Lattimore1 SMA06000\Lattimore1Data20250326to20250707\SMA06000_20250703_054300.wav,1602.0,SMA06000_20250703_054300.wav,3.0,American Bittern,amebit,0.1128,0.0,,,FP from check + frog,1.0,combined_annotations.csv
114220,Spectrogram 1,1,593894.024,593897.024,0.0,12000.0,E:\2025 King Rail Project\2025 ARU Data Annotated For King Rail Project\Lattimore1 SMA06000\Lattimore1Data20250326to20250707\SMA06000_20250703_204900.wav,393.0,SMA06000_20250703_204900.wav,3.0,King Rail,kinrai4,0.3983,0.0,,,,1.0,combined_annotations.csv
114663,Spectrogram 1,1,597521.024,597524.024,0.0,12000.0,E:\2025 King Rail Project\2025 ARU Data Annotated For King Rail Project\Lattimore1 SMA06000\Lattimore1Data20250326to20250707\SMA06000_20250704_054400.wav,420.0,SMA06000_20250704_054400.wav,3.0,King Rail,kinrai4,0.3413,0.0,,,,1.0,combined_annotations.csv
114664,Spectrogram 1,1,597521.024,597524.024,0.0,12000.0,E:\2025 King Rail Project\2025 ARU Data Annotated For King Rail Project\Lattimore1 SMA06000\Lattimore1Data20250326to20250707\SMA06000_20250704_054400.wav,420.0,SMA06000_20250704_054400.wav,3.0,Least Bittern,leabit,0.2825,0.0,,,,1.0,combined_annotations.csv
114665,Spectrogram 1,1,597521.024,597524.024,0.0,12000.0,E:\2025 King Rail Project\2025 ARU Data Annotated For King Rail Project\Lattimore1 SMA06000\Lattimore1Data20250326to20250707\SMA06000_20250704_054400.wav,420.0,SMA06000_20250704_054400.wav,3.0,Virginia Rail,virrai,0.2338,0.0,,,,1.0,combined_annotations.csv
114666,Spectrogram 1,1,597521.024,597524.024,0.0,12000.0,E:\2025 King Rail Project\2025 ARU Data Annotated For King Rail Project\Lattimore1 SMA06000\Lattimore1Data20250326to20250707\SMA06000_20250704_054400.wav,420.0,SMA06000_20250704_054400.wav,3.0,Swamp Sparrow,swaspa,0.1136,1.0,,,,1.0,combined_annotations.csv
115632,Spectrogram 1,1,601322.024,601325.024,0.0,12000.0,E:\2025 King Rail Project\2025 ARU Data Annotated For King Rail Project\Lattimore1 SMA06000\Lattimore1Data20250326to20250707\SMA06000_20250704_204900.wav,1821.0,SMA06000_20250704_204900.wav,3.0,Least Bittern,leabit,0.3775,0.0,,,,1.0,combined_annotations.csv
115633,Spectrogram 1,1,601322.024,601325.024,0.0,12000.0,E:\2025 King Rail Project\2025 ARU Data Annotated For King Rail Project\Lattimore1 SMA06000\Lattimore1Data20250326to20250707\SMA06000_20250704_204900.wav,1821.0,SMA06000_20250704_204900.wav,3.0,Red-winged Blackbird,rewbla,0.1073,1.0,,,,1.0,combined_annotations.csv
116188,Spectrogram 1,1,603830.024,603833.024,0.0,12000.0,E:\2025 King Rail Project\2025 ARU Data Annotated For King Rail Project\Lattimore1 SMA06000\Lattimore1Data20250326to20250707\SMA06000_20250705_054400.wav,729.0,SMA06000_20250705_054400.wav,3.0,King Rail,kinrai4,0.428,0.0,,,messy clip. FP likely noise,1.0,combined_annotations.csv
116848,Spectrogram 1,1,605678.024,605681.024,0.0,12000.0,E:\2025 King Rail Project\2025 ARU Data Annotated For King Rail Project\Lattimore1 SMA06000\Lattimore1Data20250326to20250707\SMA06000_20250705_204900.wav,177.0,SMA06000_20250705_204900.wav,3.0,Red-winged Blackbird,rewbla,0.1696,1.0,,,,1.0,combined_annotations.csv
116849,Spectrogram 1,1,605678.024,605681.024,0.0,12000.0,E:\2025 King Rail Project\2025 ARU Data Annotated For King Rail Project\Lattimore1 SMA06000\Lattimore1Data20250326to20250707\SMA06000_20250705_204900.wav,177.0,SMA06000_20250705_204900.wav,3.0,Least Bittern,leabit,0.1179,0.0,,,,1.0,combined_annotations.csv
117730,Spectrogram 1,1,611390.024,611393.024,0.0,12000.0,E:\2025 King Rail Project\2025 ARU Data Annotated For King Rail Project\Lattimore1 SMA06000\Lattimore1Data20250326to20250707\SMA06000_20250706_054500.wav,2289.0,SMA06000_20250706_054500.wav,3.0,Swamp Sparrow,swaspa,0.6192,1.0,,,,1.0,combined_annotations.csv
117731,Spectrogram 1,1,611390.024,611393.024,0.0,12000.0,E:\2025 King Rail Project\2025 ARU Data Annotated For King Rail Project\Lattimore1 SMA06000\Lattimore1Data20250326to20250707\SMA06000_20250706_054500.wav,2289.0,SMA06000_20250706_054500.wav,3.0,King Rail,kinrai4,0.1938,0.0,,,,1.0,combined_annotations.csv
117778,Spectrogram 1,1,611762.024,611765.024,0.0,12000.0,E:\2025 King Rail Project\2025 ARU Data Annotated For King Rail Project\Lattimore1 SMA06000\Lattimore1Data20250326to20250707\SMA06000_20250706_204800.wav,261.0,SMA06000_20250706_204800.wav,3.0,Least Bittern,leabit,0.1421,0.0,,,,1.0,combined_annotations.csv
117842,Spectrogram 1,1,612332.024,612335.024,0.0,12000.0,E:\2025 King Rail Project\2025 ARU Data Annotated For King Rail Project\Lattimore1 SMA06000\Lattimore1Data20250326to20250707\SMA06000_20250706_204800.wav,831.0,SMA06000_20250706_204800.wav,3.0,Least Bittern,leabit,0.4204,0.0,,,,1.0,combined_annotations.csv
117843,Spectrogram 1,1,612332.024,612335.024,0.0,12000.0,E:\2025 King Rail Project\2025 ARU Data Annotated For King Rail Project\Lattimore1 SMA06000\Lattimore1Data20250326to20250707\SMA06000_20250706_204800.wav,831.0,SMA06000_20250706_204800.wav,3.0,Red-winged Blackbird,rewbla,0.1385,1.0,,,,1.0,combined_annotations.csv
117844,Spectrogram 1,1,612341.024,612344.024,0.0,12000.0,E:\2025 King Rail Project\2025 ARU Data Annotated For King Rail Project\Lattimore1 SMA06000\Lattimore1Data20250326to20250707\SMA06000_20250706_204800.wav,840.0,SMA06000_20250706_204800.wav,3.0,American Bittern,amebit,0.1197,0.0,,,,1.0,combined_annotations.csv
117845,Spectrogram 1,1,612341.024,612344.024,0.0,12000.0,E:\2025 King Rail Project\2025 ARU Data Annotated For King Rail Project\Lattimore1 SMA06000\Lattimore1Data20250326to20250707\SMA06000_20250706_204800.wav,840.0,SMA06000_20250706_204800.wav,3.0,Swamp Sparrow,swaspa,0.1139,1.0,,,,1.0,combined_annotations.csv
117846,Spectrogram 1,1,612347.024,612350.024,0.0,12000.0,E:\2025 King Rail Project\2025 ARU Data Annotated For King Rail Project\Lattimore1 SMA06000\Lattimore1Data20250326to20250707\SMA06000_20250706_204800.wav,846.0,SMA06000_20250706_204800.wav,3.0,Red-winged Blackbird,rewbla,0.2023,1.0,,,,1.0,combined_annotations.csv
117980,Spectrogram 1,1,615764.024,615767.024,0.0,12000.0,E:\2025 King Rail Project\2025 ARU Data Annotated For King Rail Project\Lattimore1 SMA06000\Lattimore1Data20250326to20250707\SMA06000_20250707_054600.wav,663.0,SMA06000_20250707_054600.wav,3.0,Least Bittern,leabit,0.2551,0.0,,,,1.0,combined_annotations.csv
117981,Spectrogram 1,1,615764.024,615767.024,0.0,12000.0,E:\2025 King Rail Project\2025 ARU Data Annotated For King Rail Project\Lattimore1 SMA06000\Lattimore1Data20250326to20250707\SMA06000_20250707_054600.wav,663.0,SMA06000_20250707_054600.wav,3.0,Red-winged Blackbird,rewbla,0.1611,1.0,,,,1.0,combined_annotations.csv
118698,Spectrogram 1,1,91215.00561,91217.98696,0.0,12000.0,E:\2025 King Rail Project\2025 ARU Data Annotated For King Rail Project\Lattimore1 SMA06000\Lattimore1Data20250326to20250707\SMA06000_20250410_194700.wav,1215.0056,SMA06000_20250410_194700.wav,2.9814,Red-winged Blackbird,,,,RWBL,multiple,"jeer (highalarm), jenk, twitter",1.0,combined_annotations.csv
25,Spectrogram 1,1,219.0,222.0,0.0,12000.0,E:\2025 King Rail Project\2025 ARU Data Annotated For King Rail Project\Lattimore2 2MA06246\Lattimore2Data20250404to20250707\2MA06246_20250404_194100.wav,219.0,2MA06246_20250404_194100.wav,3.0,King Rail,kinrai4,0.2055,0.0,,,,1.0,combined_annotations.csv
36,Spectrogram 1,1,318.0,321.0,0.0,12000.0,E:\2025 King Rail Project\2025 ARU Data Annotated For King Rail Project\Lattimore2 2MA06246\Lattimore2Data20250404to20250707\2MA06246_20250404_194100.wav,318.0,2MA06246_20250404_194100.wav,3.0,King Rail,kinrai4,0.1415,0.0,,,,1.0,combined_annotations.csv
50,Spectrogram 1,1,417.0,420.0,0.0,12000.0,E:\2025 King Rail Project\2025 ARU Data Annotated For King Rail Project\Lattimore2 2MA06246\Lattimore2Data20250404to20250707\2MA06246_20250404_194100.wav,417.0,2MA06246_20250404_194100.wav,3.0,Virginia Rail,virrai,0.8628,0.0,,,,1.0,combined_annotations.csv
51,Spectrogram 1,1,420.0,423.0,0.0,12000.0,E:\2025 King Rail Project\2025 ARU Data Annotated For King Rail Project\Lattimore2 2MA06246\Lattimore2Data20250404to20250707\2MA06246_20250404_194100.wav,420.0,2MA06246_20250404_194100.wav,3.0,Virginia Rail,virrai,0.8816,0.0,,,,1.0,combined_annotations.csv
57,Spectrogram 1,1,438.0,441.0,0.0,12000.0,E:\2025 King Rail Project\2025 ARU Data Annotated For King Rail Project\Lattimore2 2MA06246\Lattimore2Data20250404to20250707\2MA06246_20250404_194100.wav,438.0,2MA06246_20250404_194100.wav,3.0,Virginia Rail,virrai,0.7945,0.0,,,,1.0,combined_annotations.csv
94,Spectrogram 1,1,1221.0,1224.0,0.0,12000.0,E:\2025 King Rail Project\2025 ARU Data Annotated For King Rail Project\Lattimore2 2MA06246\Lattimore2Data20250404to20250707\2MA06246_20250404_194100.wav,1221.0,2MA06246_20250404_194100.wav,3.0,King Rail,kinrai4,0.2259,0.0,,,,1.0,combined_annotations.csv
382,Spectrogram 1,1,5415.0,5418.0,0.0,12000.0,E:\2025 King Rail Project\2025 ARU Data Annotated For King Rail Project\Lattimore2 2MA06246\Lattimore2Data20250404to20250707\2MA06246_20250405_064800.wav,1815.0,2MA06246_20250405_064800.wav,3.0,American Bittern,amebit,0.1945,0.0,,,,1.0,combined_annotations.csv
383,Spectrogram 1,1,5415.0,5418.0,0.0,12000.0,E:\2025 King Rail Project\2025 ARU Data Annotated For King Rail Project\Lattimore2 2MA06246\Lattimore2Data20250404to20250707\2MA06246_20250405_064800.wav,1815.0,2MA06246_20250405_064800.wav,3.0,Least Bittern,leabit,0.1798,0.0,,,,1.0,combined_annotations.csv
384,Spectrogram 1,1,5415.0,5418.0,0.0,12000.0,E:\2025 King Rail Project\2025 ARU Data Annotated For King Rail Project\Lattimore2 2MA06246\Lattimore2Data20250404to20250707\2MA06246_20250405_064800.wav,1815.0,2MA06246_20250405_064800.wav,3.0,Sora,sora,0.1382,0.0,,,,1.0,combined_annotations.csv
385,Spectrogram 1,1,5415.0,5418.0,0.0,12000.0,E:\2025 King Rail Project\2025 ARU Data Annotated For King Rail Project\Lattimore2 2MA06246\Lattimore2Data20250404to20250707\2MA06246_20250405_064800.wav,1815.0,2MA06246_20250405_064800.wav,3.0,King Rail,kinrai4,0.1186,0.0,,,,1.0,combined_annotations.csv
737,Spectrogram 1,1,7173.0,7176.0,0.0,12000.0,E:\2025 King Rail Project\2025 ARU Data Annotated For King Rail Project\Lattimore2 2MA06246\Lattimore2Data20250404to20250707\2MA06246_20250405_194200.wav,1173.0,2MA06246_20250405_194200.wav,3.0,Red-winged Blackbird,rewbla,0.3134,1.0,,,,1.0,combined_annotations.csv
738,Spectrogram 1,1,7173.0,7176.0,0.0,12000.0,E:\2025 King Rail Project\2025 ARU Data Annotated For King Rail Project\Lattimore2 2MA06246\Lattimore2Data20250404to20250707\2MA06246_20250405_194200.wav,1173.0,2MA06246_20250405_194200.wav,3.0,King Rail,kinrai4,0.1798,0.0,,,,1.0,combined_annotations.csv
840,Spectrogram 1,1,11025.0,11028.0,0.0,12000.0,E:\2025 King Rail Project\2025 ARU Data Annotated For King Rail Project\Lattimore2 2MA06246\Lattimore2Data20250404to20250707\2MA06246_20250406_064700.wav,1425.0,2MA06246_20250406_064700.wav,3.0,Red-winged Blackbird,rewbla,0.2009,1.0,,,windy,1.0,combined_annotations.csv
841,Spectrogram 1,1,11025.0,11028.0,0.0,12000.0,E:\2025 King Rail Project\2025 ARU Data Annotated For King Rail Project\Lattimore2 2MA06246\Lattimore2Data20250404to20250707\2MA06246_20250406_064700.wav,1425.0,2MA06246_20250406_064700.wav,3.0,Least Bittern,leabit,0.1792,0.0,,,windy,1.0,combined_annotations.csv
842,Spectrogram 1,1,11028.0,11031.0,0.0,12000.0,E:\2025 King Rail Project\2025 ARU Data Annotated For King Rail Project\Lattimore2 2MA06246\Lattimore2Data20250404to20250707\2MA06246_20250406_064700.wav,1428.0,2MA06246_20250406_064700.wav,3.0,King Rail,kinrai4,0.1137,0.0,,,wind clipping,1.0,combined_annotations.csv
843,Spectrogram 1,1,11067.0,11070.0,0.0,12000.0,E:\2025 King Rail Project\2025 ARU Data Annotated For King Rail Project\Lattimore2 2MA06246\Lattimore2Data20250404to20250707\2MA06246_20250406_064700.wav,1467.0,2MA06246_20250406_064700.wav,3.0,Least Bittern,leabit,0.2836,0.0,,,"windy, wind clipping",1.0,combined_annotations.csv
844,Spectrogram 1,1,11067.0,11070.0,0.0,12000.0,E:\2025 King Rail Project\2025 ARU Data Annotated For King Rail Project\Lattimore2 2MA06246\Lattimore2Data20250404to20250707\2MA06246_20250406_064700.wav,1467.0,2MA06246_20250406_064700.wav,3.0,Red-winged Blackbird,rewbla,0.2149,1.0,,,"windy, wind clipping",1.0,combined_annotations.csv
845,Spectrogram 1,1,11070.0,11073.0,0.0,12000.0,E:\2025 King Rail Project\2025 ARU Data Annotated For King Rail Project\Lattimore2 2MA06246\Lattimore2Data20250404to20250707\2MA06246_20250406_064700.wav,1470.0,2MA06246_20250406_064700.wav,3.0,King Rail,kinrai4,0.1277,0.0,,,wind clipping,1.0,combined_annotations.csv
846,Spectrogram 1,1,11070.0,11073.0,0.0,12000.0,E:\2025 King Rail Project\2025 ARU Data Annotated For King Rail Project\Lattimore2 2MA06246\Lattimore2Data20250404to20250707\2MA06246_20250406_064700.wav,1470.0,2MA06246_20250406_064700.wav,3.0,Red-winged Blackbird,rewbla,0.1173,1.0,RWBL,conklaree,wind clipping,1.0,combined_annotations.csv
847,Spectrogram 1,1,11073.0,11076.0,0.0,12000.0,E:\2025 King Rail Project\2025 ARU Data Annotated For King Rail Project\Lattimore2 2MA06246\Lattimore2Data20250404to20250707\2MA06246_20250406_064700.wav,1473.0,2MA06246_20250406_064700.wav,3.0,Red-winged Blackbird,rewbla,0.2924,1.0,RWBL,jeer,,1.0,combined_annotations.csv
894,Spectrogram 1,1,11535.0,11538.0,0.0,12000.0,E:\2025 King Rail Project\2025 ARU Data Annotated For King Rail Project\Lattimore2 2MA06246\Lattimore2Data20250404to20250707\2MA06246_20250406_064700.wav,1935.0,2MA06246_20250406_064700.wav,3.0,King Rail,kinrai4,0.7617,0.0,,,wind clipping,1.0,combined_annotations.csv
895,Spectrogram 1,1,11535.0,11538.0,0.0,12000.0,E:\2025 King Rail Project\2025 ARU Data Annotated For King Rail Project\Lattimore2 2MA06246\Lattimore2Data20250404to20250707\2MA06246_20250406_064700.wav,1935.0,2MA06246_20250406_064700.wav,3.0,Virginia Rail,virrai,0.1494,0.0,,,,1.0,combined_annotations.csv
897,Spectrogram 1,1,11538.0,11541.0,0.0,12000.0,E:\2025 King Rail Project\2025 ARU Data Annotated For King Rail Project\Lattimore2 2MA06246\Lattimore2Data20250404to20250707\2MA06246_20250406_064700.wav,1938.0,2MA06246_20250406_064700.wav,3.0,Least Bittern,leabit,0.1104,0.0,,,,1.0,combined_annotations.csv
902,Spectrogram 1,1,11556.0,11559.0,0.0,12000.0,E:\2025 King Rail Project\2025 ARU Data Annotated For King Rail Project\Lattimore2 2MA06246\Lattimore2Data20250404to20250707\2MA06246_20250406_064700.wav,1956.0,2MA06246_20250406_064700.wav,3.0,King Rail,kinrai4,0.3448,0.0,,,,1.0,combined_annotations.csv
903,Spectrogram 1,1,11556.0,11559.0,0.0,12000.0,E:\2025 King Rail Project\2025 ARU Data Annotated For King Rail Project\Lattimore2 2MA06246\Lattimore2Data20250404to20250707\2MA06246_20250406_064700.wav,1956.0,2MA06246_20250406_064700.wav,3.0,Least Bittern,leabit,0.1451,0.0,,,,1.0,combined_annotations.csv
904,Spectrogram 1,1,11562.0,11565.0,0.0,12000.0,E:\2025 King Rail Project\2025 ARU Data Annotated For King Rail Project\Lattimore2 2MA06246\Lattimore2Data20250404to20250707\2MA06246_20250406_064700.wav,1962.0,2MA06246_20250406_064700.wav,3.0,King Rail,kinrai4,0.4188,0.0,,,,1.0,combined_annotations.csv
905,Spectrogram 1,1,11562.0,11565.0,0.0,12000.0,E:\2025 King Rail Project\2025 ARU Data Annotated For King Rail Project\Lattimore2 2MA06246\Lattimore2Data20250404to20250707\2MA06246_20250406_064700.wav,1962.0,2MA06246_20250406_064700.wav,3.0,Least Bittern,leabit,0.1483,0.0,,,,1.0,combined_annotations.csv
906,Spectrogram 1,1,11562.0,11565.0,0.0,12000.0,E:\2025 King Rail Project\2025 ARU Data Annotated For King Rail Project\Lattimore2 2MA06246\Lattimore2Data20250404to20250707\2MA06246_20250406_064700.wav,1962.0,2MA06246_20250406_064700.wav,3.0,Virginia Rail,virrai,0.1271,0.0,,,,1.0,combined_annotations.csv
938,Spectrogram 1,1,11658.0,11661.0,0.0,12000.0,E:\2025 King Rail Project\2025 ARU Data Annotated For King Rail Project\Lattimore2 2MA06246\Lattimore2Data20250404to20250707\2MA06246_20250406_064700.wav,2058.0,2MA06246_20250406_064700.wav,3.0,King Rail,kinrai4,0.4287,0.0,,,wind clipping,1.0,combined_annotations.csv
939,Spectrogram 1,1,11658.0,11661.0,0.0,12000.0,E:\2025 King Rail Project\2025 ARU Data Annotated For King Rail Project\Lattimore2 2MA06246\Lattimore2Data20250404to20250707\2MA06246_20250406_064700.wav,2058.0,2MA06246_20250406_064700.wav,3.0,Virginia Rail,virrai,0.2128,0.0,,,,1.0,combined_annotations.csv
962,Spectrogram 1,1,11748.0,11751.0,0.0,12000.0,E:\2025 King Rail Project\2025 ARU Data Annotated For King Rail Project\Lattimore2 2MA06246\Lattimore2Data20250404to20250707\2MA06246_20250406_064700.wav,2148.0,2MA06246_20250406_064700.wav,3.0,King Rail,kinrai4,0.6179,0.0,,,wind clipping,1.0,combined_annotations.csv
964,Spectrogram 1,1,11754.0,11757.0,0.0,12000.0,E:\2025 King Rail Project\2025 ARU Data Annotated For King Rail Project\Lattimore2 2MA06246\Lattimore2Data20250404to20250707\2MA06246_20250406_064700.wav,2154.0,2MA06246_20250406_064700.wav,3.0,King Rail,kinrai4,0.5925,0.0,,,windy,1.0,combined_annotations.csv
987,Spectrogram 1,1,11856.0,11859.0,0.0,12000.0,E:\2025 King Rail Project\2025 ARU Data Annotated For King Rail Project\Lattimore2 2MA06246\Lattimore2Data20250404to20250707\2MA06246_20250406_064700.wav,2256.0,2MA06246_20250406_064700.wav,3.0,King Rail,kinrai4,0.3897,0.0,,,,1.0,combined_annotations.csv
988,Spectrogram 1,1,11856.0,11859.0,0.0,12000.0,E:\2025 King Rail Project\2025 ARU Data Annotated For King Rail Project\Lattimore2 2MA06246\Lattimore2Data20250404to20250707\2MA06246_20250406_064700.wav,2256.0,2MA06246_20250406_064700.wav,3.0,Least Bittern,leabit,0.1837,0.0,,,,1.0,combined_annotations.csv
1013,Spectrogram 1,1,11967.0,11970.0,0.0,12000.0,E:\2025 King Rail Project\2025 ARU Data Annotated For King Rail Project\Lattimore2 2MA06246\Lattimore2Data20250404to20250707\2MA06246_20250406_064700.wav,2367.0,2MA06246_20250406_064700.wav,3.0,King Rail,kinrai4,0.4068,0.0,,,,1.0,combined_annotations.csv
1015,Spectrogram 1,1,11973.0,11976.0,0.0,12000.0,E:\2025 King Rail Project\2025 ARU Data Annotated For King Rail Project\Lattimore2 2MA06246\Lattimore2Data20250404to20250707\2MA06246_20250406_064700.wav,2373.0,2MA06246_20250406_064700.wav,3.0,King Rail,kinrai4,0.3658,0.0,,,,1.0,combined_annotations.csv
1102,Spectrogram 1,1,12471.0,12474.0,0.0,12000.0,E:\2025 King Rail Project\2025 ARU Data Annotated For King Rail Project\Lattimore2 2MA06246\Lattimore2Data20250404to20250707\2MA06246_20250406_194300.wav,471.0,2MA06246_20250406_194300.wav,3.0,King Rail,kinrai4,0.6723,0.0,,,,1.0,combined_annotations.csv
1103,Spectrogram 1,1,12471.0,12474.0,0.0,12000.0,E:\2025 King Rail Project\2025 ARU Data Annotated For King Rail Project\Lattimore2 2MA06246\Lattimore2Data20250404to20250707\2MA06246_20250406_194300.wav,471.0,2MA06246_20250406_194300.wav,3.0,Least Bittern,leabit,0.1146,0.0,,,,1.0,combined_annotations.csv
1104,Spectrogram 1,1,12471.0,12474.0,0.0,12000.0,E:\2025 King Rail Project\2025 ARU Data Annotated For King Rail Project\Lattimore2 2MA06246\Lattimore2Data20250404to20250707\2MA06246_20250406_194300.wav,471.0,2MA06246_20250406_194300.wav,3.0,Virginia Rail,virrai,0.1027,0.0,,,,1.0,combined_annotations.csv
2370,Spectrogram 1,1,23307.0,23310.0,0.0,12000.0,E:\2025 King Rail Project\2025 ARU Data Annotated For King Rail Project\Lattimore2 2MA06246\Lattimore2Data20250404to20250707\2MA06246_20250408_064300.wav,1707.0,2MA06246_20250408_064300.wav,3.0,King Rail,kinrai4,0.5539,0.0,,,,1.0,combined_annotations.csv
2493,Spectrogram 1,1,24207.0,24210.0,0.0,12000.0,E:\2025 King Rail Project\2025 ARU Data Annotated For King Rail Project\Lattimore2 2MA06246\Lattimore2Data20250404to20250707\2MA06246_20250408_194500.wav,207.0,2MA06246_20250408_194500.wav,3.0,Red-winged Blackbird,rewbla,0.6175,0.0,,,,1.0,combined_annotations.csv
4344,Spectrogram 1,1,41343.0,41346.0,0.0,12000.0,E:\2025 King Rail Project\2025 ARU Data Annotated For King Rail Project\Lattimore2 2MA06246\Lattimore2Data20250404to20250707\2MA06246_20250411_063800.wav,1743.0,2MA06246_20250411_063800.wav,3.0,Red-winged Blackbird,rewbla,0.7024,1.0,,,,1.0,combined_annotations.csv
4373,Spectrogram 1,1,41439.0,41442.0,0.0,12000.0,E:\2025 King Rail Project\2025 ARU Data Annotated For King Rail Project\Lattimore2 2MA06246\Lattimore2Data20250404to20250707\2MA06246_20250411_063800.wav,1839.0,2MA06246_20250411_063800.wav,3.0,King Rail,kinrai4,0.4195,0.0,,,,1.0,combined_annotations.csv
14630,Spectrogram 1,1,116361.0,116364.0,0.0,12000.0,E:\2025 King Rail Project\2025 ARU Data Annotated For King Rail Project\Lattimore2 2MA06246\Lattimore2Data20250404to20250707\2MA06246_20250423_200100.wav,2361.0,2MA06246_20250423_200100.wav,3.0,Sora,sora,0.9887,1.0,,,,1.0,combined_annotations.csv
15152,Spectrogram 1,1,120414.0,120417.0,0.0,12000.0,E:\2025 King Rail Project\2025 ARU Data Annotated For King Rail Project\Lattimore2 2MA06246\Lattimore2Data20250404to20250707\2MA06246_20250424_200200.wav,414.0,2MA06246_20250424_200200.wav,3.0,King Rail,kinrai4,0.5993,0.0,,,,1.0,combined_annotations.csv
15153,Spectrogram 1,1,120414.0,120417.0,0.0,12000.0,E:\2025 King Rail Project\2025 ARU Data Annotated For King Rail Project\Lattimore2 2MA06246\Lattimore2Data20250404to20250707\2MA06246_20250424_200200.wav,414.0,2MA06246_20250424_200200.wav,3.0,Virginia Rail,virrai,0.1842,0.0,,,,1.0,combined_annotations.csv
16121,Spectrogram 1,1,126015.0,126018.0,0.0,12000.0,E:\2025 King Rail Project\2025 ARU Data Annotated For King Rail Project\Lattimore2 2MA06246\Lattimore2Data20250404to20250707\2MA06246_20250425_200300.wav,15.0,2MA06246_20250425_200300.wav,3.0,King Rail,kinrai4,0.4303,0.0,,,,1.0,combined_annotations.csv
16306,Spectrogram 1,1,126543.0,126546.0,0.0,12000.0,E:\2025 King Rail Project\2025 ARU Data Annotated For King Rail Project\Lattimore2 2MA06246\Lattimore2Data20250404to20250707\2MA06246_20250425_200300.wav,543.0,2MA06246_20250425_200300.wav,3.0,King Rail,kinrai4,0.4302,0.0,,,repeat checks,1.0,combined_annotations.csv
17501,Spectrogram 1,1,132942.0,132945.0,0.0,12000.0,E:\2025 King Rail Project\2025 ARU Data Annotated For King Rail Project\Lattimore2 2MA06246\Lattimore2Data20250404to20250707\2MA06246_20250426_200400.wav,942.0,2MA06246_20250426_200400.wav,3.0,King Rail,kinrai4,0.245,0.0,,,,1.0,combined_annotations.csv
17502,Spectrogram 1,1,132942.0,132945.0,0.0,12000.0,E:\2025 King Rail Project\2025 ARU Data Annotated For King Rail Project\Lattimore2 2MA06246\Lattimore2Data20250404to20250707\2MA06246_20250426_200400.wav,942.0,2MA06246_20250426_200400.wav,3.0,Red-winged Blackbird,rewbla,0.2218,1.0,,,,1.0,combined_annotations.csv
18632,Spectrogram 1,1,138492.0,138495.0,0.0,12000.0,E:\2025 King Rail Project\2025 ARU Data Annotated For King Rail Project\Lattimore2 2MA06246\Lattimore2Data20250404to20250707\2MA06246_20250427_200500.wav,492.0,2MA06246_20250427_200500.wav,3.0,Least Bittern,leabit,0.1544,0.0,,,,1.0,combined_annotations.csv
18633,Spectrogram 1,1,138492.0,138495.0,0.0,12000.0,E:\2025 King Rail Project\2025 ARU Data Annotated For King Rail Project\Lattimore2 2MA06246\Lattimore2Data20250404to20250707\2MA06246_20250427_200500.wav,492.0,2MA06246_20250427_200500.wav,3.0,Red-winged Blackbird,rewbla,0.1279,1.0,,,,1.0,combined_annotations.csv
19582,Spectrogram 1,1,143907.0,143910.0,0.0,12000.0,E:\2025 King Rail Project\2025 ARU Data Annotated For King Rail Project\Lattimore2 2MA06246\Lattimore2Data20250404to20250707\2MA06246_20250428_061300.wav,2307.0,2MA06246_20250428_061300.wav,3.0,Sora,sora,0.9907,1.0,SORA,whinny,,1.0,combined_annotations.csv
20372,Spectrogram 1,1,150186.0,150189.0,0.0,12000.0,E:\2025 King Rail Project\2025 ARU Data Annotated For King Rail Project\Lattimore2 2MA06246\Lattimore2Data20250404to20250707\2MA06246_20250429_200800.wav,186.0,2MA06246_20250429_200800.wav,3.0,Red-winged Blackbird,rewbla,0.8418,1.0,,,,1.0,combined_annotations.csv
20744,Spectrogram 1,1,154047.0,154050.0,0.0,12000.0,E:\2025 King Rail Project\2025 ARU Data Annotated For King Rail Project\Lattimore2 2MA06246\Lattimore2Data20250404to20250707\2MA06246_20250430_061000.wav,447.0,2MA06246_20250430_061000.wav,3.0,King Rail,kinrai4,0.5594,0.0,,,,1.0,combined_annotations.csv
20745,Spectrogram 1,1,154047.0,154050.0,0.0,12000.0,E:\2025 King Rail Project\2025 ARU Data Annotated For King Rail Project\Lattimore2 2MA06246\Lattimore2Data20250404to20250707\2MA06246_20250430_061000.wav,447.0,2MA06246_20250430_061000.wav,3.0,Swamp Sparrow,swaspa,0.258,1.0,,,,1.0,combined_annotations.csv
20746,Spectrogram 1,1,154047.0,154050.0,0.0,12000.0,E:\2025 King Rail Project\2025 ARU Data Annotated For King Rail Project\Lattimore2 2MA06246\Lattimore2Data20250404to20250707\2MA06246_20250430_061000.wav,447.0,2MA06246_20250430_061000.wav,3.0,American Bittern,amebit,0.108,0.0,,,,1.0,combined_annotations.csv
21185,Spectrogram 1,1,156450.0,156453.0,0.0,12000.0,E:\2025 King Rail Project\2025 ARU Data Annotated For King Rail Project\Lattimore2 2MA06246\Lattimore2Data20250404to20250707\2MA06246_20250430_200900.wav,450.0,2MA06246_20250430_200900.wav,3.0,King Rail,kinrai4,0.5163,0.0,,,,1.0,combined_annotations.csv
21825,Spectrogram 1,1,160593.0,160596.0,0.0,12000.0,E:\2025 King Rail Project\2025 ARU Data Annotated For King Rail Project\Lattimore2 2MA06246\Lattimore2Data20250404to20250707\2MA06246_20250501_060900.wav,993.0,2MA06246_20250501_060900.wav,3.0,Sora,sora,0.9011,1.0,,,,1.0,combined_annotations.csv
22158,Spectrogram 1,1,162021.1093,162024.1093,0.0,12000.0,E:\2025 King Rail Project\2025 ARU Data Annotated For King Rail Project\Lattimore2 2MA06246\Lattimore2Data20250404to20250707\2MA06246_20250501_201000.wav,144.0,2MA06246_20250501_201000.wav,3.0,King Rail,kinrai4,0.6876,0.0,,,,1.0,combined_annotations.csv
22566,Spectrogram 1,1,163323.1093,163326.1093,0.0,12000.0,E:\2025 King Rail Project\2025 ARU Data Annotated For King Rail Project\Lattimore2 2MA06246\Lattimore2Data20250404to20250707\2MA06246_20250501_201000.wav,1446.0,2MA06246_20250501_201000.wav,3.0,King Rail,kinrai4,0.5207,0.0,,,,1.0,combined_annotations.csv
22567,Spectrogram 1,1,163323.1093,163326.1093,0.0,12000.0,E:\2025 King Rail Project\2025 ARU Data Annotated For King Rail Project\Lattimore2 2MA06246\Lattimore2Data20250404to20250707\2MA06246_20250501_201000.wav,1446.0,2MA06246_20250501_201000.wav,3.0,Least Bittern,leabit,0.4604,0.0,,,,1.0,combined_annotations.csv
22568,Spectrogram 1,1,163323.1093,163326.1093,0.0,12000.0,E:\2025 King Rail Project\2025 ARU Data Annotated For King Rail Project\Lattimore2 2MA06246\Lattimore2Data20250404to20250707\2MA06246_20250501_201000.wav,1446.0,2MA06246_20250501_201000.wav,3.0,Sora,sora,0.1422,0.0,,,,1.0,combined_annotations.csv
24835,Spectrogram 1,1,174018.1093,174021.1093,0.0,12000.0,E:\2025 King Rail Project\2025 ARU Data Annotated For King Rail Project\Lattimore2 2MA06246\Lattimore2Data20250404to20250707\2MA06246_20250503_201200.wav,141.0,2MA06246_20250503_201200.wav,3.0,Red-winged Blackbird,rewbla,0.3229,1.0,,,,1.0,combined_annotations.csv
24836,Spectrogram 1,1,174018.1093,174021.1093,0.0,12000.0,E:\2025 King Rail Project\2025 ARU Data Annotated For King Rail Project\Lattimore2 2MA06246\Lattimore2Data20250404to20250707\2MA06246_20250503_201200.wav,141.0,2MA06246_20250503_201200.wav,3.0,Sora,sora,0.1548,0.0,,,,1.0,combined_annotations.csv
24837,Spectrogram 1,1,174018.1093,174021.1093,0.0,12000.0,E:\2025 King Rail Project\2025 ARU Data Annotated For King Rail Project\Lattimore2 2MA06246\Lattimore2Data20250404to20250707\2MA06246_20250503_201200.wav,141.0,2MA06246_20250503_201200.wav,3.0,Least Bittern,leabit,0.1304,0.0,,,,1.0,combined_annotations.csv
24838,Spectrogram 1,1,174018.1093,174021.1093,0.0,12000.0,E:\2025 King Rail Project\2025 ARU Data Annotated For King Rail Project\Lattimore2 2MA06246\Lattimore2Data20250404to20250707\2MA06246_20250503_201200.wav,141.0,2MA06246_20250503_201200.wav,3.0,Tree Swallow,treswa,0.1126,0.0,,,,1.0,combined_annotations.csv
26442,Spectrogram 1,1,185724.1093,185727.1093,0.0,12000.0,E:\2025 King Rail Project\2025 ARU Data Annotated For King Rail Project\Lattimore2 2MA06246\Lattimore2Data20250404to20250707\2MA06246_20250505_060400.wav,2247.0,2MA06246_20250505_060400.wav,3.0,King Rail,kinrai4,0.5751,0.0,,,,1.0,combined_annotations.csv
26443,Spectrogram 1,1,185724.1093,185727.1093,0.0,12000.0,E:\2025 King Rail Project\2025 ARU Data Annotated For King Rail Project\Lattimore2 2MA06246\Lattimore2Data20250404to20250707\2MA06246_20250505_060400.wav,2247.0,2MA06246_20250505_060400.wav,3.0,Virginia Rail,virrai,0.1274,0.0,,,,1.0,combined_annotations.csv
30169,Spectrogram 1,1,200064.1093,200067.1093,0.0,12000.0,E:\2025 King Rail Project\2025 ARU Data Annotated For King Rail Project\Lattimore2 2MA06246\Lattimore2Data20250404to20250707\2MA06246_20250507_201600.wav,2187.0,2MA06246_20250507_201600.wav,3.0,American Bittern,amebit,0.1049,0.0,,,,1.0,combined_annotations.csv
30170,Spectrogram 1,1,200067.1093,200070.1093,0.0,12000.0,E:\2025 King Rail Project\2025 ARU Data Annotated For King Rail Project\Lattimore2 2MA06246\Lattimore2Data20250404to20250707\2MA06246_20250507_201600.wav,2190.0,2MA06246_20250507_201600.wav,3.0,Swamp Sparrow,swaspa,0.2945,1.0,,,,1.0,combined_annotations.csv
30171,Spectrogram 1,1,200067.1093,200070.1093,0.0,12000.0,E:\2025 King Rail Project\2025 ARU Data Annotated For King Rail Project\Lattimore2 2MA06246\Lattimore2Data20250404to20250707\2MA06246_20250507_201600.wav,2190.0,2MA06246_20250507_201600.wav,3.0,Virginia Rail,virrai,0.2471,0.0,,,KIRA kek,1.0,combined_annotations.csv
30172,Spectrogram 1,1,200067.1093,200070.1093,0.0,12000.0,E:\2025 King Rail Project\2025 ARU Data Annotated For King Rail Project\Lattimore2 2MA06246\Lattimore2Data20250404to20250707\2MA06246_20250507_201600.wav,2190.0,2MA06246_20250507_201600.wav,3.0,American Bittern,amebit,0.1827,0.0,,,,1.0,combined_annotations.csv
30173,Spectrogram 1,1,200070.1093,200073.1093,0.0,12000.0,E:\2025 King Rail Project\2025 ARU Data Annotated For King Rail Project\Lattimore2 2MA06246\Lattimore2Data20250404to20250707\2MA06246_20250507_201600.wav,2193.0,2MA06246_20250507_201600.wav,3.0,King Rail,kinrai4,0.3318,1.0,KIRA,kek,,1.0,combined_annotations.csv
30174,Spectrogram 1,1,200070.1093,200073.1093,0.0,12000.0,E:\2025 King Rail Project\2025 ARU Data Annotated For King Rail Project\Lattimore2 2MA06246\Lattimore2Data20250404to20250707\2MA06246_20250507_201600.wav,2193.0,2MA06246_20250507_201600.wav,3.0,Virginia Rail,virrai,0.1218,0.0,,,,1.0,combined_annotations.csv
30181,Spectrogram 1,1,200085.1093,200088.1093,0.0,12000.0,E:\2025 King Rail Project\2025 ARU Data Annotated For King Rail Project\Lattimore2 2MA06246\Lattimore2Data20250404to20250707\2MA06246_20250507_201600.wav,2208.0,2MA06246_20250507_201600.wav,3.0,American Bittern,amebit,0.1692,0.0,,,,1.0,combined_annotations.csv
30182,Spectrogram 1,1,200085.1093,200088.1093,0.0,12000.0,E:\2025 King Rail Project\2025 ARU Data Annotated For King Rail Project\Lattimore2 2MA06246\Lattimore2Data20250404to20250707\2MA06246_20250507_201600.wav,2208.0,2MA06246_20250507_201600.wav,3.0,Virginia Rail,virrai,0.1077,0.0,,,"KIRA grunt, double check",1.0,combined_annotations.csv
30186,Spectrogram 1,1,200097.1093,200100.1093,0.0,12000.0,E:\2025 King Rail Project\2025 ARU Data Annotated For King Rail Project\Lattimore2 2MA06246\Lattimore2Data20250404to20250707\2MA06246_20250507_201600.wav,2220.0,2MA06246_20250507_201600.wav,3.0,King Rail,kinrai4,0.3433,1.0,KIRA,grunt,,1.0,combined_annotations.csv
30187,Spectrogram 1,1,200097.1093,200100.1093,0.0,12000.0,E:\2025 King Rail Project\2025 ARU Data Annotated For King Rail Project\Lattimore2 2MA06246\Lattimore2Data20250404to20250707\2MA06246_20250507_201600.wav,2220.0,2MA06246_20250507_201600.wav,3.0,Least Bittern,leabit,0.2591,0.0,,,,1.0,combined_annotations.csv
30188,Spectrogram 1,1,200097.1093,200100.1093,0.0,12000.0,E:\2025 King Rail Project\2025 ARU Data Annotated For King Rail Project\Lattimore2 2MA06246\Lattimore2Data20250404to20250707\2MA06246_20250507_201600.wav,2220.0,2MA06246_20250507_201600.wav,3.0,Common Gallinule,comgal1,0.2118,0.0,,,,1.0,combined_annotations.csv
30189,Spectrogram 1,1,200103.1093,200106.1093,0.0,12000.0,E:\2025 King Rail Project\2025 ARU Data Annotated For King Rail Project\Lattimore2 2MA06246\Lattimore2Data20250404to20250707\2MA06246_20250507_201600.wav,2226.0,2MA06246_20250507_201600.wav,3.0,Eastern Kingbird,easkin,0.1265,1.0,,,,1.0,combined_annotations.csv
30190,Spectrogram 1,1,200106.1093,200109.1093,0.0,12000.0,E:\2025 King Rail Project\2025 ARU Data Annotated For King Rail Project\Lattimore2 2MA06246\Lattimore2Data20250404to20250707\2MA06246_20250507_201600.wav,2229.0,2MA06246_20250507_201600.wav,3.0,King Rail,kinrai4,0.1001,1.0,KIRA,grunt,,1.0,combined_annotations.csv
30192,Spectrogram 1,1,200112.1093,200115.1093,0.0,12000.0,E:\2025 King Rail Project\2025 ARU Data Annotated For King Rail Project\Lattimore2 2MA06246\Lattimore2Data20250404to20250707\2MA06246_20250507_201600.wav,2235.0,2MA06246_20250507_201600.wav,3.0,Virginia Rail,virrai,0.3568,0.0,KIRA,grunt,double check,1.0,combined_annotations.csv
30193,Spectrogram 1,1,200112.1093,200115.1093,0.0,12000.0,E:\2025 King Rail Project\2025 ARU Data Annotated For King Rail Project\Lattimore2 2MA06246\Lattimore2Data20250404to20250707\2MA06246_20250507_201600.wav,2235.0,2MA06246_20250507_201600.wav,3.0,Least Bittern,leabit,0.2968,0.0,,,,1.0,combined_annotations.csv
30194,Spectrogram 1,1,200112.1093,200115.1093,0.0,12000.0,E:\2025 King Rail Project\2025 ARU Data Annotated For King Rail Project\Lattimore2 2MA06246\Lattimore2Data20250404to20250707\2MA06246_20250507_201600.wav,2235.0,2MA06246_20250507_201600.wav,3.0,American Bittern,amebit,0.146,0.0,,,,1.0,combined_annotations.csv
30195,Spectrogram 1,1,200112.1093,200115.1093,0.0,12000.0,E:\2025 King Rail Project\2025 ARU Data Annotated For King Rail Project\Lattimore2 2MA06246\Lattimore2Data20250404to20250707\2MA06246_20250507_201600.wav,2235.0,2MA06246_20250507_201600.wav,3.0,King Rail,kinrai4,0.1065,1.0,KIRA,grunt,,1.0,combined_annotations.csv
30196,Spectrogram 1,1,200115.1093,200118.1093,0.0,12000.0,E:\2025 King Rail Project\2025 ARU Data Annotated For King Rail Project\Lattimore2 2MA06246\Lattimore2Data20250404to20250707\2MA06246_20250507_201600.wav,2238.0,2MA06246_20250507_201600.wav,3.0,Virginia Rail,virrai,0.1931,0.0,,,KIRA grunt,1.0,combined_annotations.csv
30197,Spectrogram 1,1,200115.1093,200118.1093,0.0,12000.0,E:\2025 King Rail Project\2025 ARU Data Annotated For King Rail Project\Lattimore2 2MA06246\Lattimore2Data20250404to20250707\2MA06246_20250507_201600.wav,2238.0,2MA06246_20250507_201600.wav,3.0,Least Bittern,leabit,0.1796,0.0,,,,1.0,combined_annotations.csv
30240,Spectrogram 1,1,200805.1093,200808.1093,0.0,12000.0,E:\2025 King Rail Project\2025 ARU Data Annotated For King Rail Project\Lattimore2 2MA06246\Lattimore2Data20250404to20250707\2MA06246_20250508_040000.wav,528.0,2MA06246_20250508_040000.wav,3.0,King Rail,kinrai4,0.1663,1.0,KIRA,grunt,,1.0,combined_annotations.csv
30241,Spectrogram 1,1,200808.1093,200811.1093,0.0,12000.0,E:\2025 King Rail Project\2025 ARU Data Annotated For King Rail Project\Lattimore2 2MA06246\Lattimore2Data20250404to20250707\2MA06246_20250508_040000.wav,531.0,2MA06246_20250508_040000.wav,3.0,American Bittern,amebit,0.1854,0.0,,,,1.0,combined_annotations.csv
30563,Spectrogram 1,1,202830.1093,202833.1093,0.0,12000.0,E:\2025 King Rail Project\2025 ARU Data Annotated For King Rail Project\Lattimore2 2MA06246\Lattimore2Data20250404to20250707\2MA06246_20250508_060000.wav,1353.0,2MA06246_20250508_060000.wav,3.0,King Rail,kinrai4,0.5848,0.0,,,,1.0,combined_annotations.csv
30564,Spectrogram 1,1,202830.1093,202833.1093,0.0,12000.0,E:\2025 King Rail Project\2025 ARU Data Annotated For King Rail Project\Lattimore2 2MA06246\Lattimore2Data20250404to20250707\2MA06246_20250508_060000.wav,1353.0,2MA06246_20250508_060000.wav,3.0,Virginia Rail,virrai,0.1211,0.0,,,,1.0,combined_annotations.csv
44718,Spectrogram 1,1,283416.1093,283419.1093,0.0,12000.0,E:\2025 King Rail Project\2025 ARU Data Annotated For King Rail Project\Lattimore2 2MA06246\Lattimore2Data20250404to20250707\2MA06246_20250521_203000.wav,1539.0,2MA06246_20250521_203000.wav,3.0,King Rail,kinrai4,0.2612,0.0,,,"rain, file clipping",1.0,combined_annotations.csv
44719,Spectrogram 1,1,283416.1093,283419.1093,0.0,12000.0,E:\2025 King Rail Project\2025 ARU Data Annotated For King Rail Project\Lattimore2 2MA06246\Lattimore2Data20250404to20250707\2MA06246_20250521_203000.wav,1539.0,2MA06246_20250521_203000.wav,3.0,Least Bittern,leabit,0.1291,0.0,,,,1.0,combined_annotations.csv
44720,Spectrogram 1,1,283416.1093,283419.1093,0.0,12000.0,E:\2025 King Rail Project\2025 ARU Data Annotated For King Rail Project\Lattimore2 2MA06246\Lattimore2Data20250404to20250707\2MA06246_20250521_203000.wav,1539.0,2MA06246_20250521_203000.wav,3.0,Red-winged Blackbird,rewbla,0.1176,1.0,,,,1.0,combined_annotations.csv
46652,Spectrogram 1,1,295572.6907,295575.6907,0.0,12000.0,E:\2025 King Rail Project\2025 ARU Data Annotated For King Rail Project\Lattimore2 2MA06246\Lattimore2Data20250404to20250707\2MA06246_20250523_203200.wav,1797.0,2MA06246_20250523_203200.wav,3.0,Virginia Rail,virrai,0.8738,0.0,,,,1.0,combined_annotations.csv
46653,Spectrogram 1,1,295572.6907,295575.6907,0.0,12000.0,E:\2025 King Rail Project\2025 ARU Data Annotated For King Rail Project\Lattimore2 2MA06246\Lattimore2Data20250404to20250707\2MA06246_20250523_203200.wav,1797.0,2MA06246_20250523_203200.wav,3.0,Marsh Wren,marwre,0.1416,1.0,,,,1.0,combined_annotations.csv
46654,Spectrogram 1,1,295572.6907,295575.6907,0.0,12000.0,E:\2025 King Rail Project\2025 ARU Data Annotated For King Rail Project\Lattimore2 2MA06246\Lattimore2Data20250404to20250707\2MA06246_20250523_203200.wav,1797.0,2MA06246_20250523_203200.wav,3.0,Red-winged Blackbird,rewbla,0.1246,1.0,,,,1.0,combined_annotations.csv
51614,Spectrogram 1,1,311883.6907,311886.6907,0.0,12000.0,E:\2025 King Rail Project\2025 ARU Data Annotated For King Rail Project\Lattimore2 2MA06246\Lattimore2Data20250404to20250707\2MA06246_20250526_203500.wav,108.0,2MA06246_20250526_203500.wav,3.0,Red-winged Blackbird,rewbla,0.4007,1.0,,,,1.0,combined_annotations.csv
51859,Spectrogram 1,1,312918.6907,312921.6907,0.0,12000.0,E:\2025 King Rail Project\2025 ARU Data Annotated For King Rail Project\Lattimore2 2MA06246\Lattimore2Data20250404to20250707\2MA06246_20250526_203500.wav,1143.0,2MA06246_20250526_203500.wav,3.0,Red-winged Blackbird,rewbla,0.8757,1.0,RWBL,conklaree,,1.0,combined_annotations.csv
52897,Spectrogram 1,1,317898.6926,317901.6907,0.0,12000.0,E:\2025 King Rail Project\2025 ARU Data Annotated For King Rail Project\Lattimore2 2MA06246\Lattimore2Data20250404to20250707\2MA06246_20250527_203500.wav,123.0019,2MA06246_20250527_203500.wav,2.9981,Red-winged Blackbird,rewbla,0.5103,1.0,,,,1.0,combined_annotations.csv
52898,Spectrogram 1,1,317898.6907,317901.6907,0.0,12000.0,E:\2025 King Rail Project\2025 ARU Data Annotated For King Rail Project\Lattimore2 2MA06246\Lattimore2Data20250404to20250707\2MA06246_20250527_203500.wav,123.0,2MA06246_20250527_203500.wav,3.0,Least Bittern,leabit,0.1385,0.0,,,,1.0,combined_annotations.csv
71695,Spectrogram 1,1,396876.6907,396879.6907,0.0,12000.0,E:\2025 King Rail Project\2025 ARU Data Annotated For King Rail Project\Lattimore2 2MA06246\Lattimore2Data20250404to20250707\2MA06246_20250609_204500.wav,1101.0,2MA06246_20250609_204500.wav,3.0,Swamp Sparrow,swaspa,0.8617,1.0,,,,1.0,combined_annotations.csv
71696,Spectrogram 1,1,396876.6907,396879.6907,0.0,12000.0,E:\2025 King Rail Project\2025 ARU Data Annotated For King Rail Project\Lattimore2 2MA06246\Lattimore2Data20250404to20250707\2MA06246_20250609_204500.wav,1101.0,2MA06246_20250609_204500.wav,3.0,Virginia Rail,virrai,0.1774,0.0,,,,1.0,combined_annotations.csv
74390,Spectrogram 1,1,406434.6907,406437.6907,0.0,12000.0,E:\2025 King Rail Project\2025 ARU Data Annotated For King Rail Project\Lattimore2 2MA06246\Lattimore2Data20250404to20250707\2MA06246_20250611_053800.wav,1059.0,2MA06246_20250611_053800.wav,3.0,Virginia Rail,virrai,0.9189,0.0,,,,1.0,combined_annotations.csv
74391,Spectrogram 1,1,406434.6907,406437.6907,0.0,12000.0,E:\2025 King Rail Project\2025 ARU Data Annotated For King Rail Project\Lattimore2 2MA06246\Lattimore2Data20250404to20250707\2MA06246_20250611_053800.wav,1059.0,2MA06246_20250611_053800.wav,3.0,Tree Swallow,treswa,0.1992,1.0,,,,1.0,combined_annotations.csv
77822,Spectrogram 1,1,427707.6907,427710.6907,0.0,12000.0,E:\2025 King Rail Project\2025 ARU Data Annotated For King Rail Project\Lattimore2 2MA06246\Lattimore2Data20250404to20250707\2MA06246_20250614_204700.wav,1932.0,2MA06246_20250614_204700.wav,3.0,Virginia Rail,virrai,0.8726,0.0,,,why vira?,1.0,combined_annotations.csv
97020,Spectrogram 1,1,499860.6907,499863.6907,0.0,12000.0,E:\2025 King Rail Project\2025 ARU Data Annotated For King Rail Project\Lattimore2 2MA06246\Lattimore2Data20250404to20250707\2MA06246_20250626_205000.wav,2085.0,2MA06246_20250626_205000.wav,3.0,American Bittern,amebit,0.8656,0.0,,,water? rainy,1.0,combined_annotations.csv
112269,Spectrogram 1,1,563760.6907,563763.6907,0.0,12000.0,E:\2025 King Rail Project\2025 ARU Data Annotated For King Rail Project\Lattimore2 2MA06246\Lattimore2Data20250404to20250707\2MA06246_20250707_054600.wav,2385.0,2MA06246_20250707_054600.wav,3.0,Swamp Sparrow,swaspa,0.3476,1.0,,,,1.0,combined_annotations.csv
112270,Spectrogram 1,1,563760.6907,563763.6907,0.0,12000.0,E:\2025 King Rail Project\2025 ARU Data Annotated For King Rail Project\Lattimore2 2MA06246\Lattimore2Data20250404to20250707\2MA06246_20250707_054600.wav,2385.0,2MA06246_20250707_054600.wav,3.0,American Bittern,amebit,0.1186,0.0,,,,1.0,combined_annotations.csv
112271,Spectrogram 1,1,563760.6907,563763.6907,0.0,12000.0,E:\2025 King Rail Project\2025 ARU Data Annotated For King Rail Project\Lattimore2 2MA06246\Lattimore2Data20250404to20250707\2MA06246_20250707_054600.wav,2385.0,2MA06246_20250707_054600.wav,3.0,Least Bittern,leabit,0.1092,0.0,,,,1.0,combined_annotations.csv
112273,Spectrogram 1,1,563766.6907,563769.6907,0.0,12000.0,E:\2025 King Rail Project\2025 ARU Data Annotated For King Rail Project\Lattimore2 2MA06246\Lattimore2Data20250404to20250707\2MA06246_20250707_054600.wav,2391.0,2MA06246_20250707_054600.wav,3.0,Least Bittern,leabit,0.7139,0.0,,,,1.0,combined_annotations.csv
112274,Spectrogram 1,1,563766.6907,563769.6907,0.0,12000.0,E:\2025 King Rail Project\2025 ARU Data Annotated For King Rail Project\Lattimore2 2MA06246\Lattimore2Data20250404to20250707\2MA06246_20250707_054600.wav,2391.0,2MA06246_20250707_054600.wav,3.0,Virginia Rail,virrai,0.1348,0.0,,,,1.0,combined_annotations.csv
3,Spectrogram 1,1,27.0,30.0,0.0,12000.0,E:\2025 King Rail Project\2025 ARU Data Annotated For King Rail Project\NorthLily1 SMA06024\NorthLily1Data20250326to20250707\SMA06024_20250326_193100.wav,27.0,SMA06024_20250326_193100.wav,3.0,American Bittern,amebit,0.2837,0.0,,,,1.0,combined_annotations.csv
4,Spectrogram 1,1,27.0,30.0,0.0,12000.0,E:\2025 King Rail Project\2025 ARU Data Annotated For King Rail Project\NorthLily1 SMA06024\NorthLily1Data20250326to20250707\SMA06024_20250326_193100.wav,27.0,SMA06024_20250326_193100.wav,3.0,Red-winged Blackbird,rewbla,0.1434,1.0,RWBL,multiple,,1.0,combined_annotations.csv
5,Spectrogram 1,1,42.0,45.0,0.0,12000.0,E:\2025 King Rail Project\2025 ARU Data Annotated For King Rail Project\NorthLily1 SMA06024\NorthLily1Data20250326to20250707\SMA06024_20250326_193100.wav,42.0,SMA06024_20250326_193100.wav,3.0,Red-winged Blackbird,rewbla,0.1164,1.0,,,,1.0,combined_annotations.csv
17,Spectrogram 1,1,108.0,111.0,0.0,12000.0,E:\2025 King Rail Project\2025 ARU Data Annotated For King Rail Project\NorthLily1 SMA06024\NorthLily1Data20250326to20250707\SMA06024_20250326_193100.wav,108.0,SMA06024_20250326_193100.wav,3.0,Red-winged Blackbird,rewbla,0.2168,1.0,,,,1.0,combined_annotations.csv
18,Spectrogram 1,1,111.0,114.0,0.0,12000.0,E:\2025 King Rail Project\2025 ARU Data Annotated For King Rail Project\NorthLily1 SMA06024\NorthLily1Data20250326to20250707\SMA06024_20250326_193100.wav,111.0,SMA06024_20250326_193100.wav,3.0,Least Bittern,leabit,0.1342,0.0,,,,1.0,combined_annotations.csv
127,Spectrogram 1,1,1071.0,1074.0,0.0,12000.0,E:\2025 King Rail Project\2025 ARU Data Annotated For King Rail Project\NorthLily1 SMA06024\NorthLily1Data20250326to20250707\SMA06024_20250326_193100.wav,1071.0,SMA06024_20250326_193100.wav,3.0,Red-winged Blackbird,rewbla,0.2091,1.0,,,,1.0,combined_annotations.csv
128,Spectrogram 1,1,1071.0,1074.0,0.0,12000.0,E:\2025 King Rail Project\2025 ARU Data Annotated For King Rail Project\NorthLily1 SMA06024\NorthLily1Data20250326to20250707\SMA06024_20250326_193100.wav,1071.0,SMA06024_20250326_193100.wav,3.0,Marsh Wren,marwre,0.1293,0.0,,,,1.0,combined_annotations.csv
139,Spectrogram 1,1,1194.0,1197.0,0.0,12000.0,E:\2025 King Rail Project\2025 ARU Data Annotated For King Rail Project\NorthLily1 SMA06024\NorthLily1Data20250326to20250707\SMA06024_20250326_193100.wav,1194.0,SMA06024_20250326_193100.wav,3.0,Red-winged Blackbird,rewbla,0.2723,1.0,RWBL,,,1.0,combined_annotations.csv
140,Spectrogram 1,1,1197.0,1200.0,0.0,12000.0,E:\2025 King Rail Project\2025 ARU Data Annotated For King Rail Project\NorthLily1 SMA06024\NorthLily1Data20250326to20250707\SMA06024_20250326_193100.wav,1197.0,SMA06024_20250326_193100.wav,3.0,Red-winged Blackbird,rewbla,0.2083,1.0,RWBL,,,1.0,combined_annotations.csv
141,Spectrogram 1,1,1197.0,1200.0,0.0,12000.0,E:\2025 King Rail Project\2025 ARU Data Annotated For King Rail Project\NorthLily1 SMA06024\NorthLily1Data20250326to20250707\SMA06024_20250326_193100.wav,1197.0,SMA06024_20250326_193100.wav,3.0,Virginia Rail,virrai,0.1001,0.0,,,mall mistaken for grunt?,1.0,combined_annotations.csv
479,Spectrogram 1,1,6693.0,6696.0,0.0,12000.0,E:\2025 King Rail Project\2025 ARU Data Annotated For King Rail Project\NorthLily1 SMA06024\NorthLily1Data20250326to20250707\SMA06024_20250327_193200.wav,693.0,SMA06024_20250327_193200.wav,3.0,Red-winged Blackbird,rewbla,0.1814,1.0,RWBL,multiple,,1.0,combined_annotations.csv
480,Spectrogram 1,1,6696.0,6699.0,0.0,12000.0,E:\2025 King Rail Project\2025 ARU Data Annotated For King Rail Project\NorthLily1 SMA06024\NorthLily1Data20250326to20250707\SMA06024_20250327_193200.wav,696.0,SMA06024_20250327_193200.wav,3.0,American Bittern,amebit,0.1004,0.0,,,,1.0,combined_annotations.csv
581,Spectrogram 1,1,7404.0,7407.0,0.0,12000.0,E:\2025 King Rail Project\2025 ARU Data Annotated For King Rail Project\NorthLily1 SMA06024\NorthLily1Data20250326to20250707\SMA06024_20250327_193200.wav,1404.0,SMA06024_20250327_193200.wav,3.0,Red-winged Blackbird,rewbla,0.5973,1.0,,,,1.0,combined_annotations.csv
1925,Spectrogram 1,1,36426.0,36429.0,0.0,12000.0,E:\2025 King Rail Project\2025 ARU Data Annotated For King Rail Project\NorthLily1 SMA06024\NorthLily1Data20250326to20250707\SMA06024_20250401_193700.wav,426.0,SMA06024_20250401_193700.wav,3.0,Red-winged Blackbird,rewbla,0.1732,1.0,,,,1.0,combined_annotations.csv
1931,Spectrogram 1,1,36531.0,36534.0,0.0,12000.0,E:\2025 King Rail Project\2025 ARU Data Annotated For King Rail Project\NorthLily1 SMA06024\NorthLily1Data20250326to20250707\SMA06024_20250401_193700.wav,531.0,SMA06024_20250401_193700.wav,3.0,Red-winged Blackbird,rewbla,0.1938,1.0,,,,1.0,combined_annotations.csv
1991,Spectrogram 1,1,41319.0,41322.0,0.0,12000.0,E:\2025 King Rail Project\2025 ARU Data Annotated For King Rail Project\NorthLily1 SMA06024\NorthLily1Data20250326to20250707\SMA06024_20250402_065300.wav,1719.0,SMA06024_20250402_065300.wav,3.0,Red-winged Blackbird,rewbla,0.1095,1.0,RWBL,jeer,rain,1.0,combined_annotations.csv
1992,Spectrogram 1,1,41367.0,41370.0,0.0,12000.0,E:\2025 King Rail Project\2025 ARU Data Annotated For King Rail Project\NorthLily1 SMA06024\NorthLily1Data20250326to20250707\SMA06024_20250402_065300.wav,1767.0,SMA06024_20250402_065300.wav,3.0,Red-winged Blackbird,rewbla,0.1175,1.0,RWBL,jeer,,1.0,combined_annotations.csv
2000,Spectrogram 1,1,41547.0,41550.0,0.0,12000.0,E:\2025 King Rail Project\2025 ARU Data Annotated For King Rail Project\NorthLily1 SMA06024\NorthLily1Data20250326to20250707\SMA06024_20250402_065300.wav,1947.0,SMA06024_20250402_065300.wav,3.0,Red-winged Blackbird,rewbla,0.1648,1.0,RWBL,jeer,,1.0,combined_annotations.csv
2047,Spectrogram 1,1,42081.0,42084.0,0.0,12000.0,E:\2025 King Rail Project\2025 ARU Data Annotated For King Rail Project\NorthLily1 SMA06024\NorthLily1Data20250326to20250707\SMA06024_20250402_193800.wav,81.0,SMA06024_20250402_193800.wav,3.0,Common Gallinule,comgal1,0.1569,0.0,,,,1.0,combined_annotations.csv
2048,Spectrogram 1,1,42081.0,42084.0,0.0,12000.0,E:\2025 King Rail Project\2025 ARU Data Annotated For King Rail Project\NorthLily1 SMA06024\NorthLily1Data20250326to20250707\SMA06024_20250402_193800.wav,81.0,SMA06024_20250402_193800.wav,3.0,Red-winged Blackbird,rewbla,0.1068,1.0,RWBL,jenk,,1.0,combined_annotations.csv
2068,Spectrogram 1,1,42165.0,42168.0,0.0,12000.0,E:\2025 King Rail Project\2025 ARU Data Annotated For King Rail Project\NorthLily1 SMA06024\NorthLily1Data20250326to20250707\SMA06024_20250402_193800.wav,165.0,SMA06024_20250402_193800.wav,3.0,Pied-billed Grebe,pibgre,0.2179,1.0,,,,1.0,combined_annotations.csv
2069,Spectrogram 1,1,42165.0,42168.0,0.0,12000.0,E:\2025 King Rail Project\2025 ARU Data Annotated For King Rail Project\NorthLily1 SMA06024\NorthLily1Data20250326to20250707\SMA06024_20250402_193800.wav,165.0,SMA06024_20250402_193800.wav,3.0,Least Bittern,leabit,0.1362,0.0,,,,1.0,combined_annotations.csv
2242,Spectrogram 1,1,42636.0,42639.0,0.0,12000.0,E:\2025 King Rail Project\2025 ARU Data Annotated For King Rail Project\NorthLily1 SMA06024\NorthLily1Data20250326to20250707\SMA06024_20250402_193800.wav,636.0,SMA06024_20250402_193800.wav,3.0,Virginia Rail,virrai,0.6352,0.0,RWBL,,good negative training example,1.0,combined_annotations.csv
2362,Spectrogram 1,1,42936.0,42939.0,0.0,12000.0,E:\2025 King Rail Project\2025 ARU Data Annotated For King Rail Project\NorthLily1 SMA06024\NorthLily1Data20250326to20250707\SMA06024_20250402_193800.wav,936.0,SMA06024_20250402_193800.wav,3.0,Red-winged Blackbird,rewbla,0.6736,1.0,RWBL,jeer,,1.0,combined_annotations.csv
2363,Spectrogram 1,1,42936.0,42939.0,0.0,12000.0,E:\2025 King Rail Project\2025 ARU Data Annotated For King Rail Project\NorthLily1 SMA06024\NorthLily1Data20250326to20250707\SMA06024_20250402_193800.wav,936.0,SMA06024_20250402_193800.wav,3.0,Least Bittern,leabit,0.2421,0.0,,,,1.0,combined_annotations.csv
2802,Spectrogram 1,1,49122.0,49125.0,0.0,12000.0,E:\2025 King Rail Project\2025 ARU Data Annotated For King Rail Project\NorthLily1 SMA06024\NorthLily1Data20250326to20250707\SMA06024_20250403_193900.wav,1122.0,SMA06024_20250403_193900.wav,3.0,Red-winged Blackbird,rewbla,0.7936,1.0,,,,1.0,combined_annotations.csv
4677,Spectrogram 1,1,65721.0,65724.0,0.0,12000.0,E:\2025 King Rail Project\2025 ARU Data Annotated For King Rail Project\NorthLily1 SMA06024\NorthLily1Data20250326to20250707\SMA06024_20250406_064600.wav,2121.0,SMA06024_20250406_064600.wav,3.0,Pied-billed Grebe,pibgre,0.9958,1.0,PBGR,hyena,,1.0,combined_annotations.csv
4678,Spectrogram 1,1,65724.0,65727.0,0.0,12000.0,E:\2025 King Rail Project\2025 ARU Data Annotated For King Rail Project\NorthLily1 SMA06024\NorthLily1Data20250326to20250707\SMA06024_20250406_064600.wav,2124.0,SMA06024_20250406_064600.wav,3.0,Pied-billed Grebe,pibgre,0.9953,1.0,PBGR,,,1.0,combined_annotations.csv
5462,Spectrogram 1,1,73278.0,73281.0,0.0,12000.0,E:\2025 King Rail Project\2025 ARU Data Annotated For King Rail Project\NorthLily1 SMA06024\NorthLily1Data20250326to20250707\SMA06024_20250407_194400.wav,1278.0,SMA06024_20250407_194400.wav,3.0,Red-winged Blackbird,rewbla,0.7671,1.0,,,,1.0,combined_annotations.csv
5989,Spectrogram 1,1,79110.0,79113.0,0.0,12000.0,E:\2025 King Rail Project\2025 ARU Data Annotated For King Rail Project\NorthLily1 SMA06024\NorthLily1Data20250326to20250707\SMA06024_20250408_194500.wav,1110.0,SMA06024_20250408_194500.wav,3.0,Red-winged Blackbird,rewbla,0.4683,1.0,RWBL,conklaree,,1.0,combined_annotations.csv
6000,Spectrogram 1,1,79137.0,79140.0,0.0,12000.0,E:\2025 King Rail Project\2025 ARU Data Annotated For King Rail Project\NorthLily1 SMA06024\NorthLily1Data20250326to20250707\SMA06024_20250408_194500.wav,1137.0,SMA06024_20250408_194500.wav,3.0,Red-winged Blackbird,rewbla,0.6004,1.0,RWBL,conklaree,,1.0,combined_annotations.csv
6001,Spectrogram 1,1,79140.0,79143.0,0.0,12000.0,E:\2025 King Rail Project\2025 ARU Data Annotated For King Rail Project\NorthLily1 SMA06024\NorthLily1Data20250326to20250707\SMA06024_20250408_194500.wav,1140.0,SMA06024_20250408_194500.wav,3.0,Wood Duck,wooduc,0.373,1.0,WODU,,,1.0,combined_annotations.csv
6783,Spectrogram 1,1,90276.0,90279.0,0.0,12000.0,E:\2025 King Rail Project\2025 ARU Data Annotated For King Rail Project\NorthLily1 SMA06024\NorthLily1Data20250326to20250707\SMA06024_20250410_194700.wav,276.0,SMA06024_20250410_194700.wav,3.0,Red-winged Blackbird,rewbla,0.1653,1.0,RWBL,conklaree,,1.0,combined_annotations.csv
12577,Spectrogram 1,1,145590.0,145593.0,0.0,12000.0,E:\2025 King Rail Project\2025 ARU Data Annotated For King Rail Project\NorthLily1 SMA06024\NorthLily1Data20250326to20250707\SMA06024_20250419_195700.wav,1590.0,SMA06024_20250419_195700.wav,3.0,Virginia Rail,virrai,0.132,0.0,,,,1.0,combined_annotations.csv
18669,Spectrogram 1,1,181620.0,181623.0,0.0,12000.0,E:\2025 King Rail Project\2025 ARU Data Annotated For King Rail Project\NorthLily1 SMA06024\NorthLily1Data20250326to20250707\SMA06024_20250425_200300.wav,1620.0,SMA06024_20250425_200300.wav,3.0,King Rail,kinrai4,0.235,0.0,,,,1.0,combined_annotations.csv
18670,Spectrogram 1,1,181620.0,181623.0,0.0,12000.0,E:\2025 King Rail Project\2025 ARU Data Annotated For King Rail Project\NorthLily1 SMA06024\NorthLily1Data20250326to20250707\SMA06024_20250425_200300.wav,1620.0,SMA06024_20250425_200300.wav,3.0,Red-winged Blackbird,rewbla,0.1199,1.0,RWBL,multiple,,1.0,combined_annotations.csv
18671,Spectrogram 1,1,181620.0,181623.0,0.0,12000.0,E:\2025 King Rail Project\2025 ARU Data Annotated For King Rail Project\NorthLily1 SMA06024\NorthLily1Data20250326to20250707\SMA06024_20250425_200300.wav,1620.0,SMA06024_20250425_200300.wav,3.0,American Bittern,amebit,0.1028,0.0,,,,1.0,combined_annotations.csv
20132,Spectrogram 1,1,192951.0,192954.0,0.0,12000.0,E:\2025 King Rail Project\2025 ARU Data Annotated For King Rail Project\NorthLily1 SMA06024\NorthLily1Data20250326to20250707\SMA06024_20250427_200500.wav,951.0,SMA06024_20250427_200500.wav,3.0,Red-winged Blackbird,rewbla,0.536,1.0,RWBL,twitter,,1.0,combined_annotations.csv
20133,Spectrogram 1,1,192951.0,192954.0,0.0,12000.0,E:\2025 King Rail Project\2025 ARU Data Annotated For King Rail Project\NorthLily1 SMA06024\NorthLily1Data20250326to20250707\SMA06024_20250427_200500.wav,951.0,SMA06024_20250427_200500.wav,3.0,Least Bittern,leabit,0.1512,0.0,,,,1.0,combined_annotations.csv
21522,Spectrogram 1,1,202239.0,202242.0,0.0,12000.0,E:\2025 King Rail Project\2025 ARU Data Annotated For King Rail Project\NorthLily1 SMA06024\NorthLily1Data20250326to20250707\SMA06024_20250429_061100.wav,639.0,SMA06024_20250429_061100.wav,3.0,Red-winged Blackbird,rewbla,0.3082,1.0,RWBL,jeer,,1.0,combined_annotations.csv
21523,Spectrogram 1,1,202239.0,202242.0,0.0,12000.0,E:\2025 King Rail Project\2025 ARU Data Annotated For King Rail Project\NorthLily1 SMA06024\NorthLily1Data20250326to20250707\SMA06024_20250429_061100.wav,639.0,SMA06024_20250429_061100.wav,3.0,Least Bittern,leabit,0.1439,0.0,,,,1.0,combined_annotations.csv
23325,Spectrogram 1,1,223698.0,223701.0,0.0,12000.0,E:\2025 King Rail Project\2025 ARU Data Annotated For King Rail Project\NorthLily1 SMA06024\NorthLily1Data20250326to20250707\SMA06024_20250502_201100.wav,1698.0,SMA06024_20250502_201100.wav,3.0,Red-winged Blackbird,rewbla,0.81,1.0,,,"important seg, try to ID UNK if poss",1.0,combined_annotations.csv
27109,Spectrogram 1,1,254220.0,254223.0,0.0,12000.0,E:\2025 King Rail Project\2025 ARU Data Annotated For King Rail Project\NorthLily1 SMA06024\NorthLily1Data20250326to20250707\SMA06024_20250507_201600.wav,2220.0,SMA06024_20250507_201600.wav,3.0,Least Bittern,leabit,0.164,0.0,,,,1.0,combined_annotations.csv
27114,Spectrogram 1,1,254238.0,254241.0,0.0,12000.0,E:\2025 King Rail Project\2025 ARU Data Annotated For King Rail Project\NorthLily1 SMA06024\NorthLily1Data20250326to20250707\SMA06024_20250507_201600.wav,2238.0,SMA06024_20250507_201600.wav,3.0,American Bittern,amebit,0.1568,0.0,,,,1.0,combined_annotations.csv
27115,Spectrogram 1,1,254241.0,254244.0,0.0,12000.0,E:\2025 King Rail Project\2025 ARU Data Annotated For King Rail Project\NorthLily1 SMA06024\NorthLily1Data20250326to20250707\SMA06024_20250507_201600.wav,2241.0,SMA06024_20250507_201600.wav,3.0,King Rail,kinrai4,0.1305,1.0,KIRA,grunt,,1.0,combined_annotations.csv
42036,Spectrogram 1,1,409251.0,409254.0,0.0,12000.0,E:\2025 King Rail Project\2025 ARU Data Annotated For King Rail Project\NorthLily1 SMA06024\NorthLily1Data20250326to20250707\SMA06024_20250602_204000.wav,1251.0,SMA06024_20250602_204000.wav,3.0,Least Bittern,leabit,0.2084,0.0,,,,1.0,combined_annotations.csv
42037,Spectrogram 1,1,409251.0,409254.0,0.0,12000.0,E:\2025 King Rail Project\2025 ARU Data Annotated For King Rail Project\NorthLily1 SMA06024\NorthLily1Data20250326to20250707\SMA06024_20250602_204000.wav,1251.0,SMA06024_20250602_204000.wav,3.0,Red-winged Blackbird,rewbla,0.1035,1.0,RWBL,conklaree,,1.0,combined_annotations.csv
42262,Spectrogram 1,1,410181.0,410184.0,0.0,12000.0,E:\2025 King Rail Project\2025 ARU Data Annotated For King Rail Project\NorthLily1 SMA06024\NorthLily1Data20250326to20250707\SMA06024_20250602_204000.wav,2181.0,SMA06024_20250602_204000.wav,3.0,Virginia Rail,virrai,0.1213,0.0,,,RWBL pink,1.0,combined_annotations.csv
42263,Spectrogram 1,1,410181.0,410184.0,0.0,12000.0,E:\2025 King Rail Project\2025 ARU Data Annotated For King Rail Project\NorthLily1 SMA06024\NorthLily1Data20250326to20250707\SMA06024_20250602_204000.wav,2181.0,SMA06024_20250602_204000.wav,3.0,American Bittern,amebit,0.1154,0.0,,,,1.0,combined_annotations.csv
42430,Spectrogram 1,1,412617.0,412620.0,0.0,12000.0,E:\2025 King Rail Project\2025 ARU Data Annotated For King Rail Project\NorthLily1 SMA06024\NorthLily1Data20250326to20250707\SMA06024_20250603_054000.wav,1017.0,SMA06024_20250603_054000.wav,3.0,American Bittern,amebit,0.321,0.0,,,,1.0,combined_annotations.csv
42431,Spectrogram 1,1,412617.0,412620.0,0.0,12000.0,E:\2025 King Rail Project\2025 ARU Data Annotated For King Rail Project\NorthLily1 SMA06024\NorthLily1Data20250326to20250707\SMA06024_20250603_054000.wav,1017.0,SMA06024_20250603_054000.wav,3.0,Least Bittern,leabit,0.1729,0.0,,,,1.0,combined_annotations.csv
44720,Spectrogram 1,1,446259.0,446262.0,0.0,12000.0,E:\2025 King Rail Project\2025 ARU Data Annotated For King Rail Project\NorthLily1 SMA06024\NorthLily1Data20250326to20250707\SMA06024_20250608_204400.wav,2259.0,SMA06024_20250608_204400.wav,3.0,Sora,sora,0.7524,0.0,,,,1.0,combined_annotations.csv
44721,Spectrogram 1,1,446262.0,446265.0,0.0,12000.0,E:\2025 King Rail Project\2025 ARU Data Annotated For King Rail Project\NorthLily1 SMA06024\NorthLily1Data20250326to20250707\SMA06024_20250608_204400.wav,2262.0,SMA06024_20250608_204400.wav,3.0,Sora,sora,0.1281,0.0,,,,1.0,combined_annotations.csv
45977,Spectrogram 1,1,475077.0,475080.0,0.0,12000.0,E:\2025 King Rail Project\2025 ARU Data Annotated For King Rail Project\NorthLily1 SMA06024\NorthLily1Data20250326to20250707\SMA06024_20250613_204700.wav,1077.0,SMA06024_20250613_204700.wav,3.0,Least Bittern,leabit,0.1124,0.0,,,rain,1.0,combined_annotations.csv
46007,Spectrogram 1,1,478995.0,478998.0,0.0,12000.0,E:\2025 King Rail Project\2025 ARU Data Annotated For King Rail Project\NorthLily1 SMA06024\NorthLily1Data20250326to20250707\SMA06024_20250614_053800.wav,1395.0,SMA06024_20250614_053800.wav,3.0,Red-winged Blackbird,rewbla,0.308,1.0,RWBL,conklaree,loud rain,1.0,combined_annotations.csv
46620,Spectrogram 1,1,486471.0,486474.0,0.0,12000.0,E:\2025 King Rail Project\2025 ARU Data Annotated For King Rail Project\NorthLily1 SMA06024\NorthLily1Data20250326to20250707\SMA06024_20250615_204700.wav,471.0,SMA06024_20250615_204700.wav,3.0,King Rail,kinrai4,0.2436,1.0,KIRA,kek,KIRA kek + RWBL check,1.0,combined_annotations.csv
46627,Spectrogram 1,1,486525.0,486528.0,0.0,12000.0,E:\2025 King Rail Project\2025 ARU Data Annotated For King Rail Project\NorthLily1 SMA06024\NorthLily1Data20250326to20250707\SMA06024_20250615_204700.wav,525.0,SMA06024_20250615_204700.wav,3.0,Virginia Rail,virrai,0.464,0.0,,,RWBL pink?,1.0,combined_annotations.csv
46772,Spectrogram 1,1,487605.0,487608.0,0.0,12000.0,E:\2025 King Rail Project\2025 ARU Data Annotated For King Rail Project\NorthLily1 SMA06024\NorthLily1Data20250326to20250707\SMA06024_20250615_204700.wav,1605.0,SMA06024_20250615_204700.wav,3.0,Red-winged Blackbird,rewbla,0.1517,1.0,,,,1.0,combined_annotations.csv
47212,Spectrogram 1,1,493626.0,493629.0,0.0,12000.0,E:\2025 King Rail Project\2025 ARU Data Annotated For King Rail Project\NorthLily1 SMA06024\NorthLily1Data20250326to20250707\SMA06024_20250616_204800.wav,1626.0,SMA06024_20250616_204800.wav,3.0,Red-winged Blackbird,rewbla,0.4089,1.0,RWBL,conklaree,,1.0,combined_annotations.csv
47214,Spectrogram 1,1,493647.0,493650.0,0.0,12000.0,E:\2025 King Rail Project\2025 ARU Data Annotated For King Rail Project\NorthLily1 SMA06024\NorthLily1Data20250326to20250707\SMA06024_20250616_204800.wav,1647.0,SMA06024_20250616_204800.wav,3.0,Red-winged Blackbird,rewbla,0.4753,1.0,RWBL,conklaree,,1.0,combined_annotations.csv
47216,Spectrogram 1,1,493698.0,493701.0,0.0,12000.0,E:\2025 King Rail Project\2025 ARU Data Annotated For King Rail Project\NorthLily1 SMA06024\NorthLily1Data20250326to20250707\SMA06024_20250616_204800.wav,1698.0,SMA06024_20250616_204800.wav,3.0,King Rail,kinrai4,0.3889,1.0,KIRA,kek,,1.0,combined_annotations.csv
47217,Spectrogram 1,1,493701.0,493704.0,0.0,12000.0,E:\2025 King Rail Project\2025 ARU Data Annotated For King Rail Project\NorthLily1 SMA06024\NorthLily1Data20250326to20250707\SMA06024_20250616_204800.wav,1701.0,SMA06024_20250616_204800.wav,3.0,King Rail,kinrai4,0.5984,1.0,KIRA,kek,,1.0,combined_annotations.csv
47218,Spectrogram 1,1,493701.0,493704.0,0.0,12000.0,E:\2025 King Rail Project\2025 ARU Data Annotated For King Rail Project\NorthLily1 SMA06024\NorthLily1Data20250326to20250707\SMA06024_20250616_204800.wav,1701.0,SMA06024_20250616_204800.wav,3.0,Virginia Rail,virrai,0.1572,0.0,,,,1.0,combined_annotations.csv
47223,Spectrogram 1,1,493836.0,493839.0,0.0,12000.0,E:\2025 King Rail Project\2025 ARU Data Annotated For King Rail Project\NorthLily1 SMA06024\NorthLily1Data20250326to20250707\SMA06024_20250616_204800.wav,1836.0,SMA06024_20250616_204800.wav,3.0,King Rail,kinrai4,0.1335,1.0,KIRA,kek,,1.0,combined_annotations.csv
47225,Spectrogram 1,1,493848.0,493851.0,0.0,12000.0,E:\2025 King Rail Project\2025 ARU Data Annotated For King Rail Project\NorthLily1 SMA06024\NorthLily1Data20250326to20250707\SMA06024_20250616_204800.wav,1848.0,SMA06024_20250616_204800.wav,3.0,King Rail,kinrai4,0.1123,1.0,KIRA,kek,,1.0,combined_annotations.csv
47226,Spectrogram 1,1,493854.0,493857.0,0.0,12000.0,E:\2025 King Rail Project\2025 ARU Data Annotated For King Rail Project\NorthLily1 SMA06024\NorthLily1Data20250326to20250707\SMA06024_20250616_204800.wav,1854.0,SMA06024_20250616_204800.wav,3.0,King Rail,kinrai4,0.2427,1.0,KIRA,kek,,1.0,combined_annotations.csv
47227,Spectrogram 1,1,493854.0,493857.0,0.0,12000.0,E:\2025 King Rail Project\2025 ARU Data Annotated For King Rail Project\NorthLily1 SMA06024\NorthLily1Data20250326to20250707\SMA06024_20250616_204800.wav,1854.0,SMA06024_20250616_204800.wav,3.0,Virginia Rail,virrai,0.1352,0.0,,,unsure about sparrow chips,1.0,combined_annotations.csv
47233,Spectrogram 1,1,493872.0,493875.0,0.0,12000.0,E:\2025 King Rail Project\2025 ARU Data Annotated For King Rail Project\NorthLily1 SMA06024\NorthLily1Data20250326to20250707\SMA06024_20250616_204800.wav,1872.0,SMA06024_20250616_204800.wav,3.0,King Rail,kinrai4,0.4094,1.0,KIRA,kek,,1.0,combined_annotations.csv
47234,Spectrogram 1,1,493875.0,493878.0,0.0,12000.0,E:\2025 King Rail Project\2025 ARU Data Annotated For King Rail Project\NorthLily1 SMA06024\NorthLily1Data20250326to20250707\SMA06024_20250616_204800.wav,1875.0,SMA06024_20250616_204800.wav,3.0,King Rail,kinrai4,0.847,1.0,KIRA,kek,,1.0,combined_annotations.csv
47247,Spectrogram 1,1,494034.0,494037.0,0.0,12000.0,E:\2025 King Rail Project\2025 ARU Data Annotated For King Rail Project\NorthLily1 SMA06024\NorthLily1Data20250326to20250707\SMA06024_20250616_204800.wav,2034.0,SMA06024_20250616_204800.wav,3.0,King Rail,kinrai4,0.2227,1.0,KIRA,kek,,1.0,combined_annotations.csv
47249,Spectrogram 1,1,494400.0,494403.0,0.0,12000.0,E:\2025 King Rail Project\2025 ARU Data Annotated For King Rail Project\NorthLily1 SMA06024\NorthLily1Data20250326to20250707\SMA06024_20250617_040000.wav,0.0,SMA06024_20250617_040000.wav,3.0,King Rail,kinrai4,0.8214,1.0,KIRA,kek,,1.0,combined_annotations.csv
47250,Spectrogram 1,1,494400.0,494403.0,0.0,12000.0,E:\2025 King Rail Project\2025 ARU Data Annotated For King Rail Project\NorthLily1 SMA06024\NorthLily1Data20250326to20250707\SMA06024_20250617_040000.wav,0.0,SMA06024_20250617_040000.wav,3.0,Virginia Rail,virrai,0.1351,0.0,,,,1.0,combined_annotations.csv
47257,Spectrogram 1,1,494430.0,494433.0,0.0,12000.0,E:\2025 King Rail Project\2025 ARU Data Annotated For King Rail Project\NorthLily1 SMA06024\NorthLily1Data20250326to20250707\SMA06024_20250617_040000.wav,30.0,SMA06024_20250617_040000.wav,3.0,Virginia Rail,virrai,0.1386,0.0,,,,1.0,combined_annotations.csv
47258,Spectrogram 1,1,494433.0,494436.0,0.0,12000.0,E:\2025 King Rail Project\2025 ARU Data Annotated For King Rail Project\NorthLily1 SMA06024\NorthLily1Data20250326to20250707\SMA06024_20250617_040000.wav,33.0,SMA06024_20250617_040000.wav,3.0,King Rail,kinrai4,0.6496,1.0,KIRA,kek,,1.0,combined_annotations.csv
47261,Spectrogram 1,1,494448.0,494451.0,0.0,12000.0,E:\2025 King Rail Project\2025 ARU Data Annotated For King Rail Project\NorthLily1 SMA06024\NorthLily1Data20250326to20250707\SMA06024_20250617_040000.wav,48.0,SMA06024_20250617_040000.wav,3.0,King Rail,kinrai4,0.5489,1.0,KIRA,kek,,1.0,combined_annotations.csv
47262,Spectrogram 1,1,494457.0,494460.0,0.0,12000.0,E:\2025 King Rail Project\2025 ARU Data Annotated For King Rail Project\NorthLily1 SMA06024\NorthLily1Data20250326to20250707\SMA06024_20250617_040000.wav,57.0,SMA06024_20250617_040000.wav,3.0,King Rail,kinrai4,0.5121,1.0,KIRA,kek,,1.0,combined_annotations.csv
47263,Spectrogram 1,1,494460.0,494463.0,0.0,12000.0,E:\2025 King Rail Project\2025 ARU Data Annotated For King Rail Project\NorthLily1 SMA06024\NorthLily1Data20250326to20250707\SMA06024_20250617_040000.wav,60.0,SMA06024_20250617_040000.wav,3.0,King Rail,kinrai4,0.6533,1.0,KIRA,kek,,1.0,combined_annotations.csv
47270,Spectrogram 1,1,494484.0,494487.0,0.0,12000.0,E:\2025 King Rail Project\2025 ARU Data Annotated For King Rail Project\NorthLily1 SMA06024\NorthLily1Data20250326to20250707\SMA06024_20250617_040000.wav,84.0,SMA06024_20250617_040000.wav,3.0,King Rail,kinrai4,0.6635,1.0,KIRA,kek,,1.0,combined_annotations.csv
47271,Spectrogram 1,1,494487.0,494490.0,0.0,12000.0,E:\2025 King Rail Project\2025 ARU Data Annotated For King Rail Project\NorthLily1 SMA06024\NorthLily1Data20250326to20250707\SMA06024_20250617_040000.wav,87.0,SMA06024_20250617_040000.wav,3.0,King Rail,kinrai4,0.9106,1.0,KIRA,kek,,1.0,combined_annotations.csv
47284,Spectrogram 1,1,494538.0,494541.0,0.0,12000.0,E:\2025 King Rail Project\2025 ARU Data Annotated For King Rail Project\NorthLily1 SMA06024\NorthLily1Data20250326to20250707\SMA06024_20250617_040000.wav,138.0,SMA06024_20250617_040000.wav,3.0,King Rail,kinrai4,0.2277,1.0,KIRA,kek,,1.0,combined_annotations.csv
47285,Spectrogram 1,1,494541.0,494544.0,0.0,12000.0,E:\2025 King Rail Project\2025 ARU Data Annotated For King Rail Project\NorthLily1 SMA06024\NorthLily1Data20250326to20250707\SMA06024_20250617_040000.wav,141.0,SMA06024_20250617_040000.wav,3.0,King Rail,kinrai4,0.73,1.0,KIRA,kek,,1.0,combined_annotations.csv
47300,Spectrogram 1,1,494616.0,494619.0,0.0,12000.0,E:\2025 King Rail Project\2025 ARU Data Annotated For King Rail Project\NorthLily1 SMA06024\NorthLily1Data20250326to20250707\SMA06024_20250617_040000.wav,216.0,SMA06024_20250617_040000.wav,3.0,King Rail,kinrai4,0.4331,1.0,KIRA,kek,,1.0,combined_annotations.csv
47301,Spectrogram 1,1,494619.0,494622.0,0.0,12000.0,E:\2025 King Rail Project\2025 ARU Data Annotated For King Rail Project\NorthLily1 SMA06024\NorthLily1Data20250326to20250707\SMA06024_20250617_040000.wav,219.0,SMA06024_20250617_040000.wav,3.0,King Rail,kinrai4,0.8153,1.0,KIRA,kek,,1.0,combined_annotations.csv
47313,Spectrogram 1,1,494667.0,494670.0,0.0,12000.0,E:\2025 King Rail Project\2025 ARU Data Annotated For King Rail Project\NorthLily1 SMA06024\NorthLily1Data20250326to20250707\SMA06024_20250617_040000.wav,267.0,SMA06024_20250617_040000.wav,3.0,King Rail,kinrai4,0.2145,1.0,,,,1.0,combined_annotations.csv
47317,Spectrogram 1,1,494688.0,494691.0,0.0,12000.0,E:\2025 King Rail Project\2025 ARU Data Annotated For King Rail Project\NorthLily1 SMA06024\NorthLily1Data20250326to20250707\SMA06024_20250617_040000.wav,288.0,SMA06024_20250617_040000.wav,3.0,King Rail,kinrai4,0.2557,1.0,KIRA,kek,,1.0,combined_annotations.csv
47361,Spectrogram 1,1,494841.0,494844.0,0.0,12000.0,E:\2025 King Rail Project\2025 ARU Data Annotated For King Rail Project\NorthLily1 SMA06024\NorthLily1Data20250326to20250707\SMA06024_20250617_040000.wav,441.0,SMA06024_20250617_040000.wav,3.0,King Rail,kinrai4,0.3335,1.0,KIRA,kek,,1.0,combined_annotations.csv
47420,Spectrogram 1,1,495048.0,495051.0,0.0,12000.0,E:\2025 King Rail Project\2025 ARU Data Annotated For King Rail Project\NorthLily1 SMA06024\NorthLily1Data20250326to20250707\SMA06024_20250617_040000.wav,648.0,SMA06024_20250617_040000.wav,3.0,King Rail,kinrai4,0.1245,1.0,KIRA,kek,,1.0,combined_annotations.csv
47421,Spectrogram 1,1,495051.0,495054.0,0.0,12000.0,E:\2025 King Rail Project\2025 ARU Data Annotated For King Rail Project\NorthLily1 SMA06024\NorthLily1Data20250326to20250707\SMA06024_20250617_040000.wav,651.0,SMA06024_20250617_040000.wav,3.0,King Rail,kinrai4,0.3559,1.0,KIRA,kek,,1.0,combined_annotations.csv
47422,Spectrogram 1,1,495051.0,495054.0,0.0,12000.0,E:\2025 King Rail Project\2025 ARU Data Annotated For King Rail Project\NorthLily1 SMA06024\NorthLily1Data20250326to20250707\SMA06024_20250617_040000.wav,651.0,SMA06024_20250617_040000.wav,3.0,Virginia Rail,virrai,0.157,0.0,,,,1.0,combined_annotations.csv
47423,Spectrogram 1,1,495054.0,495057.0,0.0,12000.0,E:\2025 King Rail Project\2025 ARU Data Annotated For King Rail Project\NorthLily1 SMA06024\NorthLily1Data20250326to20250707\SMA06024_20250617_040000.wav,654.0,SMA06024_20250617_040000.wav,3.0,King Rail,kinrai4,0.7858,1.0,KIRA,kek,,1.0,combined_annotations.csv
47424,Spectrogram 1,1,495057.0,495060.0,0.0,12000.0,E:\2025 King Rail Project\2025 ARU Data Annotated For King Rail Project\NorthLily1 SMA06024\NorthLily1Data20250326to20250707\SMA06024_20250617_040000.wav,657.0,SMA06024_20250617_040000.wav,3.0,Virginia Rail,virrai,0.2274,0.0,,,,1.0,combined_annotations.csv
47425,Spectrogram 1,1,495057.0,495060.0,0.0,12000.0,E:\2025 King Rail Project\2025 ARU Data Annotated For King Rail Project\NorthLily1 SMA06024\NorthLily1Data20250326to20250707\SMA06024_20250617_040000.wav,657.0,SMA06024_20250617_040000.wav,3.0,King Rail,kinrai4,0.1268,1.0,KIRA,kek,,1.0,combined_annotations.csv
47426,Spectrogram 1,1,495066.0,495069.0,0.0,12000.0,E:\2025 King Rail Project\2025 ARU Data Annotated For King Rail Project\NorthLily1 SMA06024\NorthLily1Data20250326to20250707\SMA06024_20250617_040000.wav,666.0,SMA06024_20250617_040000.wav,3.0,King Rail,kinrai4,0.9077,1.0,KIRA,kek,,1.0,combined_annotations.csv
47431,Spectrogram 1,1,495093.0,495096.0,0.0,12000.0,E:\2025 King Rail Project\2025 ARU Data Annotated For King Rail Project\NorthLily1 SMA06024\NorthLily1Data20250326to20250707\SMA06024_20250617_040000.wav,693.0,SMA06024_20250617_040000.wav,3.0,King Rail,kinrai4,0.794,1.0,KIRA,kek,rain,1.0,combined_annotations.csv
47458,Spectrogram 1,1,495222.0,495225.0,0.0,12000.0,E:\2025 King Rail Project\2025 ARU Data Annotated For King Rail Project\NorthLily1 SMA06024\NorthLily1Data20250326to20250707\SMA06024_20250617_040000.wav,822.0,SMA06024_20250617_040000.wav,3.0,Virginia Rail,virrai,0.1554,1.0,KIRA,kek,rain,1.0,combined_annotations.csv
47481,Spectrogram 1,1,495399.0,495402.0,0.0,12000.0,E:\2025 King Rail Project\2025 ARU Data Annotated For King Rail Project\NorthLily1 SMA06024\NorthLily1Data20250326to20250707\SMA06024_20250617_040000.wav,999.0,SMA06024_20250617_040000.wav,3.0,Virginia Rail,virrai,0.3591,0.0,,,,1.0,combined_annotations.csv
47482,Spectrogram 1,1,495399.0,495402.0,0.0,12000.0,E:\2025 King Rail Project\2025 ARU Data Annotated For King Rail Project\NorthLily1 SMA06024\NorthLily1Data20250326to20250707\SMA06024_20250617_040000.wav,999.0,SMA06024_20250617_040000.wav,3.0,King Rail,kinrai4,0.3074,1.0,KIRA,kek,,1.0,combined_annotations.csv
47484,Spectrogram 1,1,495414.0,495417.0,0.0,12000.0,E:\2025 King Rail Project\2025 ARU Data Annotated For King Rail Project\NorthLily1 SMA06024\NorthLily1Data20250326to20250707\SMA06024_20250617_040000.wav,1014.0,SMA06024_20250617_040000.wav,3.0,King Rail,kinrai4,0.4831,1.0,,,likely yes,1.0,combined_annotations.csv
47485,Spectrogram 1,1,495420.0,495423.0,0.0,12000.0,E:\2025 King Rail Project\2025 ARU Data Annotated For King Rail Project\NorthLily1 SMA06024\NorthLily1Data20250326to20250707\SMA06024_20250617_040000.wav,1020.0,SMA06024_20250617_040000.wav,3.0,King Rail,kinrai4,0.6994,1.0,KIRA,kek,,1.0,combined_annotations.csv
48376,Spectrogram 1,1,516033.0,516036.0,0.0,12000.0,E:\2025 King Rail Project\2025 ARU Data Annotated For King Rail Project\NorthLily1 SMA06024\NorthLily1Data20250326to20250707\SMA06024_20250620_204900.wav,33.0,SMA06024_20250620_204900.wav,3.0,King Rail,kinrai4,0.1435,0.0,,,,1.0,combined_annotations.csv
50903,Spectrogram 1,1,582090.0,582093.0,0.0,12000.0,E:\2025 King Rail Project\2025 ARU Data Annotated For King Rail Project\NorthLily1 SMA06024\NorthLily1Data20250326to20250707\SMA06024_20250701_205000.wav,90.0,SMA06024_20250701_205000.wav,3.0,Virginia Rail,virrai,0.7309,0.0,,,RWBL pink,1.0,combined_annotations.csv
50904,Spectrogram 1,1,582102.0,582105.0,0.0,12000.0,E:\2025 King Rail Project\2025 ARU Data Annotated For King Rail Project\NorthLily1 SMA06024\NorthLily1Data20250326to20250707\SMA06024_20250701_205000.wav,102.0,SMA06024_20250701_205000.wav,3.0,Virginia Rail,virrai,0.7336,0.0,,,RWBL pink,1.0,combined_annotations.csv
51724,Spectrogram 1,1,594684.0,594687.0,0.0,12000.0,E:\2025 King Rail Project\2025 ARU Data Annotated For King Rail Project\NorthLily1 SMA06024\NorthLily1Data20250326to20250707\SMA06024_20250703_204900.wav,684.0,SMA06024_20250703_204900.wav,3.0,King Rail,kinrai4,0.2926,0.0,,,RWBL,1.0,combined_annotations.csv
51752,Spectrogram 1,1,595125.0,595128.0,0.0,12000.0,E:\2025 King Rail Project\2025 ARU Data Annotated For King Rail Project\NorthLily1 SMA06024\NorthLily1Data20250326to20250707\SMA06024_20250703_204900.wav,1125.0,SMA06024_20250703_204900.wav,3.0,King Rail,kinrai4,0.1177,0.0,,,,1.0,combined_annotations.csv
51753,Spectrogram 1,1,595125.0,595128.0,0.0,12000.0,E:\2025 King Rail Project\2025 ARU Data Annotated For King Rail Project\NorthLily1 SMA06024\NorthLily1Data20250326to20250707\SMA06024_20250703_204900.wav,1125.0,SMA06024_20250703_204900.wav,3.0,Marsh Wren,marwre,0.1065,1.0,,,,1.0,combined_annotations.csv
52440,Spectrogram 1,1,610398.0,610401.0,0.0,12000.0,E:\2025 King Rail Project\2025 ARU Data Annotated For King Rail Project\NorthLily1 SMA06024\NorthLily1Data20250326to20250707\SMA06024_20250706_054500.wav,798.0,SMA06024_20250706_054500.wav,3.0,Sora,sora,0.7473,0.0,,,Bald Eagle,1.0,combined_annotations.csv
52441,Spectrogram 1,1,610398.0,610401.0,0.0,12000.0,E:\2025 King Rail Project\2025 ARU Data Annotated For King Rail Project\NorthLily1 SMA06024\NorthLily1Data20250326to20250707\SMA06024_20250706_054500.wav,798.0,SMA06024_20250706_054500.wav,3.0,Virginia Rail,virrai,0.2003,0.0,,,,1.0,combined_annotations.csv
52492,Spectrogram 1,1,617136.0,617139.0,0.0,12000.0,E:\2025 King Rail Project\2025 ARU Data Annotated For King Rail Project\NorthLily1 SMA06024\NorthLily1Data20250326to20250707\SMA06024_20250707_054600.wav,1536.0,SMA06024_20250707_054600.wav,3.0,Red-winged Blackbird,rewbla,0.1464,1.0,,,,1.0,combined_annotations.csv
52493,Spectrogram 1,1,617136.0,617139.0,0.0,12000.0,E:\2025 King Rail Project\2025 ARU Data Annotated For King Rail Project\NorthLily1 SMA06024\NorthLily1Data20250326to20250707\SMA06024_20250707_054600.wav,1536.0,SMA06024_20250707_054600.wav,3.0,Least Bittern,leabit,0.1016,0.0,,,,1.0,combined_annotations.csv
27,Spectrogram 1,1,63.0,66.0,0.0,12000.0,D:\2025 King Rail Project\2025 ARU Data Annotated For King Rail Project\SpringValley 2MA04668\SpringValleyData20250414to20250702\2MA04668_20250414_195300.wav,63.0,2MA04668_20250414_195300.wav,3.0,Virginia Rail,virrai,0.4641,0.0,RWBL,,check for RWBL?,1.0,combined_annotations.csv
28,Spectrogram 1,1,63.0,66.0,0.0,12000.0,D:\2025 King Rail Project\2025 ARU Data Annotated For King Rail Project\SpringValley 2MA04668\SpringValleyData20250414to20250702\2MA04668_20250414_195300.wav,63.0,2MA04668_20250414_195300.wav,3.0,American Bittern,amebit,0.2158,0.0,,,,1.0,combined_annotations.csv
81,Spectrogram 1,1,183.0,186.0,0.0,12000.0,D:\2025 King Rail Project\2025 ARU Data Annotated For King Rail Project\SpringValley 2MA04668\SpringValleyData20250414to20250702\2MA04668_20250414_195300.wav,183.0,2MA04668_20250414_195300.wav,3.0,Virginia Rail,virrai,0.7587,0.0,RWBL,,"verify RWBL pink, jenk",1.0,combined_annotations.csv
338,Spectrogram 1,1,804.0,807.0,0.0,12000.0,D:\2025 King Rail Project\2025 ARU Data Annotated For King Rail Project\SpringValley 2MA04668\SpringValleyData20250414to20250702\2MA04668_20250414_195300.wav,804.0,2MA04668_20250414_195300.wav,3.0,American Bittern,amebit,0.8863,0.0,,,,1.0,combined_annotations.csv
339,Spectrogram 1,1,804.0,807.0,0.0,12000.0,D:\2025 King Rail Project\2025 ARU Data Annotated For King Rail Project\SpringValley 2MA04668\SpringValleyData20250414to20250702\2MA04668_20250414_195300.wav,804.0,2MA04668_20250414_195300.wav,3.0,Red-winged Blackbird,rewbla,0.1184,1.0,,,,1.0,combined_annotations.csv
342,Spectrogram 1,1,810.0,813.0,0.0,12000.0,D:\2025 King Rail Project\2025 ARU Data Annotated For King Rail Project\SpringValley 2MA04668\SpringValleyData20250414to20250702\2MA04668_20250414_195300.wav,810.0,2MA04668_20250414_195300.wav,3.0,Sora,sora,0.2203,0.0,,,,1.0,combined_annotations.csv
341,Spectrogram 1,1,810.0,813.0,0.0,12000.0,D:\2025 King Rail Project\2025 ARU Data Annotated For King Rail Project\SpringValley 2MA04668\SpringValleyData20250414to20250702\2MA04668_20250414_195300.wav,810.0,2MA04668_20250414_195300.wav,3.0,American Bittern,amebit,0.465,0.0,,,,1.0,combined_annotations.csv
343,Spectrogram 1,1,810.0,813.0,0.0,12000.0,D:\2025 King Rail Project\2025 ARU Data Annotated For King Rail Project\SpringValley 2MA04668\SpringValleyData20250414to20250702\2MA04668_20250414_195300.wav,810.0,2MA04668_20250414_195300.wav,3.0,Red-winged Blackbird,rewbla,0.1063,1.0,,,,1.0,combined_annotations.csv
1408,Spectrogram 1,1,6054.0,6057.0,0.0,12000.0,D:\2025 King Rail Project\2025 ARU Data Annotated For King Rail Project\SpringValley 2MA04668\SpringValleyData20250414to20250702\2MA04668_20250415_195400.wav,54.0,2MA04668_20250415_195400.wav,3.0,Red-winged Blackbird,rewbla,0.7285,1.0,RWBL,,,1.0,combined_annotations.csv
5250,Spectrogram 1,1,27295.0,27298.0,0.0,12000.0,D:\2025 King Rail Project\2025 ARU Data Annotated For King Rail Project\SpringValley 2MA04668\SpringValleyData20250414to20250702\2MA04668_20250509_060800.wav,2115.0,2MA04668_20250509_060800.wav,3.0,Least Bittern,leabit,0.1269,0.0,,,,1.0,combined_annotations.csv
5249,Spectrogram 1,1,27295.0,27298.0,0.0,12000.0,D:\2025 King Rail Project\2025 ARU Data Annotated For King Rail Project\SpringValley 2MA04668\SpringValleyData20250414to20250702\2MA04668_20250509_060800.wav,2115.0,2MA04668_20250509_060800.wav,3.0,Red-winged Blackbird,rewbla,0.5798,1.0,RWBL,check,,1.0,combined_annotations.csv
10369,Spectrogram 1,1,64993.0,64996.0,0.0,12000.0,D:\2025 King Rail Project\2025 ARU Data Annotated For King Rail Project\SpringValley 2MA04668\SpringValleyData20250414to20250702\2MA04668_20250515_202300.wav,1413.0,2MA04668_20250515_202300.wav,3.0,King Rail,kinrai4,0.3426,0.0,RWBL,check,"rain, RWBL check and conklaree",1.0,combined_annotations.csv
10371,Spectrogram 1,1,64993.0,64996.0,0.0,12000.0,D:\2025 King Rail Project\2025 ARU Data Annotated For King Rail Project\SpringValley 2MA04668\SpringValleyData20250414to20250702\2MA04668_20250515_202300.wav,1413.0,2MA04668_20250515_202300.wav,3.0,Red-winged Blackbird,rewbla,0.2251,1.0,RWBL,check,"rain, RWBL check and conklaree",1.0,combined_annotations.csv
10372,Spectrogram 1,1,64993.0,64996.0,0.0,12000.0,D:\2025 King Rail Project\2025 ARU Data Annotated For King Rail Project\SpringValley 2MA04668\SpringValleyData20250414to20250702\2MA04668_20250515_202300.wav,1413.0,2MA04668_20250515_202300.wav,3.0,Least Bittern,leabit,0.1062,0.0,,,,1.0,combined_annotations.csv
10370,Spectrogram 1,1,64993.0,64996.0,0.0,12000.0,D:\2025 King Rail Project\2025 ARU Data Annotated For King Rail Project\SpringValley 2MA04668\SpringValleyData20250414to20250702\2MA04668_20250515_202300.wav,1413.0,2MA04668_20250515_202300.wav,3.0,Virginia Rail,virrai,0.2526,0.0,,,,1.0,combined_annotations.csv
11124,Spectrogram 1,1,75664.0,75667.0,0.0,12000.0,D:\2025 King Rail Project\2025 ARU Data Annotated For King Rail Project\SpringValley 2MA04668\SpringValleyData20250414to20250702\2MA04668_20250517_202500.wav,84.0,2MA04668_20250517_202500.wav,3.0,King Rail,kinrai4,0.5029,0.0,RWBL,check,"rain, RWBL checks",1.0,combined_annotations.csv
11125,Spectrogram 1,1,75664.0,75667.0,0.0,12000.0,D:\2025 King Rail Project\2025 ARU Data Annotated For King Rail Project\SpringValley 2MA04668\SpringValleyData20250414to20250702\2MA04668_20250517_202500.wav,84.0,2MA04668_20250517_202500.wav,3.0,Red-winged Blackbird,rewbla,0.1501,1.0,RWBL,check,,1.0,combined_annotations.csv
11126,Spectrogram 1,1,75664.0,75667.0,0.0,12000.0,D:\2025 King Rail Project\2025 ARU Data Annotated For King Rail Project\SpringValley 2MA04668\SpringValleyData20250414to20250702\2MA04668_20250517_202500.wav,84.0,2MA04668_20250517_202500.wav,3.0,Virginia Rail,virrai,0.1218,0.0,,,,1.0,combined_annotations.csv
12536,Spectrogram 1,1,89386.0,89389.0,0.0,12000.0,D:\2025 King Rail Project\2025 ARU Data Annotated For King Rail Project\SpringValley 2MA04668\SpringValleyData20250414to20250702\2MA04668_20250519_202700.wav,1806.0,2MA04668_20250519_202700.wav,3.0,Red-winged Blackbird,rewbla,0.2042,1.0,RWBL,,,1.0,combined_annotations.csv
12540,Spectrogram 1,1,89473.0,89476.0,0.0,12000.0,D:\2025 King Rail Project\2025 ARU Data Annotated For King Rail Project\SpringValley 2MA04668\SpringValleyData20250414to20250702\2MA04668_20250519_202700.wav,1893.0,2MA04668_20250519_202700.wav,3.0,Red-winged Blackbird,rewbla,0.1443,1.0,,,,1.0,combined_annotations.csv
12600,Spectrogram 1,1,91135.0,91138.0,0.0,12000.0,D:\2025 King Rail Project\2025 ARU Data Annotated For King Rail Project\SpringValley 2MA04668\SpringValleyData20250414to20250702\2MA04668_20250520_040000.wav,1155.0,2MA04668_20250520_040000.wav,3.0,King Rail,kinrai4,0.18,0.0,,,,1.0,combined_annotations.csv
13453,Spectrogram 1,1,95860.0,95863.0,0.0,12000.0,D:\2025 King Rail Project\2025 ARU Data Annotated For King Rail Project\SpringValley 2MA04668\SpringValleyData20250414to20250702\2MA04668_20250520_202800.wav,2280.0,2MA04668_20250520_202800.wav,3.0,King Rail,kinrai4,0.4171,0.0,RWBL,check,faint checks,1.0,combined_annotations.csv
13454,Spectrogram 1,1,95860.0,95863.0,0.0,12000.0,D:\2025 King Rail Project\2025 ARU Data Annotated For King Rail Project\SpringValley 2MA04668\SpringValleyData20250414to20250702\2MA04668_20250520_202800.wav,2280.0,2MA04668_20250520_202800.wav,3.0,Least Bittern,leabit,0.2099,0.0,,,,1.0,combined_annotations.csv
13455,Spectrogram 1,1,95860.0,95863.0,0.0,12000.0,D:\2025 King Rail Project\2025 ARU Data Annotated For King Rail Project\SpringValley 2MA04668\SpringValleyData20250414to20250702\2MA04668_20250520_202800.wav,2280.0,2MA04668_20250520_202800.wav,3.0,Virginia Rail,virrai,0.1196,0.0,,,,1.0,combined_annotations.csv
14375,Spectrogram 1,1,106306.0,106309.0,0.0,12000.0,D:\2025 King Rail Project\2025 ARU Data Annotated For King Rail Project\SpringValley 2MA04668\SpringValleyData20250414to20250702\2MA04668_20250522_203000.wav,726.0,2MA04668_20250522_203000.wav,3.0,Red-winged Blackbird,rewbla,0.6843,1.0,RWBL,jeer,"RWBL jeer, check",1.0,combined_annotations.csv
14747,Spectrogram 1,1,110545.0,110548.0,0.0,12000.0,D:\2025 King Rail Project\2025 ARU Data Annotated For King Rail Project\SpringValley 2MA04668\SpringValleyData20250414to20250702\2MA04668_20250523_055500.wav,1365.0,2MA04668_20250523_055500.wav,3.0,King Rail,kinrai4,0.8243,0.0,RWBL,check,many RWBL checks,1.0,combined_annotations.csv
14748,Spectrogram 1,1,110545.0,110548.0,0.0,12000.0,D:\2025 King Rail Project\2025 ARU Data Annotated For King Rail Project\SpringValley 2MA04668\SpringValleyData20250414to20250702\2MA04668_20250523_055500.wav,1365.0,2MA04668_20250523_055500.wav,3.0,Virginia Rail,virrai,0.1276,0.0,,,,1.0,combined_annotations.csv
17452,Spectrogram 1,1,132904.0,132907.0,0.0,12000.0,D:\2025 King Rail Project\2025 ARU Data Annotated For King Rail Project\SpringValley 2MA04668\SpringValleyData20250414to20250702\2MA04668_20250527_040000.wav,924.0,2MA04668_20250527_040000.wav,3.0,King Rail,kinrai4,0.2701,0.0,NT,,Frogs! Green and Cricket frogs,1.0,combined_annotations.csv
18061,Spectrogram 1,1,136786.0,136789.0,0.0,12000.0,D:\2025 King Rail Project\2025 ARU Data Annotated For King Rail Project\SpringValley 2MA04668\SpringValleyData20250414to20250702\2MA04668_20250527_203400.wav,1206.0,2MA04668_20250527_203400.wav,3.0,Red-winged Blackbird,rewbla,0.4727,1.0,,,,1.0,combined_annotations.csv
21478,Spectrogram 1,1,166633.0,166636.0,0.0,12000.0,D:\2025 King Rail Project\2025 ARU Data Annotated For King Rail Project\SpringValley 2MA04668\SpringValleyData20250414to20250702\2MA04668_20250601_203800.wav,1053.0,2MA04668_20250601_203800.wav,3.0,Red-winged Blackbird,rewbla,0.1157,1.0,,,,1.0,combined_annotations.csv
21479,Spectrogram 1,1,166633.0,166636.0,0.0,12000.0,D:\2025 King Rail Project\2025 ARU Data Annotated For King Rail Project\SpringValley 2MA04668\SpringValleyData20250414to20250702\2MA04668_20250601_203800.wav,1053.0,2MA04668_20250601_203800.wav,3.0,American Bittern,amebit,0.1113,0.0,,,,1.0,combined_annotations.csv
21477,Spectrogram 1,1,166633.0,166636.0,0.0,12000.0,D:\2025 King Rail Project\2025 ARU Data Annotated For King Rail Project\SpringValley 2MA04668\SpringValleyData20250414to20250702\2MA04668_20250601_203800.wav,1053.0,2MA04668_20250601_203800.wav,3.0,Least Bittern,leabit,0.1413,0.0,,,,1.0,combined_annotations.csv
21486,Spectrogram 1,1,166714.0,166717.0,0.0,12000.0,D:\2025 King Rail Project\2025 ARU Data Annotated For King Rail Project\SpringValley 2MA04668\SpringValleyData20250414to20250702\2MA04668_20250601_203800.wav,1134.0,2MA04668_20250601_203800.wav,3.0,Red-winged Blackbird,rewbla,0.2781,1.0,,,,1.0,combined_annotations.csv
21717,Spectrogram 1,1,170251.0,170254.0,0.0,12000.0,D:\2025 King Rail Project\2025 ARU Data Annotated For King Rail Project\SpringValley 2MA04668\SpringValleyData20250414to20250702\2MA04668_20250602_055000.wav,1071.0,2MA04668_20250602_055000.wav,3.0,King Rail,kinrai4,0.8232,0.0,RWBL,check,many RWBL checks,1.0,combined_annotations.csv
21718,Spectrogram 1,1,170251.0,170254.0,0.0,12000.0,D:\2025 King Rail Project\2025 ARU Data Annotated For King Rail Project\SpringValley 2MA04668\SpringValleyData20250414to20250702\2MA04668_20250602_055000.wav,1071.0,2MA04668_20250602_055000.wav,3.0,Virginia Rail,virrai,0.1629,0.0,,,,1.0,combined_annotations.csv
22386,Spectrogram 1,1,178030.0,178033.0,0.0,12000.0,D:\2025 King Rail Project\2025 ARU Data Annotated For King Rail Project\SpringValley 2MA04668\SpringValleyData20250414to20250702\2MA04668_20250603_203900.wav,450.0,2MA04668_20250603_203900.wav,3.0,Red-winged Blackbird,rewbla,0.3755,1.0,,,,1.0,combined_annotations.csv
26134,Spectrogram 1,1,207025.0,207028.0,0.0,12000.0,D:\2025 King Rail Project\2025 ARU Data Annotated For King Rail Project\SpringValley 2MA04668\SpringValleyData20250414to20250702\2MA04668_20250608_054800.wav,1845.0,2MA04668_20250608_054800.wav,3.0,Red-winged Blackbird,rewbla,0.9051,1.0,,,,1.0,combined_annotations.csv
26565,Spectrogram 1,1,210439.0,210442.0,0.0,12000.0,D:\2025 King Rail Project\2025 ARU Data Annotated For King Rail Project\SpringValley 2MA04668\SpringValleyData20250414to20250702\2MA04668_20250609_040000.wav,459.0,2MA04668_20250609_040000.wav,3.0,King Rail,kinrai4,0.2983,0.0,NT,,"rain, Frogs! Green and Cricket Frogs",1.0,combined_annotations.csv
28823,Spectrogram 1,1,232120.0,232123.0,0.0,12000.0,D:\2025 King Rail Project\2025 ARU Data Annotated For King Rail Project\SpringValley 2MA04668\SpringValleyData20250414to20250702\2MA04668_20250612_204400.wav,540.0,2MA04668_20250612_204400.wav,3.0,King Rail,kinrai4,0.811,0.0,RWBL,check,many RWBL checks,1.0,combined_annotations.csv
32008,Spectrogram 1,1,261547.0,261550.0,0.0,12000.0,D:\2025 King Rail Project\2025 ARU Data Annotated For King Rail Project\SpringValley 2MA04668\SpringValleyData20250414to20250702\2MA04668_20250617_054800.wav,2367.0,2MA04668_20250617_054800.wav,3.0,Virginia Rail,virrai,0.1624,0.0,,,verify,1.0,combined_annotations.csv
32006,Spectrogram 1,1,261547.0,261550.0,0.0,12000.0,D:\2025 King Rail Project\2025 ARU Data Annotated For King Rail Project\SpringValley 2MA04668\SpringValleyData20250414to20250702\2MA04668_20250617_054800.wav,2367.0,2MA04668_20250617_054800.wav,3.0,King Rail,kinrai4,0.7472,0.0,RWBL,check,verify,1.0,combined_annotations.csv
32007,Spectrogram 1,1,261547.0,261550.0,0.0,12000.0,D:\2025 King Rail Project\2025 ARU Data Annotated For King Rail Project\SpringValley 2MA04668\SpringValleyData20250414to20250702\2MA04668_20250617_054800.wav,2367.0,2MA04668_20250617_054800.wav,3.0,Least Bittern,leabit,0.3094,0.0,,,verify,1.0,combined_annotations.csv
32153,Spectrogram 1,1,262042.0,262045.0,0.0,12000.0,D:\2025 King Rail Project\2025 ARU Data Annotated For King Rail Project\SpringValley 2MA04668\SpringValleyData20250414to20250702\2MA04668_20250617_204600.wav,462.0,2MA04668_20250617_204600.wav,3.0,King Rail,kinrai4,0.6062,0.0,RWBL,check,sharp RWBL checks,1.0,combined_annotations.csv
32155,Spectrogram 1,1,262042.0,262045.0,0.0,12000.0,D:\2025 King Rail Project\2025 ARU Data Annotated For King Rail Project\SpringValley 2MA04668\SpringValleyData20250414to20250702\2MA04668_20250617_204600.wav,462.0,2MA04668_20250617_204600.wav,3.0,Least Bittern,leabit,0.1387,0.0,,,,1.0,combined_annotations.csv
32154,Spectrogram 1,1,262042.0,262045.0,0.0,12000.0,D:\2025 King Rail Project\2025 ARU Data Annotated For King Rail Project\SpringValley 2MA04668\SpringValleyData20250414to20250702\2MA04668_20250617_204600.wav,462.0,2MA04668_20250617_204600.wav,3.0,Virginia Rail,virrai,0.1992,0.0,,,,1.0,combined_annotations.csv
33374,Spectrogram 1,1,273022.0,273025.0,0.0,12000.0,D:\2025 King Rail Project\2025 ARU Data Annotated For King Rail Project\SpringValley 2MA04668\SpringValleyData20250414to20250702\2MA04668_20250619_054800.wav,1842.0,2MA04668_20250619_054800.wav,3.0,King Rail,kinrai4,0.1972,0.0,RWBL,check,"RWBL check, conklaree, green frog",1.0,combined_annotations.csv
33375,Spectrogram 1,1,273022.0,273025.0,0.0,12000.0,D:\2025 King Rail Project\2025 ARU Data Annotated For King Rail Project\SpringValley 2MA04668\SpringValleyData20250414to20250702\2MA04668_20250619_054800.wav,1842.0,2MA04668_20250619_054800.wav,3.0,Least Bittern,leabit,0.1533,0.0,,,,1.0,combined_annotations.csv
33376,Spectrogram 1,1,273022.0,273025.0,0.0,12000.0,D:\2025 King Rail Project\2025 ARU Data Annotated For King Rail Project\SpringValley 2MA04668\SpringValleyData20250414to20250702\2MA04668_20250619_054800.wav,1842.0,2MA04668_20250619_054800.wav,3.0,Red-winged Blackbird,rewbla,0.1013,1.0,,,,1.0,combined_annotations.csv
33373,Spectrogram 1,1,273022.0,273025.0,0.0,12000.0,D:\2025 King Rail Project\2025 ARU Data Annotated For King Rail Project\SpringValley 2MA04668\SpringValleyData20250414to20250702\2MA04668_20250619_054800.wav,1842.0,2MA04668_20250619_054800.wav,3.0,Virginia Rail,virrai,0.2725,0.0,,,,1.0,combined_annotations.csv
35874,Spectrogram 1,1,286519.0,286522.0,0.0,12000.0,D:\2025 King Rail Project\2025 ARU Data Annotated For King Rail Project\SpringValley 2MA04668\SpringValleyData20250414to20250702\2MA04668_20250621_204700.wav,939.0,2MA04668_20250621_204700.wav,3.0,King Rail,kinrai4,0.1267,0.0,,,,1.0,combined_annotations.csv
35872,Spectrogram 1,1,286519.0,286522.0,0.0,12000.0,D:\2025 King Rail Project\2025 ARU Data Annotated For King Rail Project\SpringValley 2MA04668\SpringValleyData20250414to20250702\2MA04668_20250621_204700.wav,939.0,2MA04668_20250621_204700.wav,3.0,Least Bittern,leabit,0.4183,0.0,,,,1.0,combined_annotations.csv
35873,Spectrogram 1,1,286519.0,286522.0,0.0,12000.0,D:\2025 King Rail Project\2025 ARU Data Annotated For King Rail Project\SpringValley 2MA04668\SpringValleyData20250414to20250702\2MA04668_20250621_204700.wav,939.0,2MA04668_20250621_204700.wav,3.0,Red-winged Blackbird,rewbla,0.2033,1.0,,,,1.0,combined_annotations.csv
38515,Spectrogram 1,1,301927.0,301930.0,0.0,12000.0,D:\2025 King Rail Project\2025 ARU Data Annotated For King Rail Project\SpringValley 2MA04668\SpringValleyData20250414to20250702\2MA04668_20250624_055000.wav,747.0,2MA04668_20250624_055000.wav,3.0,King Rail,kinrai4,0.8163,0.0,RWBL,check,many RWBL checks,1.0,combined_annotations.csv
38516,Spectrogram 1,1,301927.0,301930.0,0.0,12000.0,D:\2025 King Rail Project\2025 ARU Data Annotated For King Rail Project\SpringValley 2MA04668\SpringValleyData20250414to20250702\2MA04668_20250624_055000.wav,747.0,2MA04668_20250624_055000.wav,3.0,American Bittern,amebit,0.1557,0.0,,,prob GF's in the low reg.,1.0,combined_annotations.csv
38825,Spectrogram 1,1,303460.0,303463.0,0.0,12000.0,D:\2025 King Rail Project\2025 ARU Data Annotated For King Rail Project\SpringValley 2MA04668\SpringValleyData20250414to20250702\2MA04668_20250624_055000.wav,2280.0,2MA04668_20250624_055000.wav,3.0,King Rail,kinrai4,0.7438,0.0,RWBL,check,a few faint RWBL checks,1.0,combined_annotations.csv
39629,Spectrogram 1,1,309232.0,309235.0,0.0,12000.0,D:\2025 King Rail Project\2025 ARU Data Annotated For King Rail Project\SpringValley 2MA04668\SpringValleyData20250414to20250702\2MA04668_20250625_055000.wav,2052.0,2MA04668_20250625_055000.wav,3.0,King Rail,kinrai4,0.1007,0.0,RWBL,check,a close and a far RWBL check,1.0,combined_annotations.csv
39628,Spectrogram 1,1,309232.0,309235.0,0.0,12000.0,D:\2025 King Rail Project\2025 ARU Data Annotated For King Rail Project\SpringValley 2MA04668\SpringValleyData20250414to20250702\2MA04668_20250625_055000.wav,2052.0,2MA04668_20250625_055000.wav,3.0,Common Gallinule,comgal1,0.1143,0.0,,,,1.0,combined_annotations.csv
39627,Spectrogram 1,1,309232.0,309235.0,0.0,12000.0,D:\2025 King Rail Project\2025 ARU Data Annotated For King Rail Project\SpringValley 2MA04668\SpringValleyData20250414to20250702\2MA04668_20250625_055000.wav,2052.0,2MA04668_20250625_055000.wav,3.0,Least Bittern,leabit,0.2231,0.0,,,,1.0,combined_annotations.csv
40964,Spectrogram 1,1,316129.0,316132.0,0.0,12000.0,D:\2025 King Rail Project\2025 ARU Data Annotated For King Rail Project\SpringValley 2MA04668\SpringValleyData20250414to20250702\2MA04668_20250626_204800.wav,549.0,2MA04668_20250626_204800.wav,3.0,Red-winged Blackbird,rewbla,0.8308,1.0,RWBL,conklaree,"rain, pretty clean clean conklaree",1.0,combined_annotations.csv
43413,Spectrogram 1,1,329059.0,329062.0,0.0,12000.0,D:\2025 King Rail Project\2025 ARU Data Annotated For King Rail Project\SpringValley 2MA04668\SpringValleyData20250414to20250702\2MA04668_20250628_204800.wav,1479.0,2MA04668_20250628_204800.wav,3.0,American Bittern,amebit,0.1336,0.0,,,,1.0,combined_annotations.csv
43410,Spectrogram 1,1,329059.0,329062.0,0.0,12000.0,D:\2025 King Rail Project\2025 ARU Data Annotated For King Rail Project\SpringValley 2MA04668\SpringValleyData20250414to20250702\2MA04668_20250628_204800.wav,1479.0,2MA04668_20250628_204800.wav,3.0,King Rail,kinrai4,0.4012,0.0,,,,1.0,combined_annotations.csv
43411,Spectrogram 1,1,329059.0,329062.0,0.0,12000.0,D:\2025 King Rail Project\2025 ARU Data Annotated For King Rail Project\SpringValley 2MA04668\SpringValleyData20250414to20250702\2MA04668_20250628_204800.wav,1479.0,2MA04668_20250628_204800.wav,3.0,Least Bittern,leabit,0.3533,0.0,,,,1.0,combined_annotations.csv
43412,Spectrogram 1,1,329059.0,329062.0,0.0,12000.0,D:\2025 King Rail Project\2025 ARU Data Annotated For King Rail Project\SpringValley 2MA04668\SpringValleyData20250414to20250702\2MA04668_20250628_204800.wav,1479.0,2MA04668_20250628_204800.wav,3.0,Virginia Rail,virrai,0.1723,0.0,,,,1.0,combined_annotations.csv
44561,Spectrogram 1,1,335923.0,335926.0,0.0,12000.0,D:\2025 King Rail Project\2025 ARU Data Annotated For King Rail Project\SpringValley 2MA04668\SpringValleyData20250414to20250702\2MA04668_20250629_204700.wav,2343.0,2MA04668_20250629_204700.wav,3.0,King Rail,kinrai4,0.197,0.0,,,,1.0,combined_annotations.csv
44958,Spectrogram 1,1,339289.0,339292.0,0.0,12000.0,D:\2025 King Rail Project\2025 ARU Data Annotated For King Rail Project\SpringValley 2MA04668\SpringValleyData20250414to20250702\2MA04668_20250630_055200.wav,2109.0,2MA04668_20250630_055200.wav,3.0,King Rail,kinrai4,0.4992,0.0,RWBL,check,,1.0,combined_annotations.csv
1,Spectrogram 1,1,0.0,3.0,0.0,12000.0,E:\2025 King Rail Project\Choctaw_WMA_2025 Data\MINI06_20250410_050000.wav,0.0,MINI06_20250410_050000.wav,3.0,King Rail,kinrai4,0.3228,1.0,KIRA,kek,,1.0,combined_annotations.csv
2,Spectrogram 1,1,3.0,6.0,0.0,12000.0,E:\2025 King Rail Project\Choctaw_WMA_2025 Data\MINI06_20250410_050000.wav,3.0,MINI06_20250410_050000.wav,3.0,King Rail,kinrai4,0.7271,1.0,KIRA,kek,,1.0,combined_annotations.csv
3,Spectrogram 1,1,6.0,9.0,0.0,12000.0,E:\2025 King Rail Project\Choctaw_WMA_2025 Data\MINI06_20250410_050000.wav,6.0,MINI06_20250410_050000.wav,3.0,King Rail,kinrai4,0.8019,1.0,KIRA,kek,,1.0,combined_annotations.csv
4,Spectrogram 1,1,9.0,12.0,0.0,12000.0,E:\2025 King Rail Project\Choctaw_WMA_2025 Data\MINI06_20250410_050000.wav,9.0,MINI06_20250410_050000.wav,3.0,King Rail,kinrai4,0.9007,1.0,KIRA,kek,,1.0,combined_annotations.csv
5,Spectrogram 1,1,12.0,15.0,0.0,12000.0,E:\2025 King Rail Project\Choctaw_WMA_2025 Data\MINI06_20250410_050000.wav,12.0,MINI06_20250410_050000.wav,3.0,King Rail,kinrai4,0.9489,1.0,KIRA,kek,,1.0,combined_annotations.csv
6,Spectrogram 1,1,15.0,18.0,0.0,12000.0,E:\2025 King Rail Project\Choctaw_WMA_2025 Data\MINI06_20250410_050000.wav,15.0,MINI06_20250410_050000.wav,3.0,King Rail,kinrai4,0.7975,1.0,KIRA,kek,,1.0,combined_annotations.csv
8,Spectrogram 1,1,21.0,24.0,0.0,12000.0,E:\2025 King Rail Project\Choctaw_WMA_2025 Data\MINI06_20250410_050000.wav,21.0,MINI06_20250410_050000.wav,3.0,King Rail,kinrai4,0.3904,1.0,KIRA,kek,,1.0,combined_annotations.csv
10,Spectrogram 1,1,24.0,27.0,0.0,12000.0,E:\2025 King Rail Project\Choctaw_WMA_2025 Data\MINI06_20250410_050000.wav,24.0,MINI06_20250410_050000.wav,3.0,King Rail,kinrai4,0.4037,1.0,KIRA,kek,,1.0,combined_annotations.csv
11,Spectrogram 1,1,27.0,30.0,0.0,12000.0,E:\2025 King Rail Project\Choctaw_WMA_2025 Data\MINI06_20250410_050000.wav,27.0,MINI06_20250410_050000.wav,3.0,King Rail,kinrai4,0.3423,1.0,KIRA,kek,,1.0,combined_annotations.csv
12,Spectrogram 1,1,30.0,33.0,0.0,12000.0,E:\2025 King Rail Project\Choctaw_WMA_2025 Data\MINI06_20250410_050000.wav,30.0,MINI06_20250410_050000.wav,3.0,King Rail,kinrai4,0.7398,1.0,KIRA,kek,,1.0,combined_annotations.csv
13,Spectrogram 1,1,33.0,36.0,0.0,12000.0,E:\2025 King Rail Project\Choctaw_WMA_2025 Data\MINI06_20250410_050000.wav,33.0,MINI06_20250410_050000.wav,3.0,King Rail,kinrai4,0.5328,1.0,KIRA,kek,,1.0,combined_annotations.csv
14,Spectrogram 1,1,33.0,36.0,0.0,12000.0,E:\2025 King Rail Project\Choctaw_WMA_2025 Data\MINI06_20250410_050000.wav,33.0,MINI06_20250410_050000.wav,3.0,Least Bittern,leabit,0.1722,0.0,,,,1.0,combined_annotations.csv
15,Spectrogram 1,1,36.0,39.0,0.0,12000.0,E:\2025 King Rail Project\Choctaw_WMA_2025 Data\MINI06_20250410_050000.wav,36.0,MINI06_20250410_050000.wav,3.0,King Rail,kinrai4,0.2907,1.0,KIRA,kek,,1.0,combined_annotations.csv
16,Spectrogram 1,1,39.0,42.0,0.0,12000.0,E:\2025 King Rail Project\Choctaw_WMA_2025 Data\MINI06_20250410_050000.wav,39.0,MINI06_20250410_050000.wav,3.0,King Rail,kinrai4,0.547,1.0,KIRA,kek,,1.0,combined_annotations.csv
17,Spectrogram 1,1,42.0,45.0,0.0,12000.0,E:\2025 King Rail Project\Choctaw_WMA_2025 Data\MINI06_20250410_050000.wav,42.0,MINI06_20250410_050000.wav,3.0,King Rail,kinrai4,0.5684,1.0,KIRA,kek,,1.0,combined_annotations.csv
18,Spectrogram 1,1,45.0,48.0,0.0,12000.0,E:\2025 King Rail Project\Choctaw_WMA_2025 Data\MINI06_20250410_050000.wav,45.0,MINI06_20250410_050000.wav,3.0,King Rail,kinrai4,0.7259,1.0,KIRA,kek,,1.0,combined_annotations.csv
19,Spectrogram 1,1,48.0,51.0,0.0,12000.0,E:\2025 King Rail Project\Choctaw_WMA_2025 Data\MINI06_20250410_050000.wav,48.0,MINI06_20250410_050000.wav,3.0,King Rail,kinrai4,0.8866,1.0,KIRA,kek,clean,1.0,combined_annotations.csv
20,Spectrogram 1,1,51.0,54.0,0.0,12000.0,E:\2025 King Rail Project\Choctaw_WMA_2025 Data\MINI06_20250410_050000.wav,51.0,MINI06_20250410_050000.wav,3.0,King Rail,kinrai4,0.5955,1.0,KIRA,kek,,1.0,combined_annotations.csv
21,Spectrogram 1,1,54.0,57.0,0.0,12000.0,E:\2025 King Rail Project\Choctaw_WMA_2025 Data\MINI06_20250410_050000.wav,54.0,MINI06_20250410_050000.wav,3.0,King Rail,kinrai4,0.4674,1.0,KIRA,kek,,1.0,combined_annotations.csv
22,Spectrogram 1,1,57.0,60.0,0.0,12000.0,E:\2025 King Rail Project\Choctaw_WMA_2025 Data\MINI06_20250410_050000.wav,57.0,MINI06_20250410_050000.wav,3.0,King Rail,kinrai4,0.7556,1.0,KIRA,kek,clean,1.0,combined_annotations.csv
24,Spectrogram 1,1,63.0,66.0,0.0,12000.0,E:\2025 King Rail Project\Choctaw_WMA_2025 Data\MINI06_20250410_050000.wav,63.0,MINI06_20250410_050000.wav,3.0,King Rail,kinrai4,0.4382,1.0,KIRA,kek,clean,1.0,combined_annotations.csv
28,Spectrogram 1,1,75.0,78.0,0.0,12000.0,E:\2025 King Rail Project\Choctaw_WMA_2025 Data\MINI06_20250410_050000.wav,75.0,MINI06_20250410_050000.wav,3.0,King Rail,kinrai4,0.6903,1.0,KIRA,kek,,1.0,combined_annotations.csv
29,Spectrogram 1,1,78.0,81.0,0.0,12000.0,E:\2025 King Rail Project\Choctaw_WMA_2025 Data\MINI06_20250410_050000.wav,78.0,MINI06_20250410_050000.wav,3.0,King Rail,kinrai4,0.5821,1.0,KIRA,kek,,1.0,combined_annotations.csv
30,Spectrogram 1,1,81.0,84.0,0.0,12000.0,E:\2025 King Rail Project\Choctaw_WMA_2025 Data\MINI06_20250410_050000.wav,81.0,MINI06_20250410_050000.wav,3.0,King Rail,kinrai4,0.8145,1.0,KIRA,kek,,1.0,combined_annotations.csv
31,Spectrogram 1,1,84.0,87.0,0.0,12000.0,E:\2025 King Rail Project\Choctaw_WMA_2025 Data\MINI06_20250410_050000.wav,84.0,MINI06_20250410_050000.wav,3.0,King Rail,kinrai4,0.773,1.0,KIRA,kek,,1.0,combined_annotations.csv
32,Spectrogram 1,1,87.0,90.0,0.0,12000.0,E:\2025 King Rail Project\Choctaw_WMA_2025 Data\MINI06_20250410_050000.wav,87.0,MINI06_20250410_050000.wav,3.0,King Rail,kinrai4,0.6029,1.0,KIRA,kek,,1.0,combined_annotations.csv
33,Spectrogram 1,1,90.0,93.0,0.0,12000.0,E:\2025 King Rail Project\Choctaw_WMA_2025 Data\MINI06_20250410_050000.wav,90.0,MINI06_20250410_050000.wav,3.0,King Rail,kinrai4,0.4912,1.0,KIRA,kek,,1.0,combined_annotations.csv
34,Spectrogram 1,1,93.0,96.0,0.0,12000.0,E:\2025 King Rail Project\Choctaw_WMA_2025 Data\MINI06_20250410_050000.wav,93.0,MINI06_20250410_050000.wav,3.0,King Rail,kinrai4,0.6049,1.0,KIRA,kek,,1.0,combined_annotations.csv
35,Spectrogram 1,1,96.0,99.0,0.0,12000.0,E:\2025 King Rail Project\Choctaw_WMA_2025 Data\MINI06_20250410_050000.wav,96.0,MINI06_20250410_050000.wav,3.0,King Rail,kinrai4,0.7719,1.0,KIRA,kek,,1.0,combined_annotations.csv
36,Spectrogram 1,1,99.0,102.0,0.0,12000.0,E:\2025 King Rail Project\Choctaw_WMA_2025 Data\MINI06_20250410_050000.wav,99.0,MINI06_20250410_050000.wav,3.0,King Rail,kinrai4,0.8407,1.0,KIRA,kek,,1.0,combined_annotations.csv
37,Spectrogram 1,1,105.0,108.0,0.0,12000.0,E:\2025 King Rail Project\Choctaw_WMA_2025 Data\MINI06_20250410_050000.wav,105.0,MINI06_20250410_050000.wav,3.0,King Rail,kinrai4,0.3139,1.0,KIRA,kek,,1.0,combined_annotations.csv
38,Spectrogram 1,1,108.0,111.0,0.0,12000.0,E:\2025 King Rail Project\Choctaw_WMA_2025 Data\MINI06_20250410_050000.wav,108.0,MINI06_20250410_050000.wav,3.0,King Rail,kinrai4,0.2729,1.0,KIRA,kek,,1.0,combined_annotations.csv
39,Spectrogram 1,1,111.0,114.0,0.0,12000.0,E:\2025 King Rail Project\Choctaw_WMA_2025 Data\MINI06_20250410_050000.wav,111.0,MINI06_20250410_050000.wav,3.0,King Rail,kinrai4,0.4725,1.0,KIRA,kek,,1.0,combined_annotations.csv
41,Spectrogram 1,1,117.0,120.0,0.0,12000.0,E:\2025 King Rail Project\Choctaw_WMA_2025 Data\MINI06_20250410_050000.wav,117.0,MINI06_20250410_050000.wav,3.0,King Rail,kinrai4,0.3732,1.0,KIRA,kek,,1.0,combined_annotations.csv
42,Spectrogram 1,1,120.0,123.0,0.0,12000.0,E:\2025 King Rail Project\Choctaw_WMA_2025 Data\MINI06_20250410_050000.wav,120.0,MINI06_20250410_050000.wav,3.0,King Rail,kinrai4,0.6402,1.0,KIRA,kek,,1.0,combined_annotations.csv
43,Spectrogram 1,1,123.0,126.0,0.0,12000.0,E:\2025 King Rail Project\Choctaw_WMA_2025 Data\MINI06_20250410_050000.wav,123.0,MINI06_20250410_050000.wav,3.0,King Rail,kinrai4,0.2965,1.0,KIRA,kek,,1.0,combined_annotations.csv
44,Spectrogram 1,1,126.0,129.0,0.0,12000.0,E:\2025 King Rail Project\Choctaw_WMA_2025 Data\MINI06_20250410_050000.wav,126.0,MINI06_20250410_050000.wav,3.0,King Rail,kinrai4,0.6582,1.0,KIRA,kek,,1.0,combined_annotations.csv
45,Spectrogram 1,1,129.0,132.0,0.0,12000.0,E:\2025 King Rail Project\Choctaw_WMA_2025 Data\MINI06_20250410_050000.wav,129.0,MINI06_20250410_050000.wav,3.0,King Rail,kinrai4,0.8295,1.0,KIRA,kek,,1.0,combined_annotations.csv
46,Spectrogram 1,1,132.0,135.0,0.0,12000.0,E:\2025 King Rail Project\Choctaw_WMA_2025 Data\MINI06_20250410_050000.wav,132.0,MINI06_20250410_050000.wav,3.0,King Rail,kinrai4,0.8405,1.0,KIRA,kek,,1.0,combined_annotations.csv
47,Spectrogram 1,1,141.0,144.0,0.0,12000.0,E:\2025 King Rail Project\Choctaw_WMA_2025 Data\MINI06_20250410_050000.wav,141.0,MINI06_20250410_050000.wav,3.0,King Rail,kinrai4,0.7182,1.0,KIRA,kek,,1.0,combined_annotations.csv
62,Spectrogram 1,1,228.0,231.0,0.0,12000.0,E:\2025 King Rail Project\Choctaw_WMA_2025 Data\MINI06_20250410_050000.wav,228.0,MINI06_20250410_050000.wav,3.0,Least Bittern,leabit,0.1781,0.0,,,,1.0,combined_annotations.csv
63,Spectrogram 1,1,231.0,234.0,0.0,12000.0,E:\2025 King Rail Project\Choctaw_WMA_2025 Data\MINI06_20250410_050000.wav,231.0,MINI06_20250410_050000.wav,3.0,King Rail,kinrai4,0.8173,1.0,KIRA,kek,,1.0,combined_annotations.csv
64,Spectrogram 1,1,234.0,237.0,0.0,12000.0,E:\2025 King Rail Project\Choctaw_WMA_2025 Data\MINI06_20250410_050000.wav,234.0,MINI06_20250410_050000.wav,3.0,King Rail,kinrai4,0.894,1.0,KIRA,kek,,1.0,combined_annotations.csv
65,Spectrogram 1,1,237.0,240.0,0.0,12000.0,E:\2025 King Rail Project\Choctaw_WMA_2025 Data\MINI06_20250410_050000.wav,237.0,MINI06_20250410_050000.wav,3.0,King Rail,kinrai4,0.9034,1.0,KIRA,kek,,1.0,combined_annotations.csv
66,Spectrogram 1,1,240.0,243.0,0.0,12000.0,E:\2025 King Rail Project\Choctaw_WMA_2025 Data\MINI06_20250410_050000.wav,240.0,MINI06_20250410_050000.wav,3.0,King Rail,kinrai4,0.5101,1.0,KIRA,kek,,1.0,combined_annotations.csv
67,Spectrogram 1,1,243.0,246.0,0.0,12000.0,E:\2025 King Rail Project\Choctaw_WMA_2025 Data\MINI06_20250410_050000.wav,243.0,MINI06_20250410_050000.wav,3.0,King Rail,kinrai4,0.1334,1.0,KIRA,kek,,1.0,combined_annotations.csv
68,Spectrogram 1,1,246.0,249.0,0.0,12000.0,E:\2025 King Rail Project\Choctaw_WMA_2025 Data\MINI06_20250410_050000.wav,246.0,MINI06_20250410_050000.wav,3.0,King Rail,kinrai4,0.3095,1.0,KIRA,kek,,1.0,combined_annotations.csv
69,Spectrogram 1,1,249.0,252.0,0.0,12000.0,E:\2025 King Rail Project\Choctaw_WMA_2025 Data\MINI06_20250410_050000.wav,249.0,MINI06_20250410_050000.wav,3.0,King Rail,kinrai4,0.23,1.0,KIRA,kek,,1.0,combined_annotations.csv
70,Spectrogram 1,1,252.0,255.0,0.0,12000.0,E:\2025 King Rail Project\Choctaw_WMA_2025 Data\MINI06_20250410_050000.wav,252.0,MINI06_20250410_050000.wav,3.0,Least Bittern,leabit,0.1884,0.0,,,,1.0,combined_annotations.csv
72,Spectrogram 1,1,258.0,261.0,0.0,12000.0,E:\2025 King Rail Project\Choctaw_WMA_2025 Data\MINI06_20250410_050000.wav,258.0,MINI06_20250410_050000.wav,3.0,King Rail,kinrai4,0.7963,1.0,KIRA,kek,,1.0,combined_annotations.csv
83,Spectrogram 1,1,291.0,294.0,0.0,12000.0,E:\2025 King Rail Project\Choctaw_WMA_2025 Data\MINI06_20250410_050000.wav,291.0,MINI06_20250410_050000.wav,3.0,King Rail,kinrai4,0.3795,1.0,KIRA,kek,,1.0,combined_annotations.csv
84,Spectrogram 1,1,294.0,297.0,0.0,12000.0,E:\2025 King Rail Project\Choctaw_WMA_2025 Data\MINI06_20250410_050000.wav,294.0,MINI06_20250410_050000.wav,3.0,King Rail,kinrai4,0.1235,1.0,KIRA,,,1.0,combined_annotations.csv
86,Spectrogram 1,1,300.0,303.0,0.0,12000.0,E:\2025 King Rail Project\Choctaw_WMA_2025 Data\MINI06_20250410_050000.wav,300.0,MINI06_20250410_050000.wav,3.0,King Rail,kinrai4,0.2321,1.0,KIRA,kek,,1.0,combined_annotations.csv
87,Spectrogram 1,1,303.0,306.0,0.0,12000.0,E:\2025 King Rail Project\Choctaw_WMA_2025 Data\MINI06_20250410_050000.wav,303.0,MINI06_20250410_050000.wav,3.0,King Rail,kinrai4,0.6275,1.0,KIRA,kek,,1.0,combined_annotations.csv
88,Spectrogram 1,1,306.0,309.0,0.0,12000.0,E:\2025 King Rail Project\Choctaw_WMA_2025 Data\MINI06_20250410_050000.wav,306.0,MINI06_20250410_050000.wav,3.0,King Rail,kinrai4,0.5092,1.0,KIRA,kek,,1.0,combined_annotations.csv
89,Spectrogram 1,1,309.0,312.0,0.0,12000.0,E:\2025 King Rail Project\Choctaw_WMA_2025 Data\MINI06_20250410_050000.wav,309.0,MINI06_20250410_050000.wav,3.0,King Rail,kinrai4,0.229,1.0,KIRA,kek,,1.0,combined_annotations.csv
90,Spectrogram 1,1,312.0,315.0,0.0,12000.0,E:\2025 King Rail Project\Choctaw_WMA_2025 Data\MINI06_20250410_050000.wav,312.0,MINI06_20250410_050000.wav,3.0,King Rail,kinrai4,0.5715,1.0,KIRA,kek,,1.0,combined_annotations.csv
91,Spectrogram 1,1,314.9662715,318.0,0.0,12000.0,E:\2025 King Rail Project\Choctaw_WMA_2025 Data\MINI06_20250410_050000.wav,314.9663,MINI06_20250410_050000.wav,3.0337,King Rail,kinrai4,0.5926,1.0,KIRA,kek,,1.0,combined_annotations.csv
92,Spectrogram 1,1,318.0,321.0,0.0,12000.0,E:\2025 King Rail Project\Choctaw_WMA_2025 Data\MINI06_20250410_050000.wav,318.0,MINI06_20250410_050000.wav,3.0,King Rail,kinrai4,0.2927,1.0,KIRA,kek,,1.0,combined_annotations.csv
93,Spectrogram 1,1,321.0,324.0,0.0,12000.0,E:\2025 King Rail Project\Choctaw_WMA_2025 Data\MINI06_20250410_050000.wav,321.0,MINI06_20250410_050000.wav,3.0,King Rail,kinrai4,0.3868,1.0,KIRA,kek,,1.0,combined_annotations.csv
94,Spectrogram 1,1,324.0,327.0,0.0,12000.0,E:\2025 King Rail Project\Choctaw_WMA_2025 Data\MINI06_20250410_050000.wav,324.0,MINI06_20250410_050000.wav,3.0,King Rail,kinrai4,0.6758,1.0,KIRA,kek,,1.0,combined_annotations.csv
95,Spectrogram 1,1,327.0,330.0,0.0,12000.0,E:\2025 King Rail Project\Choctaw_WMA_2025 Data\MINI06_20250410_050000.wav,327.0,MINI06_20250410_050000.wav,3.0,King Rail,kinrai4,0.2685,1.0,KIRA,kek,,1.0,combined_annotations.csv
96,Spectrogram 1,1,330.0,333.0,0.0,12000.0,E:\2025 King Rail Project\Choctaw_WMA_2025 Data\MINI06_20250410_050000.wav,330.0,MINI06_20250410_050000.wav,3.0,King Rail,kinrai4,0.3193,1.0,KIRA,kek,,1.0,combined_annotations.csv
97,Spectrogram 1,1,333.0,336.0,0.0,12000.0,E:\2025 King Rail Project\Choctaw_WMA_2025 Data\MINI06_20250410_050000.wav,333.0,MINI06_20250410_050000.wav,3.0,King Rail,kinrai4,0.4352,1.0,KIRA,kek,,1.0,combined_annotations.csv
98,Spectrogram 1,1,336.0,339.0,0.0,12000.0,E:\2025 King Rail Project\Choctaw_WMA_2025 Data\MINI06_20250410_050000.wav,336.0,MINI06_20250410_050000.wav,3.0,King Rail,kinrai4,0.4286,1.0,KIRA,kek,,1.0,combined_annotations.csv
99,Spectrogram 1,1,339.0,342.0,0.0,12000.0,E:\2025 King Rail Project\Choctaw_WMA_2025 Data\MINI06_20250410_050000.wav,339.0,MINI06_20250410_050000.wav,3.0,King Rail,kinrai4,0.3195,1.0,KIRA,kek,,1.0,combined_annotations.csv
100,Spectrogram 1,1,342.0,345.0,0.0,12000.0,E:\2025 King Rail Project\Choctaw_WMA_2025 Data\MINI06_20250410_050000.wav,342.0,MINI06_20250410_050000.wav,3.0,King Rail,kinrai4,0.5492,1.0,KIRA,kek,clean,1.0,combined_annotations.csv
101,Spectrogram 1,1,345.0,348.0,0.0,12000.0,E:\2025 King Rail Project\Choctaw_WMA_2025 Data\MINI06_20250410_050000.wav,345.0,MINI06_20250410_050000.wav,3.0,King Rail,kinrai4,0.6617,1.0,KIRA,kek,,1.0,combined_annotations.csv
102,Spectrogram 1,1,348.0,351.0,0.0,12000.0,E:\2025 King Rail Project\Choctaw_WMA_2025 Data\MINI06_20250410_050000.wav,348.0,MINI06_20250410_050000.wav,3.0,King Rail,kinrai4,0.9018,1.0,KIRA,kek,"clean, only keks",1.0,combined_annotations.csv
103,Spectrogram 1,1,351.0,354.0,0.0,12000.0,E:\2025 King Rail Project\Choctaw_WMA_2025 Data\MINI06_20250410_050000.wav,351.0,MINI06_20250410_050000.wav,3.0,King Rail,kinrai4,0.9462,1.0,KIRA,kek,,1.0,combined_annotations.csv
104,Spectrogram 1,1,354.0,357.0,0.0,12000.0,E:\2025 King Rail Project\Choctaw_WMA_2025 Data\MINI06_20250410_050000.wav,354.0,MINI06_20250410_050000.wav,3.0,King Rail,kinrai4,0.8308,1.0,KIRA,kek,,1.0,combined_annotations.csv
106,Spectrogram 1,1,360.0,363.0,0.0,12000.0,E:\2025 King Rail Project\Choctaw_WMA_2025 Data\MINI06_20250410_050000.wav,360.0,MINI06_20250410_050000.wav,3.0,King Rail,kinrai4,0.7557,1.0,KIRA,kek,,1.0,combined_annotations.csv
285,Spectrogram 1,1,1017.0,1020.0,0.0,12000.0,E:\2025 King Rail Project\Choctaw_WMA_2025 Data\MINI06_20250410_050000.wav,1017.0,MINI06_20250410_050000.wav,3.0,King Rail,kinrai4,0.5955,1.0,KIRA,kek,,1.0,combined_annotations.csv
388,Spectrogram 1,1,1437.0,1440.0,0.0,12000.0,E:\2025 King Rail Project\Choctaw_WMA_2025 Data\MINI06_20250410_050000.wav,1437.0,MINI06_20250410_050000.wav,3.0,King Rail,kinrai4,0.2751,1.0,KIRA,kek,,1.0,combined_annotations.csv
389,Spectrogram 1,1,1437.0,1440.0,0.0,12000.0,E:\2025 King Rail Project\Choctaw_WMA_2025 Data\MINI06_20250410_050000.wav,1437.0,MINI06_20250410_050000.wav,3.0,Common Gallinule,comgal1,0.1273,1.0,COGA,wipeout,,1.0,combined_annotations.csv
1109,Spectrogram 1,1,3915.0,3918.0,0.0,12000.0,E:\2025 King Rail Project\Choctaw_WMA_2025 Data\MINI06_20250410_060002.wav,315.0,MINI06_20250410_060002.wav,3.0,American Bittern,amebit,0.8472,1.0,AMBI,pumperlunk,JS,1.0,combined_annotations.csv
1110,Spectrogram 1,1,3918.0,3921.0,0.0,12000.0,E:\2025 King Rail Project\Choctaw_WMA_2025 Data\MINI06_20250410_060002.wav,318.0,MINI06_20250410_060002.wav,3.0,King Rail,kinrai4,0.43,1.0,,,,1.0,combined_annotations.csv
1122,Spectrogram 1,1,3957.0,3960.0,0.0,12000.0,E:\2025 King Rail Project\Choctaw_WMA_2025 Data\MINI06_20250410_060002.wav,357.0,MINI06_20250410_060002.wav,3.0,King Rail,kinrai4,0.3807,1.0,KIRA,kek,,1.0,combined_annotations.csv
1123,Spectrogram 1,1,3960.0,3963.0,0.0,12000.0,E:\2025 King Rail Project\Choctaw_WMA_2025 Data\MINI06_20250410_060002.wav,360.0,MINI06_20250410_060002.wav,3.0,King Rail,kinrai4,0.6107,1.0,KIRA,kek,,1.0,combined_annotations.csv
1125,Spectrogram 1,1,3963.0,3966.0,0.0,12000.0,E:\2025 King Rail Project\Choctaw_WMA_2025 Data\MINI06_20250410_060002.wav,363.0,MINI06_20250410_060002.wav,3.0,King Rail,kinrai4,0.4436,1.0,KIRA,kek,,1.0,combined_annotations.csv
1348,Spectrogram 1,1,4527.0,4530.0,0.0,12000.0,E:\2025 King Rail Project\Choctaw_WMA_2025 Data\MINI06_20250410_060002.wav,927.0,MINI06_20250410_060002.wav,3.0,American Bittern,amebit,0.4308,1.0,AMBI,pumperlunk,,1.0,combined_annotations.csv
1349,Spectrogram 1,1,4530.0,4533.0,0.0,12000.0,E:\2025 King Rail Project\Choctaw_WMA_2025 Data\MINI06_20250410_060002.wav,930.0,MINI06_20250410_060002.wav,3.0,American Bittern,amebit,0.1614,1.0,AMBI,pumperlunk,JS,1.0,combined_annotations.csv
4168,Spectrogram 1,1,11237.0,11240.0,0.0,12000.0,E:\2025 King Rail Project\Choctaw_WMA_2025 Data\MINI06_20250410_080002.wav,441.0,MINI06_20250410_080002.wav,3.0,King Rail,kinrai4,0.8829,1.0,KIRA,grunt,2,1.0,combined_annotations.csv
9666,Spectrogram 1,1,55787.0,55790.0,0.0,12000.0,E:\2025 King Rail Project\Choctaw_WMA_2025 Data\MINI06_20250411_050000.wav,1815.0,MINI06_20250411_050000.wav,3.0,King Rail,kinrai4,0.4883,1.0,KIRA,kek,,1.0,combined_annotations.csv
9667,Spectrogram 1,1,55790.0,55793.0,0.0,12000.0,E:\2025 King Rail Project\Choctaw_WMA_2025 Data\MINI06_20250411_050000.wav,1818.0,MINI06_20250411_050000.wav,3.0,King Rail,kinrai4,0.687,1.0,KIRA,kek,,1.0,combined_annotations.csv
9992,Spectrogram 1,1,56945.0,56948.0,0.0,12000.0,E:\2025 King Rail Project\Choctaw_WMA_2025 Data\MINI06_20250411_050000.wav,2973.0,MINI06_20250411_050000.wav,3.0,King Rail,kinrai4,0.8661,1.0,KIRA,kek,frogs,1.0,combined_annotations.csv
14430,Spectrogram 1,1,74562.0,74565.0,0.0,12000.0,E:\2025 King Rail Project\Choctaw_WMA_2025 Data\MINI06_20250411_100002.wav,2598.0,MINI06_20250411_100002.wav,3.0,King Rail,kinrai4,0.2093,1.0,KIRA,grunt,rain/wind,1.0,combined_annotations.csv
14431,Spectrogram 1,1,74565.0,74568.0,0.0,12000.0,E:\2025 King Rail Project\Choctaw_WMA_2025 Data\MINI06_20250411_100002.wav,2601.0,MINI06_20250411_100002.wav,3.0,King Rail,kinrai4,0.8462,1.0,KIRA,grunt,rain/wind,1.0,combined_annotations.csv
26487,Spectrogram 1,1,164301.0,164304.0,0.0,12000.0,E:\2025 King Rail Project\Choctaw_WMA_2025 Data\MINI06_20250413_050000.wav,2385.0,MINI06_20250413_050000.wav,3.0,King Rail,kinrai4,0.4245,1.0,KIRA,kek,,1.0,combined_annotations.csv
49223,Spectrogram 1,1,328276.0,328279.0,0.0,12000.0,E:\2025 King Rail Project\Choctaw_WMA_2025 Data\MINI06_20250421_050000.wav,846.0,MINI06_20250421_050000.wav,3.0,King Rail,kinrai4,0.867,1.0,KIRA,kek,engine,1.0,combined_annotations.csv
51739,Spectrogram 1,1,337496.0,337499.0,0.0,12000.0,E:\2025 King Rail Project\Choctaw_WMA_2025 Data\MINI06_20250421_070002.wav,2868.0,MINI06_20250421_070002.wav,3.0,Least Bittern,leabit,0.3115,0.0,,,,1.0,combined_annotations.csv
51740,Spectrogram 1,1,337496.0,337499.0,0.0,12000.0,E:\2025 King Rail Project\Choctaw_WMA_2025 Data\MINI06_20250421_070002.wav,2868.0,MINI06_20250421_070002.wav,3.0,Red-winged Blackbird,rewbla,0.3102,1.0,RWBL,twitter,both calls,1.0,combined_annotations.csv
58080,Spectrogram 1,1,360687.0,360690.0,0.0,12000.0,E:\2025 King Rail Project\Choctaw_WMA_2025 Data\MINI06_20250421_140002.wav,873.0,MINI06_20250421_140002.wav,3.0,King Rail,kinrai4,0.4543,1.0,KIRA,grunt,"wind, clean",1.0,combined_annotations.csv
58081,Spectrogram 1,1,360690.0,360693.0,0.0,12000.0,E:\2025 King Rail Project\Choctaw_WMA_2025 Data\MINI06_20250421_140002.wav,876.0,MINI06_20250421_140002.wav,3.0,King Rail,kinrai4,0.4416,1.0,KIRA,grunt,2,1.0,combined_annotations.csv
71821,Spectrogram 1,1,403706.0,403709.0,0.0,12000.0,E:\2025 King Rail Project\Choctaw_WMA_2025 Data\MINI06_20250422_110002.wav,714.0,MINI06_20250422_110002.wav,3.0,King Rail,kinrai4,0.3241,1.0,KIRA,kek,,1.0,combined_annotations.csv
72383,Spectrogram 1,1,405485.0216,405488.0216,0.0,12000.0,E:\2025 King Rail Project\Choctaw_WMA_2025 Data\MINI06_20250422_110002.wav,2493.0216,MINI06_20250422_110002.wav,3.0,King Rail,kinrai4,0.5742,1.0,KIRA,kek,,1.0,combined_annotations.csv
72695,Spectrogram 1,1,406310.0,406313.0,0.0,12000.0,E:\2025 King Rail Project\Choctaw_WMA_2025 Data\MINI06_20250422_110002.wav,3318.0,MINI06_20250422_110002.wav,3.0,Red-winged Blackbird,rewbla,0.3953,1.0,RWBL,jeer,rain? jeer and check,1.0,combined_annotations.csv
72720,Spectrogram 1,1,406358.0,406361.0,0.0,12000.0,E:\2025 King Rail Project\Choctaw_WMA_2025 Data\MINI06_20250422_110002.wav,3366.0,MINI06_20250422_110002.wav,3.0,King Rail,kinrai4,0.4957,0.0,,,JS,1.0,combined_annotations.csv
72721,Spectrogram 1,1,406358.0,406361.0,0.0,12000.0,E:\2025 King Rail Project\Choctaw_WMA_2025 Data\MINI06_20250422_110002.wav,3366.0,MINI06_20250422_110002.wav,3.0,American Bittern,amebit,0.2996,0.0,,,,1.0,combined_annotations.csv
73007,Spectrogram 1,1,407175.0,407178.0,0.0,12000.0,E:\2025 King Rail Project\Choctaw_WMA_2025 Data\MINI06_20250422_120002.wav,585.0,MINI06_20250422_120002.wav,3.0,Sora,sora,0.9999,1.0,,,,1.0,combined_annotations.csv
73612,Spectrogram 1,1,414011.0,414014.0,0.0,12000.0,E:\2025 King Rail Project\Choctaw_WMA_2025 Data\MINI06_20250422_140002.wav,225.0,MINI06_20250422_140002.wav,3.0,King Rail,kinrai4,0.1065,1.0,KIRA,grunt,"wind, two KIRA",1.0,combined_annotations.csv
73613,Spectrogram 1,1,414017.0,414020.0,0.0,12000.0,E:\2025 King Rail Project\Choctaw_WMA_2025 Data\MINI06_20250422_140002.wav,231.0,MINI06_20250422_140002.wav,3.0,King Rail,kinrai4,0.6678,1.0,KIRA,grunt,,1.0,combined_annotations.csv
73614,Spectrogram 1,1,414020.0,414023.0,0.0,12000.0,E:\2025 King Rail Project\Choctaw_WMA_2025 Data\MINI06_20250422_140002.wav,234.0,MINI06_20250422_140002.wav,3.0,Sora,sora,0.9393,1.0,SORA,whinny,,1.0,combined_annotations.csv
73615,Spectrogram 1,1,414023.0,414026.0,0.0,12000.0,E:\2025 King Rail Project\Choctaw_WMA_2025 Data\MINI06_20250422_140002.wav,237.0,MINI06_20250422_140002.wav,3.0,Sora,sora,0.2927,1.0,SORA,whinny,2 KIRA,1.0,combined_annotations.csv
88236,Spectrogram 1,1,459057.9951,459061.0,0.0,12000.0,E:\2025 King Rail Project\Choctaw_WMA_2025 Data\MINI06_20250423_110002.wav,2093.9951,MINI06_20250423_110002.wav,3.0049,Red-winged Blackbird,rewbla,0.4653,1.0,RWBL,twitter,,1.0,combined_annotations.csv
90143,Spectrogram 1,1,465870.0,465873.0,0.0,12000.0,E:\2025 King Rail Project\Choctaw_WMA_2025 Data\MINI06_20250423_130002.wav,1710.0,MINI06_20250423_130002.wav,3.0,Red-winged Blackbird,rewbla,0.7756,1.0,RWBL,conklaree,,1.0,combined_annotations.csv
90144,Spectrogram 1,1,465870.0,465873.0,0.0,12000.0,E:\2025 King Rail Project\Choctaw_WMA_2025 Data\MINI06_20250423_130002.wav,1710.0,MINI06_20250423_130002.wav,3.0,Least Bittern,leabit,0.2397,0.0,,,,1.0,combined_annotations.csv
98339,Spectrogram 1,1,494857.0,494860.0,0.0,12000.0,E:\2025 King Rail Project\Choctaw_WMA_2025 Data\MINI06_20250425_110002.wav,1911.0,MINI06_20250425_110002.wav,3.0,Red-winged Blackbird,rewbla,0.1006,1.0,RWBL,conklaree,,1.0,combined_annotations.csv
129595,Spectrogram 1,1,687615.0,687618.0,0.0,12000.0,E:\2025 King Rail Project\Choctaw_WMA_2025 Data\MINI06_20250505_100002.wav,369.0,MINI06_20250505_100002.wav,3.0,Red-winged Blackbird,rewbla,0.6253,1.0,RWBL,twitter,engine,1.0,combined_annotations.csv
130802,Spectrogram 1,1,697106.0,697109.0,0.0,12000.0,E:\2025 King Rail Project\Choctaw_WMA_2025 Data\MINI06_20250505_120002.wav,2664.0,MINI06_20250505_120002.wav,3.0,Red-winged Blackbird,rewbla,0.4233,1.0,RWBL,check,,1.0,combined_annotations.csv
130806,Spectrogram 1,1,697286.0,697289.0,0.0,12000.0,E:\2025 King Rail Project\Choctaw_WMA_2025 Data\MINI06_20250505_120002.wav,2844.0,MINI06_20250505_120002.wav,3.0,Red-winged Blackbird,rewbla,0.1388,1.0,RWBL,twitter,,1.0,combined_annotations.csv
130807,Spectrogram 1,1,697289.0,697292.0,0.0,12000.0,E:\2025 King Rail Project\Choctaw_WMA_2025 Data\MINI06_20250505_120002.wav,2847.0,MINI06_20250505_120002.wav,3.0,Least Bittern,leabit,0.1938,0.0,,,,1.0,combined_annotations.csv
130808,Spectrogram 1,1,697289.0,697292.0,0.0,12000.0,E:\2025 King Rail Project\Choctaw_WMA_2025 Data\MINI06_20250505_120002.wav,2847.0,MINI06_20250505_120002.wav,3.0,Red-winged Blackbird,rewbla,0.1503,1.0,RWBL,twitter,,1.0,combined_annotations.csv
131622,Spectrogram 1,1,704290.0,704293.0,0.0,12000.0,E:\2025 King Rail Project\Choctaw_WMA_2025 Data\MINI06_20250505_140002.wav,2652.0,MINI06_20250505_140002.wav,3.0,King Rail,kinrai4,0.8795,1.0,KIRA,grunt,grunt and kek,1.0,combined_annotations.csv
132800,Spectrogram 1,1,712410.0,712413.0,0.0,12000.0,E:\2025 King Rail Project\Choctaw_WMA_2025 Data\MINI06_20250505_160002.wav,3576.0,MINI06_20250505_160002.wav,3.0,King Rail,kinrai4,0.8708,1.0,KIRA,grunt,both calls,1.0,combined_annotations.csv
132804,Spectrogram 1,1,712416.0,712419.0,0.0,12000.0,E:\2025 King Rail Project\Choctaw_WMA_2025 Data\MINI06_20250505_160002.wav,3582.0,MINI06_20250505_160002.wav,3.0,King Rail,kinrai4,0.4341,1.0,KIRA,grunt,,1.0,combined_annotations.csv
132805,Spectrogram 1,1,712416.0,712419.0,0.0,12000.0,E:\2025 King Rail Project\Choctaw_WMA_2025 Data\MINI06_20250505_160002.wav,3582.0,MINI06_20250505_160002.wav,3.0,Least Bittern,leabit,0.3327,0.0,,,,1.0,combined_annotations.csv
132806,Spectrogram 1,1,712416.0,712419.0,0.0,12000.0,E:\2025 King Rail Project\Choctaw_WMA_2025 Data\MINI06_20250505_160002.wav,3582.0,MINI06_20250505_160002.wav,3.0,Virginia Rail,virrai,0.1747,0.0,,,,1.0,combined_annotations.csv
134151,Spectrogram 1,1,716690.0,716693.0,0.0,12000.0,E:\2025 King Rail Project\Choctaw_WMA_2025 Data\MINI06_20250505_180002.wav,660.0,MINI06_20250505_180002.wav,3.0,King Rail,kinrai4,0.341,1.0,KIRA,grunt,mix,1.0,combined_annotations.csv
134155,Spectrogram 1,1,716696.0,716699.0,0.0,12000.0,E:\2025 King Rail Project\Choctaw_WMA_2025 Data\MINI06_20250505_180002.wav,666.0,MINI06_20250505_180002.wav,3.0,King Rail,kinrai4,0.6435,1.0,KIRA,grunt,mix,1.0,combined_annotations.csv
149177,Spectrogram 1,1,804021.0,804024.0,0.0,12000.0,E:\2025 King Rail Project\Choctaw_WMA_2025 Data\MINI06_20250512_120002.wav,1635.0,MINI06_20250512_120002.wav,3.0,Red-winged Blackbird,rewbla,0.3169,1.0,RWBL,jeer,rain,1.0,combined_annotations.csv
154752,Spectrogram 1,1,844417.0,844420.0,0.0,12000.0,E:\2025 King Rail Project\Choctaw_WMA_2025 Data\MINI06_20250513_080002.wav,2451.0,MINI06_20250513_080002.wav,3.0,King Rail,kinrai4,0.8774,1.0,KIRA,grunt,,1.0,combined_annotations.csv
161764,Spectrogram 1,1,898668.0,898671.0,0.0,12000.0,E:\2025 King Rail Project\Choctaw_WMA_2025 Data\MINI06_20250514_080002.wav,2730.0,MINI06_20250514_080002.wav,3.0,King Rail,kinrai4,0.8919,1.0,KIRA,grunt,background engine? rain,1.0,combined_annotations.csv
172046,Spectrogram 1,1,1001949.995,1001953.0,0.0,11960.784,E:\2025 King Rail Project\Choctaw_WMA_2025 Data\MINI06_20250522_120002.wav,1667.9951,MINI06_20250522_120002.wav,3.0049,Red-winged Blackbird,rewbla,0.5384,1.0,RWBL,conklaree,rain?,1.0,combined_annotations.csv
172048,Spectrogram 1,1,1001953.0,1001956.0,0.0,12000.0,E:\2025 King Rail Project\Choctaw_WMA_2025 Data\MINI06_20250522_120002.wav,1671.0,MINI06_20250522_120002.wav,3.0,Red-winged Blackbird,rewbla,0.14,1.0,RWBL,conklaree,rain?,1.0,combined_annotations.csv
181362,Spectrogram 1,1,1054938.0,1054941.0,0.0,12000.0,E:\2025 King Rail Project\Choctaw_WMA_2025 Data\MINI06_20250523_120002.wav,684.0,MINI06_20250523_120002.wav,3.0,Red-winged Blackbird,rewbla,0.5647,1.0,RWBL,check,,1.0,combined_annotations.csv
181449,Spectrogram 1,1,1055919.0,1055922.0,0.0,12000.0,E:\2025 King Rail Project\Choctaw_WMA_2025 Data\MINI06_20250523_120002.wav,1665.0,MINI06_20250523_120002.wav,3.0,Red-winged Blackbird,rewbla,0.5104,1.0,RWBL,check,,1.0,combined_annotations.csv
181450,Spectrogram 1,1,1055919.0,1055922.0,0.0,12000.0,E:\2025 King Rail Project\Choctaw_WMA_2025 Data\MINI06_20250523_120002.wav,1665.0,MINI06_20250523_120002.wav,3.0,King Rail,kinrai4,0.221,0.0,,,,1.0,combined_annotations.csv
184277,Spectrogram 1,1,1075457.0,1075460.0,0.0,12000.0,E:\2025 King Rail Project\Choctaw_WMA_2025 Data\MINI06_20250523_170002.wav,3213.0,MINI06_20250523_170002.wav,3.0,Red-winged Blackbird,rewbla,0.5548,1.0,RWBL,check,,1.0,combined_annotations.csv
192313,Spectrogram 1,1,1101999.0,1102002.0,0.0,12000.0,E:\2025 King Rail Project\Choctaw_WMA_2025 Data\MINI06_20250524_100002.wav,969.0,MINI06_20250524_100002.wav,3.0,Red-winged Blackbird,rewbla,0.4253,1.0,RWBL,jeer,,1.0,combined_annotations.csv
219098,Spectrogram 1,1,1280065.0,1280068.0,0.0,12000.0,E:\2025 King Rail Project\Choctaw_WMA_2025 Data\MINI06_20250527_140002.wav,2727.0,MINI06_20250527_140002.wav,3.0,Red-winged Blackbird,rewbla,0.1493,1.0,RWBL,conklaree,narrow-mouthed toads,1.0,combined_annotations.csv
219317,Spectrogram 1,1,1292660.0,1292663.0,0.0,12000.0,E:\2025 King Rail Project\Choctaw_WMA_2025 Data\MINI06_20250527_180002.wav,930.0,MINI06_20250527_180002.wav,3.0,Red-winged Blackbird,rewbla,0.1827,1.0,RWBL,jeer,,1.0,combined_annotations.csv
219421,Spectrogram 1,1,1297350.0,1297353.0,0.0,12000.0,E:\2025 King Rail Project\Choctaw_WMA_2025 Data\MINI06_20250527_190002.wav,2022.0,MINI06_20250527_190002.wav,3.0,Red-winged Blackbird,rewbla,0.482,1.0,,,,1.0,combined_annotations.csv
219438,Spectrogram 1,1,1298385.0,1298388.0,0.0,12000.0,E:\2025 King Rail Project\Choctaw_WMA_2025 Data\MINI06_20250527_190002.wav,3057.0,MINI06_20250527_190002.wav,3.0,Red-winged Blackbird,rewbla,0.5691,1.0,RWBL,conklaree,,1.0,combined_annotations.csv
4,Spectrogram 1,1,21.0,24.0,0.0,12000.0,E:\2025 King Rail Project\2025 ARU Data Annotated For King Rail Project\Lattimore1 SMA06000\Lattimore1Data20250326to20250707\SMA06000_20250326_193100.wav,21.0,SMA06000_20250326_193100.wav,3.0,Red-winged Blackbird,rewbla,0.2162,1.0,RWBL,,rain,1.0,combined_annotations.csv
34,Spectrogram 1,1,318.0,321.0,0.0,12000.0,E:\2025 King Rail Project\2025 ARU Data Annotated For King Rail Project\Lattimore1 SMA06000\Lattimore1Data20250326to20250707\SMA06000_20250326_193100.wav,318.0,SMA06000_20250326_193100.wav,3.0,Red-winged Blackbird,rewbla,0.3213,1.0,RWBL,conklaree,rain,1.0,combined_annotations.csv
35,Spectrogram 1,1,321.0,324.0,0.0,12000.0,E:\2025 King Rail Project\2025 ARU Data Annotated For King Rail Project\Lattimore1 SMA06000\Lattimore1Data20250326to20250707\SMA06000_20250326_193100.wav,321.0,SMA06000_20250326_193100.wav,3.0,Red-winged Blackbird,rewbla,0.1146,1.0,RWBL,,,1.0,combined_annotations.csv
48,Spectrogram 1,1,381.0,384.0,0.0,12000.0,E:\2025 King Rail Project\2025 ARU Data Annotated For King Rail Project\Lattimore1 SMA06000\Lattimore1Data20250326to20250707\SMA06000_20250326_193100.wav,381.0,SMA06000_20250326_193100.wav,3.0,Virginia Rail,virrai,0.4222,0.0,RWBL,pink,rain,1.0,combined_annotations.csv
49,Spectrogram 1,1,384.0,387.0,0.0,12000.0,E:\2025 King Rail Project\2025 ARU Data Annotated For King Rail Project\Lattimore1 SMA06000\Lattimore1Data20250326to20250707\SMA06000_20250326_193100.wav,384.0,SMA06000_20250326_193100.wav,3.0,Virginia Rail,virrai,0.2418,0.0,,,,1.0,combined_annotations.csv
50,Spectrogram 1,1,384.0,387.0,0.0,12000.0,E:\2025 King Rail Project\2025 ARU Data Annotated For King Rail Project\Lattimore1 SMA06000\Lattimore1Data20250326to20250707\SMA06000_20250326_193100.wav,384.0,SMA06000_20250326_193100.wav,3.0,Red-winged Blackbird,rewbla,0.1067,1.0,RWBL,pink,,1.0,combined_annotations.csv
51,Spectrogram 1,1,387.0,390.0,0.0,12000.0,E:\2025 King Rail Project\2025 ARU Data Annotated For King Rail Project\Lattimore1 SMA06000\Lattimore1Data20250326to20250707\SMA06000_20250326_193100.wav,387.0,SMA06000_20250326_193100.wav,3.0,Virginia Rail,virrai,0.339,0.0,RWBL,pink,"pink plus conklaree, rain",1.0,combined_annotations.csv
52,Spectrogram 1,1,387.0,390.0,0.0,12000.0,E:\2025 King Rail Project\2025 ARU Data Annotated For King Rail Project\Lattimore1 SMA06000\Lattimore1Data20250326to20250707\SMA06000_20250326_193100.wav,387.0,SMA06000_20250326_193100.wav,3.0,Common Gallinule,comgal1,0.1512,0.0,,,rain,1.0,combined_annotations.csv
53,Spectrogram 1,1,387.0,390.0,0.0,12000.0,E:\2025 King Rail Project\2025 ARU Data Annotated For King Rail Project\Lattimore1 SMA06000\Lattimore1Data20250326to20250707\SMA06000_20250326_193100.wav,387.0,SMA06000_20250326_193100.wav,3.0,Least Bittern,leabit,0.1193,0.0,,,rain,1.0,combined_annotations.csv
54,Spectrogram 1,1,390.0,393.0,0.0,12000.0,E:\2025 King Rail Project\2025 ARU Data Annotated For King Rail Project\Lattimore1 SMA06000\Lattimore1Data20250326to20250707\SMA06000_20250326_193100.wav,390.0,SMA06000_20250326_193100.wav,3.0,Virginia Rail,virrai,0.228,0.0,RWBL,pink,rain,1.0,combined_annotations.csv
55,Spectrogram 1,1,393.0,396.0,0.0,12000.0,E:\2025 King Rail Project\2025 ARU Data Annotated For King Rail Project\Lattimore1 SMA06000\Lattimore1Data20250326to20250707\SMA06000_20250326_193100.wav,393.0,SMA06000_20250326_193100.wav,3.0,Virginia Rail,virrai,0.4028,0.0,RWBL,pink,rain,1.0,combined_annotations.csv
58,Spectrogram 1,1,402.0,405.0,0.0,12000.0,E:\2025 King Rail Project\2025 ARU Data Annotated For King Rail Project\Lattimore1 SMA06000\Lattimore1Data20250326to20250707\SMA06000_20250326_193100.wav,402.0,SMA06000_20250326_193100.wav,3.0,King Rail,kinrai4,0.1055,0.0,,,rain,1.0,combined_annotations.csv
172,Spectrogram 1,1,828.0,831.0,0.0,12000.0,E:\2025 King Rail Project\2025 ARU Data Annotated For King Rail Project\Lattimore1 SMA06000\Lattimore1Data20250326to20250707\SMA06000_20250326_193100.wav,828.0,SMA06000_20250326_193100.wav,3.0,Common Gallinule,comgal1,0.1386,0.0,,,rain,1.0,combined_annotations.csv
173,Spectrogram 1,1,828.0,831.0,0.0,12000.0,E:\2025 King Rail Project\2025 ARU Data Annotated For King Rail Project\Lattimore1 SMA06000\Lattimore1Data20250326to20250707\SMA06000_20250326_193100.wav,828.0,SMA06000_20250326_193100.wav,3.0,King Rail,kinrai4,0.1377,0.0,,,rain,1.0,combined_annotations.csv
174,Spectrogram 1,1,828.0,831.0,0.0,12000.0,E:\2025 King Rail Project\2025 ARU Data Annotated For King Rail Project\Lattimore1 SMA06000\Lattimore1Data20250326to20250707\SMA06000_20250326_193100.wav,828.0,SMA06000_20250326_193100.wav,3.0,Least Bittern,leabit,0.1174,0.0,,,rain,1.0,combined_annotations.csv
192,Spectrogram 1,1,963.0,966.0,0.0,12000.0,E:\2025 King Rail Project\2025 ARU Data Annotated For King Rail Project\Lattimore1 SMA06000\Lattimore1Data20250326to20250707\SMA06000_20250326_193100.wav,963.0,SMA06000_20250326_193100.wav,3.0,American Bittern,amebit,0.1477,0.0,,,rain,1.0,combined_annotations.csv
195,Spectrogram 1,1,993.0,996.0,0.0,12000.0,E:\2025 King Rail Project\2025 ARU Data Annotated For King Rail Project\Lattimore1 SMA06000\Lattimore1Data20250326to20250707\SMA06000_20250326_193100.wav,993.0,SMA06000_20250326_193100.wav,3.0,Least Bittern,leabit,0.1681,0.0,,,rain,1.0,combined_annotations.csv
3270,Spectrogram 1,1,42342.0,42345.0,0.0,12000.0,E:\2025 King Rail Project\2025 ARU Data Annotated For King Rail Project\Lattimore1 SMA06000\Lattimore1Data20250326to20250707\SMA06000_20250402_193800.wav,342.0,SMA06000_20250402_193800.wav,3.0,King Rail,kinrai4,0.1032,0.0,,,,1.0,combined_annotations.csv
8438,Spectrogram 1,1,72216.0,72219.0,0.0,12000.0,E:\2025 King Rail Project\2025 ARU Data Annotated For King Rail Project\Lattimore1 SMA06000\Lattimore1Data20250326to20250707\SMA06000_20250407_194400.wav,216.0,SMA06000_20250407_194400.wav,3.0,Red-winged Blackbird,rewbla,0.8408,1.0,RWBL,,,1.0,combined_annotations.csv
8521,Spectrogram 1,1,72498.0,72501.0,0.0,12000.0,E:\2025 King Rail Project\2025 ARU Data Annotated For King Rail Project\Lattimore1 SMA06000\Lattimore1Data20250326to20250707\SMA06000_20250407_194400.wav,498.0,SMA06000_20250407_194400.wav,3.0,Red-winged Blackbird,rewbla,0.5835,1.0,,,,1.0,combined_annotations.csv
8522,Spectrogram 1,1,72498.0,72501.0,0.0,12000.0,E:\2025 King Rail Project\2025 ARU Data Annotated For King Rail Project\Lattimore1 SMA06000\Lattimore1Data20250326to20250707\SMA06000_20250407_194400.wav,498.0,SMA06000_20250407_194400.wav,3.0,Least Bittern,leabit,0.1252,0.0,,,,1.0,combined_annotations.csv
8523,Spectrogram 1,1,72501.0,72504.0,0.0,12000.0,E:\2025 King Rail Project\2025 ARU Data Annotated For King Rail Project\Lattimore1 SMA06000\Lattimore1Data20250326to20250707\SMA06000_20250407_194400.wav,501.0,SMA06000_20250407_194400.wav,3.0,Red-winged Blackbird,rewbla,0.696,1.0,,,,1.0,combined_annotations.csv
8525,Spectrogram 1,1,72507.0,72510.0,0.0,12000.0,E:\2025 King Rail Project\2025 ARU Data Annotated For King Rail Project\Lattimore1 SMA06000\Lattimore1Data20250326to20250707\SMA06000_20250407_194400.wav,507.0,SMA06000_20250407_194400.wav,3.0,Red-winged Blackbird,rewbla,0.8209,1.0,,,,1.0,combined_annotations.csv
8526,Spectrogram 1,1,72510.0,72513.0,0.0,12000.0,E:\2025 King Rail Project\2025 ARU Data Annotated For King Rail Project\Lattimore1 SMA06000\Lattimore1Data20250326to20250707\SMA06000_20250407_194400.wav,510.0,SMA06000_20250407_194400.wav,3.0,Red-winged Blackbird,rewbla,0.7593,1.0,,,,1.0,combined_annotations.csv
8527,Spectrogram 1,1,72510.0,72513.0,0.0,12000.0,E:\2025 King Rail Project\2025 ARU Data Annotated For King Rail Project\Lattimore1 SMA06000\Lattimore1Data20250326to20250707\SMA06000_20250407_194400.wav,510.0,SMA06000_20250407_194400.wav,3.0,Least Bittern,leabit,0.1264,0.0,,,,1.0,combined_annotations.csv
8528,Spectrogram 1,1,72513.0,72516.0,0.0,12000.0,E:\2025 King Rail Project\2025 ARU Data Annotated For King Rail Project\Lattimore1 SMA06000\Lattimore1Data20250326to20250707\SMA06000_20250407_194400.wav,513.0,SMA06000_20250407_194400.wav,3.0,Red-winged Blackbird,rewbla,0.6885,1.0,,,,1.0,combined_annotations.csv
10453,Spectrogram 1,1,87522.0,87525.0,0.0,12000.0,E:\2025 King Rail Project\2025 ARU Data Annotated For King Rail Project\Lattimore1 SMA06000\Lattimore1Data20250326to20250707\SMA06000_20250410_040000.wav,1122.0,SMA06000_20250410_040000.wav,3.0,Least Bittern,leabit,0.4711,0.0,,,,1.0,combined_annotations.csv
11495,Spectrogram 1,1,89808.0,89811.0,0.0,12000.0,E:\2025 King Rail Project\2025 ARU Data Annotated For King Rail Project\Lattimore1 SMA06000\Lattimore1Data20250326to20250707\SMA06000_20250410_064000.wav,2208.0,SMA06000_20250410_064000.wav,3.0,Red-winged Blackbird,rewbla,0.1691,1.0,RWBL,jeer,rain,1.0,combined_annotations.csv
11833,Spectrogram 1,1,91212.0,91215.0,0.0,12000.0,E:\2025 King Rail Project\2025 ARU Data Annotated For King Rail Project\Lattimore1 SMA06000\Lattimore1Data20250326to20250707\SMA06000_20250410_194700.wav,1212.0,SMA06000_20250410_194700.wav,3.0,Red-winged Blackbird,rewbla,0.1458,1.0,,,,1.0,combined_annotations.csv
11834,Spectrogram 1,1,91212.0,91215.0,0.0,12000.0,E:\2025 King Rail Project\2025 ARU Data Annotated For King Rail Project\Lattimore1 SMA06000\Lattimore1Data20250326to20250707\SMA06000_20250410_194700.wav,1212.0,SMA06000_20250410_194700.wav,3.0,Least Bittern,leabit,0.1214,0.0,,,,1.0,combined_annotations.csv
11835,Spectrogram 1,1,91218.0,91221.0,0.0,12000.0,E:\2025 King Rail Project\2025 ARU Data Annotated For King Rail Project\Lattimore1 SMA06000\Lattimore1Data20250326to20250707\SMA06000_20250410_194700.wav,1218.0,SMA06000_20250410_194700.wav,3.0,Virginia Rail,virrai,0.652,0.0,,,,1.0,combined_annotations.csv
11836,Spectrogram 1,1,91218.0,91221.0,0.0,12000.0,E:\2025 King Rail Project\2025 ARU Data Annotated For King Rail Project\Lattimore1 SMA06000\Lattimore1Data20250326to20250707\SMA06000_20250410_194700.wav,1218.0,SMA06000_20250410_194700.wav,3.0,Swamp Sparrow,swaspa,0.3453,1.0,,,,1.0,combined_annotations.csv
21719,Spectrogram 1,1,130131.0,130134.0,0.0,12000.0,E:\2025 King Rail Project\2025 ARU Data Annotated For King Rail Project\Lattimore1 SMA06000\Lattimore1Data20250326to20250707\SMA06000_20250417_062900.wav,531.0,SMA06000_20250417_062900.wav,3.0,Swamp Sparrow,swaspa,0.5993,,,,,1.0,combined_annotations.csv
21839,Spectrogram 1,1,130473.0,130476.0,0.0,12000.0,E:\2025 King Rail Project\2025 ARU Data Annotated For King Rail Project\Lattimore1 SMA06000\Lattimore1Data20250326to20250707\SMA06000_20250417_062900.wav,873.0,SMA06000_20250417_062900.wav,3.0,Virginia Rail,virrai,0.4381,0.0,,,,1.0,combined_annotations.csv
21842,Spectrogram 1,1,130479.0,130482.0,0.0,12000.0,E:\2025 King Rail Project\2025 ARU Data Annotated For King Rail Project\Lattimore1 SMA06000\Lattimore1Data20250326to20250707\SMA06000_20250417_062900.wav,879.0,SMA06000_20250417_062900.wav,3.0,Virginia Rail,virrai,0.9202,0.0,,,,1.0,combined_annotations.csv
21847,Spectrogram 1,1,130494.0,130497.0,0.0,12000.0,E:\2025 King Rail Project\2025 ARU Data Annotated For King Rail Project\Lattimore1 SMA06000\Lattimore1Data20250326to20250707\SMA06000_20250417_062900.wav,894.0,SMA06000_20250417_062900.wav,3.0,Virginia Rail,virrai,0.8625,0.0,,,,1.0,combined_annotations.csv
21850,Spectrogram 1,1,130503.0,130506.0,0.0,12000.0,E:\2025 King Rail Project\2025 ARU Data Annotated For King Rail Project\Lattimore1 SMA06000\Lattimore1Data20250326to20250707\SMA06000_20250417_062900.wav,903.0,SMA06000_20250417_062900.wav,3.0,Virginia Rail,virrai,0.8642,0.0,,,,1.0,combined_annotations.csv
22084,Spectrogram 1,1,131094.0,131097.0,0.0,12000.0,E:\2025 King Rail Project\2025 ARU Data Annotated For King Rail Project\Lattimore1 SMA06000\Lattimore1Data20250326to20250707\SMA06000_20250417_062900.wav,1494.0,SMA06000_20250417_062900.wav,3.0,American Bittern,amebit,0.1736,,,,,1.0,combined_annotations.csv
22205,Spectrogram 1,1,131403.0,131406.0,0.0,12000.0,E:\2025 King Rail Project\2025 ARU Data Annotated For King Rail Project\Lattimore1 SMA06000\Lattimore1Data20250326to20250707\SMA06000_20250417_062900.wav,1803.0,SMA06000_20250417_062900.wav,3.0,Red-winged Blackbird,rewbla,0.2213,1.0,RWBL,,,1.0,combined_annotations.csv
22207,Spectrogram 1,1,131412.0,131415.0,0.0,12000.0,E:\2025 King Rail Project\2025 ARU Data Annotated For King Rail Project\Lattimore1 SMA06000\Lattimore1Data20250326to20250707\SMA06000_20250417_062900.wav,1812.0,SMA06000_20250417_062900.wav,3.0,Red-winged Blackbird,rewbla,0.4701,1.0,,,,1.0,combined_annotations.csv
22208,Spectrogram 1,1,131415.0,131418.0,0.0,12000.0,E:\2025 King Rail Project\2025 ARU Data Annotated For King Rail Project\Lattimore1 SMA06000\Lattimore1Data20250326to20250707\SMA06000_20250417_062900.wav,1815.0,SMA06000_20250417_062900.wav,3.0,Red-winged Blackbird,rewbla,0.4821,1.0,RWBL,check,,1.0,combined_annotations.csv
22209,Spectrogram 1,1,131415.0,131418.0,0.0,12000.0,E:\2025 King Rail Project\2025 ARU Data Annotated For King Rail Project\Lattimore1 SMA06000\Lattimore1Data20250326to20250707\SMA06000_20250417_062900.wav,1815.0,SMA06000_20250417_062900.wav,3.0,King Rail,kinrai4,0.1019,0.0,,,RWBL,1.0,combined_annotations.csv
32108,Spectrogram 1,1,174600.0,174603.0,0.0,12000.0,E:\2025 King Rail Project\2025 ARU Data Annotated For King Rail Project\Lattimore1 SMA06000\Lattimore1Data20250326to20250707\SMA06000_20250424_200200.wav,600.0,SMA06000_20250424_200200.wav,3.0,Virginia Rail,virrai,0.938,0.0,,,,1.0,combined_annotations.csv
32109,Spectrogram 1,1,174600.0,174603.0,0.0,12000.0,E:\2025 King Rail Project\2025 ARU Data Annotated For King Rail Project\Lattimore1 SMA06000\Lattimore1Data20250326to20250707\SMA06000_20250424_200200.wav,600.0,SMA06000_20250424_200200.wav,3.0,Least Bittern,leabit,0.1425,0.0,,,,1.0,combined_annotations.csv
40503,Spectrogram 1,1,210897.0,210900.0,0.0,12000.0,E:\2025 King Rail Project\2025 ARU Data Annotated For King Rail Project\Lattimore1 SMA06000\Lattimore1Data20250326to20250707\SMA06000_20250430_200900.wav,897.0,SMA06000_20250430_200900.wav,3.0,Least Bittern,leabit,0.2397,0.0,,,,1.0,combined_annotations.csv
40504,Spectrogram 1,1,210897.0,210900.0,0.0,12000.0,E:\2025 King Rail Project\2025 ARU Data Annotated For King Rail Project\Lattimore1 SMA06000\Lattimore1Data20250326to20250707\SMA06000_20250430_200900.wav,897.0,SMA06000_20250430_200900.wav,3.0,King Rail,kinrai4,0.1173,0.0,,,,1.0,combined_annotations.csv
40640,Spectrogram 1,1,211872.0,211875.0,0.0,12000.0,E:\2025 King Rail Project\2025 ARU Data Annotated For King Rail Project\Lattimore1 SMA06000\Lattimore1Data20250326to20250707\SMA06000_20250430_200900.wav,1872.0,SMA06000_20250430_200900.wav,3.0,King Rail,kinrai4,0.1255,0.0,,,,1.0,combined_annotations.csv
41482,Spectrogram 1,1,216236.0267,216239.0267,0.0,12000.0,E:\2025 King Rail Project\2025 ARU Data Annotated For King Rail Project\Lattimore1 SMA06000\Lattimore1Data20250326to20250707\SMA06000_20250501_201000.wav,378.0,SMA06000_20250501_201000.wav,3.0,King Rail,kinrai4,0.352,0.0,,,label for training,1.0,combined_annotations.csv
41483,Spectrogram 1,1,216236.0267,216239.0267,0.0,12000.0,E:\2025 King Rail Project\2025 ARU Data Annotated For King Rail Project\Lattimore1 SMA06000\Lattimore1Data20250326to20250707\SMA06000_20250501_201000.wav,378.0,SMA06000_20250501_201000.wav,3.0,Red-winged Blackbird,rewbla,0.1193,1.0,RWBL,check,,1.0,combined_annotations.csv
41484,Spectrogram 1,1,216236.0267,216239.0267,0.0,12000.0,E:\2025 King Rail Project\2025 ARU Data Annotated For King Rail Project\Lattimore1 SMA06000\Lattimore1Data20250326to20250707\SMA06000_20250501_201000.wav,378.0,SMA06000_20250501_201000.wav,3.0,Sora,sora,0.1183,0.0,,,,1.0,combined_annotations.csv
41485,Spectrogram 1,1,216236.0267,216239.0267,0.0,12000.0,E:\2025 King Rail Project\2025 ARU Data Annotated For King Rail Project\Lattimore1 SMA06000\Lattimore1Data20250326to20250707\SMA06000_20250501_201000.wav,378.0,SMA06000_20250501_201000.wav,3.0,Least Bittern,leabit,0.1032,0.0,,,,1.0,combined_annotations.csv
41486,Spectrogram 1,1,216239.0267,216242.0267,0.0,12000.0,E:\2025 King Rail Project\2025 ARU Data Annotated For King Rail Project\Lattimore1 SMA06000\Lattimore1Data20250326to20250707\SMA06000_20250501_201000.wav,381.0,SMA06000_20250501_201000.wav,3.0,King Rail,kinrai4,0.1825,0.0,,,,1.0,combined_annotations.csv
41487,Spectrogram 1,1,216239.0267,216242.0267,0.0,12000.0,E:\2025 King Rail Project\2025 ARU Data Annotated For King Rail Project\Lattimore1 SMA06000\Lattimore1Data20250326to20250707\SMA06000_20250501_201000.wav,381.0,SMA06000_20250501_201000.wav,3.0,Least Bittern,leabit,0.1474,0.0,,,,1.0,combined_annotations.csv
41489,Spectrogram 1,1,216242.0267,216245.0267,0.0,12000.0,E:\2025 King Rail Project\2025 ARU Data Annotated For King Rail Project\Lattimore1 SMA06000\Lattimore1Data20250326to20250707\SMA06000_20250501_201000.wav,384.0,SMA06000_20250501_201000.wav,3.0,King Rail,kinrai4,0.2093,0.0,,,,1.0,combined_annotations.csv
41490,Spectrogram 1,1,216242.0267,216245.0267,0.0,12000.0,E:\2025 King Rail Project\2025 ARU Data Annotated For King Rail Project\Lattimore1 SMA06000\Lattimore1Data20250326to20250707\SMA06000_20250501_201000.wav,384.0,SMA06000_20250501_201000.wav,3.0,Red-winged Blackbird,rewbla,0.1059,1.0,RWBL,Multiple,,1.0,combined_annotations.csv
43112,Spectrogram 1,1,223010.0267,223013.0267,0.0,12000.0,E:\2025 King Rail Project\2025 ARU Data Annotated For King Rail Project\Lattimore1 SMA06000\Lattimore1Data20250326to20250707\SMA06000_20250502_201100.wav,1152.0,SMA06000_20250502_201100.wav,3.0,American Bittern,amebit,0.1364,0.0,,,,1.0,combined_annotations.csv
49224,Spectrogram 1,1,254186.0267,254189.0267,0.0,12000.0,E:\2025 King Rail Project\2025 ARU Data Annotated For King Rail Project\Lattimore1 SMA06000\Lattimore1Data20250326to20250707\SMA06000_20250507_201600.wav,2328.0,SMA06000_20250507_201600.wav,3.0,King Rail,kinrai4,0.3605,1.0,KIRA,kek,,1.0,combined_annotations.csv
49225,Spectrogram 1,1,254186.0267,254189.0267,0.0,12000.0,E:\2025 King Rail Project\2025 ARU Data Annotated For King Rail Project\Lattimore1 SMA06000\Lattimore1Data20250326to20250707\SMA06000_20250507_201600.wav,2328.0,SMA06000_20250507_201600.wav,3.0,Least Bittern,leabit,0.1346,0.0,,,,1.0,combined_annotations.csv
49240,Spectrogram 1,1,254213.0267,254216.0267,0.0,12000.0,E:\2025 King Rail Project\2025 ARU Data Annotated For King Rail Project\Lattimore1 SMA06000\Lattimore1Data20250326to20250707\SMA06000_20250507_201600.wav,2355.0,SMA06000_20250507_201600.wav,3.0,King Rail,kinrai4,0.2154,1.0,KIRA,grunt,,1.0,combined_annotations.csv
49241,Spectrogram 1,1,254213.0267,254216.0267,0.0,12000.0,E:\2025 King Rail Project\2025 ARU Data Annotated For King Rail Project\Lattimore1 SMA06000\Lattimore1Data20250326to20250707\SMA06000_20250507_201600.wav,2355.0,SMA06000_20250507_201600.wav,3.0,Least Bittern,leabit,0.184,0.0,,,,1.0,combined_annotations.csv
49242,Spectrogram 1,1,254216.0267,254219.0267,0.0,12000.0,E:\2025 King Rail Project\2025 ARU Data Annotated For King Rail Project\Lattimore1 SMA06000\Lattimore1Data20250326to20250707\SMA06000_20250507_201600.wav,2358.0,SMA06000_20250507_201600.wav,3.0,King Rail,kinrai4,0.1151,1.0,KIRA,grunt,,1.0,combined_annotations.csv
49258,Spectrogram 1,1,254480.0267,254483.0267,0.0,12000.0,E:\2025 King Rail Project\2025 ARU Data Annotated For King Rail Project\Lattimore1 SMA06000\Lattimore1Data20250326to20250707\SMA06000_20250508_040000.wav,222.0,SMA06000_20250508_040000.wav,3.0,King Rail,kinrai4,0.2634,1.0,KIRA,kek,,1.0,combined_annotations.csv
49260,Spectrogram 1,1,254507.0267,254510.0267,0.0,12000.0,E:\2025 King Rail Project\2025 ARU Data Annotated For King Rail Project\Lattimore1 SMA06000\Lattimore1Data20250326to20250707\SMA06000_20250508_040000.wav,249.0,SMA06000_20250508_040000.wav,3.0,King Rail,kinrai4,0.1332,1.0,KIRA,grunt,clean,1.0,combined_annotations.csv
49261,Spectrogram 1,1,254552.0267,254555.0267,0.0,12000.0,E:\2025 King Rail Project\2025 ARU Data Annotated For King Rail Project\Lattimore1 SMA06000\Lattimore1Data20250326to20250707\SMA06000_20250508_040000.wav,294.0,SMA06000_20250508_040000.wav,3.0,King Rail,kinrai4,0.3362,1.0,KIRA,kek burr,,1.0,combined_annotations.csv
49262,Spectrogram 1,1,254759.0267,254762.0267,0.0,12000.0,E:\2025 King Rail Project\2025 ARU Data Annotated For King Rail Project\Lattimore1 SMA06000\Lattimore1Data20250326to20250707\SMA06000_20250508_040000.wav,501.0,SMA06000_20250508_040000.wav,3.0,King Rail,kinrai4,0.1484,1.0,KIRA,kek,,1.0,combined_annotations.csv
49265,Spectrogram 1,1,254945.0267,254948.0267,0.0,12000.0,E:\2025 King Rail Project\2025 ARU Data Annotated For King Rail Project\Lattimore1 SMA06000\Lattimore1Data20250326to20250707\SMA06000_20250508_040000.wav,687.0,SMA06000_20250508_040000.wav,3.0,King Rail,kinrai4,0.1276,1.0,KIRA,grunt,clean,1.0,combined_annotations.csv
49266,Spectrogram 1,1,255020.0267,255023.0267,0.0,12000.0,E:\2025 King Rail Project\2025 ARU Data Annotated For King Rail Project\Lattimore1 SMA06000\Lattimore1Data20250326to20250707\SMA06000_20250508_040000.wav,762.0,SMA06000_20250508_040000.wav,3.0,King Rail,kinrai4,0.3633,1.0,KIRA,kek,clean,1.0,combined_annotations.csv
49268,Spectrogram 1,1,255083.0267,255086.0267,0.0,12000.0,E:\2025 King Rail Project\2025 ARU Data Annotated For King Rail Project\Lattimore1 SMA06000\Lattimore1Data20250326to20250707\SMA06000_20250508_040000.wav,825.0,SMA06000_20250508_040000.wav,3.0,King Rail,kinrai4,0.293,1.0,KIRA,grunt,clean,1.0,combined_annotations.csv
49270,Spectrogram 1,1,255086.0267,255089.0267,0.0,12000.0,E:\2025 King Rail Project\2025 ARU Data Annotated For King Rail Project\Lattimore1 SMA06000\Lattimore1Data20250326to20250707\SMA06000_20250508_040000.wav,828.0,SMA06000_20250508_040000.wav,3.0,King Rail,kinrai4,0.1222,1.0,KIRA,grunt,clean,1.0,combined_annotations.csv
57215,Spectrogram 1,1,296153.0267,296156.0267,0.0,12000.0,E:\2025 King Rail Project\2025 ARU Data Annotated For King Rail Project\Lattimore1 SMA06000\Lattimore1Data20250326to20250707\SMA06000_20250514_202300.wav,2295.0,SMA06000_20250514_202300.wav,3.0,American Bittern,amebit,0.142,0.0,,,,1.0,combined_annotations.csv
57216,Spectrogram 1,1,296153.0267,296156.0267,0.0,12000.0,E:\2025 King Rail Project\2025 ARU Data Annotated For King Rail Project\Lattimore1 SMA06000\Lattimore1Data20250326to20250707\SMA06000_20250514_202300.wav,2295.0,SMA06000_20250514_202300.wav,3.0,Least Bittern,leabit,0.109,0.0,,,,1.0,combined_annotations.csv
59933,Spectrogram 1,1,307535.0267,307538.0267,0.0,12000.0,E:\2025 King Rail Project\2025 ARU Data Annotated For King Rail Project\Lattimore1 SMA06000\Lattimore1Data20250326to20250707\SMA06000_20250516_202500.wav,1677.0,SMA06000_20250516_202500.wav,3.0,Least Bittern,leabit,0.1557,0.0,,,rain,1.0,combined_annotations.csv
59934,Spectrogram 1,1,307538.0267,307541.0267,0.0,12000.0,E:\2025 King Rail Project\2025 ARU Data Annotated For King Rail Project\Lattimore1 SMA06000\Lattimore1Data20250326to20250707\SMA06000_20250516_202500.wav,1680.0,SMA06000_20250516_202500.wav,3.0,Least Bittern,leabit,0.1348,0.0,,,,1.0,combined_annotations.csv
60330,Spectrogram 1,1,310451.0267,310454.0267,0.0,12000.0,E:\2025 King Rail Project\2025 ARU Data Annotated For King Rail Project\Lattimore1 SMA06000\Lattimore1Data20250326to20250707\SMA06000_20250517_055100.wav,993.0,SMA06000_20250517_055100.wav,3.0,American Bittern,amebit,0.1083,0.0,,,rain,1.0,combined_annotations.csv
60761,Spectrogram 1,1,312299.0267,312302.0267,0.0,12000.0,E:\2025 King Rail Project\2025 ARU Data Annotated For King Rail Project\Lattimore1 SMA06000\Lattimore1Data20250326to20250707\SMA06000_20250517_202600.wav,441.0,SMA06000_20250517_202600.wav,3.0,King Rail,kinrai4,0.1281,0.0,,,rain,1.0,combined_annotations.csv
60762,Spectrogram 1,1,312299.0267,312302.0267,0.0,12000.0,E:\2025 King Rail Project\2025 ARU Data Annotated For King Rail Project\Lattimore1 SMA06000\Lattimore1Data20250326to20250707\SMA06000_20250517_202600.wav,441.0,SMA06000_20250517_202600.wav,3.0,Least Bittern,leabit,0.1278,0.0,,,rain,1.0,combined_annotations.csv
60763,Spectrogram 1,1,312299.0267,312302.0267,0.0,12000.0,E:\2025 King Rail Project\2025 ARU Data Annotated For King Rail Project\Lattimore1 SMA06000\Lattimore1Data20250326to20250707\SMA06000_20250517_202600.wav,441.0,SMA06000_20250517_202600.wav,3.0,Willow Flycatcher,wilfly,0.1174,0.0,,,rain,1.0,combined_annotations.csv
73448,Spectrogram 1,1,383089.2747,383092.2747,0.0,12000.0,E:\2025 King Rail Project\2025 ARU Data Annotated For King Rail Project\Lattimore1 SMA06000\Lattimore1Data20250326to20250707\SMA06000_20250529_054200.wav,1782.0,SMA06000_20250529_054200.wav,3.0,King Rail,kinrai4,0.1405,0.0,,,,1.0,combined_annotations.csv
73449,Spectrogram 1,1,383089.2747,383092.2747,0.0,12000.0,E:\2025 King Rail Project\2025 ARU Data Annotated For King Rail Project\Lattimore1 SMA06000\Lattimore1Data20250326to20250707\SMA06000_20250529_054200.wav,1782.0,SMA06000_20250529_054200.wav,3.0,Least Bittern,leabit,0.1051,0.0,,,,1.0,combined_annotations.csv
79088,Spectrogram 1,1,407152.2747,407155.2747,0.0,12000.0,E:\2025 King Rail Project\2025 ARU Data Annotated For King Rail Project\Lattimore1 SMA06000\Lattimore1Data20250326to20250707\SMA06000_20250602_054000.wav,1845.0,SMA06000_20250602_054000.wav,3.0,Least Bittern,leabit,0.1672,0.0,,,,1.0,combined_annotations.csv
79089,Spectrogram 1,1,407152.2747,407155.2747,0.0,12000.0,E:\2025 King Rail Project\2025 ARU Data Annotated For King Rail Project\Lattimore1 SMA06000\Lattimore1Data20250326to20250707\SMA06000_20250602_054000.wav,1845.0,SMA06000_20250602_054000.wav,3.0,Red-winged Blackbird,rewbla,0.1628,1.0,,,,1.0,combined_annotations.csv
79090,Spectrogram 1,1,407152.2747,407155.2747,0.0,12000.0,E:\2025 King Rail Project\2025 ARU Data Annotated For King Rail Project\Lattimore1 SMA06000\Lattimore1Data20250326to20250707\SMA06000_20250602_054000.wav,1845.0,SMA06000_20250602_054000.wav,3.0,Willow Flycatcher,wilfly,0.1068,0.0,,,,1.0,combined_annotations.csv
80083,Spectrogram 1,1,409786.2747,409789.2747,0.0,12000.0,E:\2025 King Rail Project\2025 ARU Data Annotated For King Rail Project\Lattimore1 SMA06000\Lattimore1Data20250326to20250707\SMA06000_20250602_204000.wav,2079.0,SMA06000_20250602_204000.wav,3.0,Red-winged Blackbird,rewbla,0.5753,1.0,RWBL,cheer-type call,,1.0,combined_annotations.csv
94804,Spectrogram 1,1,492287.024,492290.024,0.0,12000.0,E:\2025 King Rail Project\2025 ARU Data Annotated For King Rail Project\Lattimore1 SMA06000\Lattimore1Data20250326to20250707\SMA06000_20250616_204800.wav,786.0,SMA06000_20250616_204800.wav,3.0,Least Bittern,leabit,0.167,0.0,,,,1.0,combined_annotations.csv
94805,Spectrogram 1,1,492287.024,492290.024,0.0,12000.0,E:\2025 King Rail Project\2025 ARU Data Annotated For King Rail Project\Lattimore1 SMA06000\Lattimore1Data20250326to20250707\SMA06000_20250616_204800.wav,786.0,SMA06000_20250616_204800.wav,3.0,Red-winged Blackbird,rewbla,0.1346,1.0,RWBL,,,1.0,combined_annotations.csv
95851,Spectrogram 1,1,497600.024,497603.024,0.0,12000.0,E:\2025 King Rail Project\2025 ARU Data Annotated For King Rail Project\Lattimore1 SMA06000\Lattimore1Data20250326to20250707\SMA06000_20250617_204800.wav,99.0,SMA06000_20250617_204800.wav,3.0,Least Bittern,leabit,0.8528,1.0,,,,1.0,combined_annotations.csv
96430,Spectrogram 1,1,499415.024,499418.024,0.0,12000.0,E:\2025 King Rail Project\2025 ARU Data Annotated For King Rail Project\Lattimore1 SMA06000\Lattimore1Data20250326to20250707\SMA06000_20250617_204800.wav,1914.0,SMA06000_20250617_204800.wav,3.0,Red-winged Blackbird,rewbla,0.2336,1.0,,,,1.0,combined_annotations.csv
97401,Spectrogram 1,1,504215.024,504218.024,0.0,12000.0,E:\2025 King Rail Project\2025 ARU Data Annotated For King Rail Project\Lattimore1 SMA06000\Lattimore1Data20250326to20250707\SMA06000_20250618_204800.wav,714.0,SMA06000_20250618_204800.wav,3.0,Red-winged Blackbird,rewbla,0.1752,1.0,,,,1.0,combined_annotations.csv
97402,Spectrogram 1,1,504215.024,504218.024,0.0,12000.0,E:\2025 King Rail Project\2025 ARU Data Annotated For King Rail Project\Lattimore1 SMA06000\Lattimore1Data20250326to20250707\SMA06000_20250618_204800.wav,714.0,SMA06000_20250618_204800.wav,3.0,Least Bittern,leabit,0.1279,0.0,,,,1.0,combined_annotations.csv
99680,Spectrogram 1,1,516836.024,516839.024,0.0,12000.0,E:\2025 King Rail Project\2025 ARU Data Annotated For King Rail Project\Lattimore1 SMA06000\Lattimore1Data20250326to20250707\SMA06000_20250620_204900.wav,1335.0,SMA06000_20250620_204900.wav,3.0,Least Bittern,leabit,0.3781,0.0,,,,1.0,combined_annotations.csv
99681,Spectrogram 1,1,516836.024,516839.024,0.0,12000.0,E:\2025 King Rail Project\2025 ARU Data Annotated For King Rail Project\Lattimore1 SMA06000\Lattimore1Data20250326to20250707\SMA06000_20250620_204900.wav,1335.0,SMA06000_20250620_204900.wav,3.0,King Rail,kinrai4,0.1097,0.0,,,,1.0,combined_annotations.csv
102671,Spectrogram 1,1,533759.024,533762.024,0.0,12000.0,E:\2025 King Rail Project\2025 ARU Data Annotated For King Rail Project\Lattimore1 SMA06000\Lattimore1Data20250326to20250707\SMA06000_20250623_205000.wav,258.0,SMA06000_20250623_205000.wav,3.0,Virginia Rail,virrai,0.9111,0.0,,,,1.0,combined_annotations.csv
102672,Spectrogram 1,1,533759.024,533762.024,0.0,12000.0,E:\2025 King Rail Project\2025 ARU Data Annotated For King Rail Project\Lattimore1 SMA06000\Lattimore1Data20250326to20250707\SMA06000_20250623_205000.wav,258.0,SMA06000_20250623_205000.wav,3.0,Least Bittern,leabit,0.2908,0.0,,,,1.0,combined_annotations.csv
102673,Spectrogram 1,1,533759.024,533762.024,0.0,12000.0,E:\2025 King Rail Project\2025 ARU Data Annotated For King Rail Project\Lattimore1 SMA06000\Lattimore1Data20250326to20250707\SMA06000_20250623_205000.wav,258.0,SMA06000_20250623_205000.wav,3.0,King Rail,kinrai4,0.2141,0.0,,,,1.0,combined_annotations.csv
102674,Spectrogram 1,1,533759.024,533762.024,0.0,12000.0,E:\2025 King Rail Project\2025 ARU Data Annotated For King Rail Project\Lattimore1 SMA06000\Lattimore1Data20250326to20250707\SMA06000_20250623_205000.wav,258.0,SMA06000_20250623_205000.wav,3.0,Marsh Wren,marwre,0.1332,1.0,,,,1.0,combined_annotations.csv
104523,Spectrogram 1,1,541736.024,541739.024,0.0,12000.0,E:\2025 King Rail Project\2025 ARU Data Annotated For King Rail Project\Lattimore1 SMA06000\Lattimore1Data20250326to20250707\SMA06000_20250624_205000.wav,2235.0,SMA06000_20250624_205000.wav,3.0,Virginia Rail,virrai,0.9091,0.0,,,,1.0,combined_annotations.csv
104524,Spectrogram 1,1,541736.024,541739.024,0.0,12000.0,E:\2025 King Rail Project\2025 ARU Data Annotated For King Rail Project\Lattimore1 SMA06000\Lattimore1Data20250326to20250707\SMA06000_20250624_205000.wav,2235.0,SMA06000_20250624_205000.wav,3.0,Least Bittern,leabit,0.2992,0.0,,,,1.0,combined_annotations.csv
108301,Spectrogram 1,1,565526.024,565529.024,0.0,12000.0,E:\2025 King Rail Project\2025 ARU Data Annotated For King Rail Project\Lattimore1 SMA06000\Lattimore1Data20250326to20250707\SMA06000_20250628_205000.wav,2025.0,SMA06000_20250628_205000.wav,3.0,Virginia Rail,virrai,0.2201,0.0,,,,1.0,combined_annotations.csv
108302,Spectrogram 1,1,565526.024,565529.024,0.0,12000.0,E:\2025 King Rail Project\2025 ARU Data Annotated For King Rail Project\Lattimore1 SMA06000\Lattimore1Data20250326to20250707\SMA06000_20250628_205000.wav,2025.0,SMA06000_20250628_205000.wav,3.0,American Bittern,amebit,0.1365,0.0,,,,1.0,combined_annotations.csv
108303,Spectrogram 1,1,565526.024,565529.024,0.0,12000.0,E:\2025 King Rail Project\2025 ARU Data Annotated For King Rail Project\Lattimore1 SMA06000\Lattimore1Data20250326to20250707\SMA06000_20250628_205000.wav,2025.0,SMA06000_20250628_205000.wav,3.0,Least Bittern,leabit,0.1027,0.0,,,,1.0,combined_annotations.csv
108304,Spectrogram 1,1,565529.024,565532.024,0.0,12000.0,E:\2025 King Rail Project\2025 ARU Data Annotated For King Rail Project\Lattimore1 SMA06000\Lattimore1Data20250326to20250707\SMA06000_20250628_205000.wav,2028.0,SMA06000_20250628_205000.wav,3.0,Virginia Rail,virrai,0.8635,0.0,,,,1.0,combined_annotations.csv
108305,Spectrogram 1,1,565529.024,565532.024,0.0,12000.0,E:\2025 King Rail Project\2025 ARU Data Annotated For King Rail Project\Lattimore1 SMA06000\Lattimore1Data20250326to20250707\SMA06000_20250628_205000.wav,2028.0,SMA06000_20250628_205000.wav,3.0,King Rail,kinrai4,0.1526,0.0,,,,1.0,combined_annotations.csv
108306,Spectrogram 1,1,565529.024,565532.024,0.0,12000.0,E:\2025 King Rail Project\2025 ARU Data Annotated For King Rail Project\Lattimore1 SMA06000\Lattimore1Data20250326to20250707\SMA06000_20250628_205000.wav,2028.0,SMA06000_20250628_205000.wav,3.0,Least Bittern,leabit,0.1087,0.0,,,,1.0,combined_annotations.csv
109520,Spectrogram 1,1,571676.024,571679.024,0.0,12000.0,E:\2025 King Rail Project\2025 ARU Data Annotated For King Rail Project\Lattimore1 SMA06000\Lattimore1Data20250326to20250707\SMA06000_20250629_205000.wav,2175.0,SMA06000_20250629_205000.wav,3.0,Virginia Rail,virrai,0.7759,0.0,,,,1.0,combined_annotations.csv
113024,Spectrogram 1,1,589496.024,589499.024,0.0,12000.0,E:\2025 King Rail Project\2025 ARU Data Annotated For King Rail Project\Lattimore1 SMA06000\Lattimore1Data20250326to20250707\SMA06000_20250702_204900.wav,1995.0,SMA06000_20250702_204900.wav,3.0,Least Bittern,leabit,0.2183,0.0,,,,1.0,combined_annotations.csv
113025,Spectrogram 1,1,589496.024,589499.024,0.0,12000.0,E:\2025 King Rail Project\2025 ARU Data Annotated For King Rail Project\Lattimore1 SMA06000\Lattimore1Data20250326to20250707\SMA06000_20250702_204900.wav,1995.0,SMA06000_20250702_204900.wav,3.0,King Rail,kinrai4,0.1318,0.0,,,,1.0,combined_annotations.csv
113026,Spectrogram 1,1,589496.024,589499.024,0.0,12000.0,E:\2025 King Rail Project\2025 ARU Data Annotated For King Rail Project\Lattimore1 SMA06000\Lattimore1Data20250326to20250707\SMA06000_20250702_204900.wav,1995.0,SMA06000_20250702_204900.wav,3.0,Red-winged Blackbird,rewbla,0.1259,1.0,,,,1.0,combined_annotations.csv
113746,Spectrogram 1,1,592703.024,592706.024,0.0,12000.0,E:\2025 King Rail Project\2025 ARU Data Annotated For King Rail Project\Lattimore1 SMA06000\Lattimore1Data20250326to20250707\SMA06000_20250703_054300.wav,1602.0,SMA06000_20250703_054300.wav,3.0,Least Bittern,leabit,0.323,0.0,,,,1.0,combined_annotations.csv
113747,Spectrogram 1,1,592703.024,592706.024,0.0,12000.0,E:\2025 King Rail Project\2025 ARU Data Annotated For King Rail Project\Lattimore1 SMA06000\Lattimore1Data20250326to20250707\SMA06000_20250703_054300.wav,1602.0,SMA06000_20250703_054300.wav,3.0,King Rail,kinrai4,0.116,0.0,,,,1.0,combined_annotations.csv
113748,Spectrogram 1,1,592703.024,592706.024,0.0,12000.0,E:\2025 King Rail Project\2025 ARU Data Annotated For King Rail Project\Lattimore1 SMA06000\Lattimore1Data20250326to20250707\SMA06000_20250703_054300.wav,1602.0,SMA06000_20250703_054300.wav,3.0,American Bittern,amebit,0.1128,0.0,,,FP from check + frog,1.0,combined_annotations.csv
114220,Spectrogram 1,1,593894.024,593897.024,0.0,12000.0,E:\2025 King Rail Project\2025 ARU Data Annotated For King Rail Project\Lattimore1 SMA06000\Lattimore1Data20250326to20250707\SMA06000_20250703_204900.wav,393.0,SMA06000_20250703_204900.wav,3.0,King Rail,kinrai4,0.3983,0.0,,,,1.0,combined_annotations.csv
114663,Spectrogram 1,1,597521.024,597524.024,0.0,12000.0,E:\2025 King Rail Project\2025 ARU Data Annotated For King Rail Project\Lattimore1 SMA06000\Lattimore1Data20250326to20250707\SMA06000_20250704_054400.wav,420.0,SMA06000_20250704_054400.wav,3.0,King Rail,kinrai4,0.3413,0.0,,,,1.0,combined_annotations.csv
114664,Spectrogram 1,1,597521.024,597524.024,0.0,12000.0,E:\2025 King Rail Project\2025 ARU Data Annotated For King Rail Project\Lattimore1 SMA06000\Lattimore1Data20250326to20250707\SMA06000_20250704_054400.wav,420.0,SMA06000_20250704_054400.wav,3.0,Least Bittern,leabit,0.2825,0.0,,,,1.0,combined_annotations.csv
114665,Spectrogram 1,1,597521.024,597524.024,0.0,12000.0,E:\2025 King Rail Project\2025 ARU Data Annotated For King Rail Project\Lattimore1 SMA06000\Lattimore1Data20250326to20250707\SMA06000_20250704_054400.wav,420.0,SMA06000_20250704_054400.wav,3.0,Virginia Rail,virrai,0.2338,0.0,,,,1.0,combined_annotations.csv
114666,Spectrogram 1,1,597521.024,597524.024,0.0,12000.0,E:\2025 King Rail Project\2025 ARU Data Annotated For King Rail Project\Lattimore1 SMA06000\Lattimore1Data20250326to20250707\SMA06000_20250704_054400.wav,420.0,SMA06000_20250704_054400.wav,3.0,Swamp Sparrow,swaspa,0.1136,1.0,,,,1.0,combined_annotations.csv
115632,Spectrogram 1,1,601322.024,601325.024,0.0,12000.0,E:\2025 King Rail Project\2025 ARU Data Annotated For King Rail Project\Lattimore1 SMA06000\Lattimore1Data20250326to20250707\SMA06000_20250704_204900.wav,1821.0,SMA06000_20250704_204900.wav,3.0,Least Bittern,leabit,0.3775,0.0,,,,1.0,combined_annotations.csv
115633,Spectrogram 1,1,601322.024,601325.024,0.0,12000.0,E:\2025 King Rail Project\2025 ARU Data Annotated For King Rail Project\Lattimore1 SMA06000\Lattimore1Data20250326to20250707\SMA06000_20250704_204900.wav,1821.0,SMA06000_20250704_204900.wav,3.0,Red-winged Blackbird,rewbla,0.1073,1.0,,,,1.0,combined_annotations.csv
116188,Spectrogram 1,1,603830.024,603833.024,0.0,12000.0,E:\2025 King Rail Project\2025 ARU Data Annotated For King Rail Project\Lattimore1 SMA06000\Lattimore1Data20250326to20250707\SMA06000_20250705_054400.wav,729.0,SMA06000_20250705_054400.wav,3.0,King Rail,kinrai4,0.428,0.0,,,messy clip. FP likely noise,1.0,combined_annotations.csv
116848,Spectrogram 1,1,605678.024,605681.024,0.0,12000.0,E:\2025 King Rail Project\2025 ARU Data Annotated For King Rail Project\Lattimore1 SMA06000\Lattimore1Data20250326to20250707\SMA06000_20250705_204900.wav,177.0,SMA06000_20250705_204900.wav,3.0,Red-winged Blackbird,rewbla,0.1696,1.0,,,,1.0,combined_annotations.csv
116849,Spectrogram 1,1,605678.024,605681.024,0.0,12000.0,E:\2025 King Rail Project\2025 ARU Data Annotated For King Rail Project\Lattimore1 SMA06000\Lattimore1Data20250326to20250707\SMA06000_20250705_204900.wav,177.0,SMA06000_20250705_204900.wav,3.0,Least Bittern,leabit,0.1179,0.0,,,,1.0,combined_annotations.csv
117730,Spectrogram 1,1,611390.024,611393.024,0.0,12000.0,E:\2025 King Rail Project\2025 ARU Data Annotated For King Rail Project\Lattimore1 SMA06000\Lattimore1Data20250326to20250707\SMA06000_20250706_054500.wav,2289.0,SMA06000_20250706_054500.wav,3.0,Swamp Sparrow,swaspa,0.6192,1.0,,,,1.0,combined_annotations.csv
117731,Spectrogram 1,1,611390.024,611393.024,0.0,12000.0,E:\2025 King Rail Project\2025 ARU Data Annotated For King Rail Project\Lattimore1 SMA06000\Lattimore1Data20250326to20250707\SMA06000_20250706_054500.wav,2289.0,SMA06000_20250706_054500.wav,3.0,King Rail,kinrai4,0.1938,0.0,,,,1.0,combined_annotations.csv
117778,Spectrogram 1,1,611762.024,611765.024,0.0,12000.0,E:\2025 King Rail Project\2025 ARU Data Annotated For King Rail Project\Lattimore1 SMA06000\Lattimore1Data20250326to20250707\SMA06000_20250706_204800.wav,261.0,SMA06000_20250706_204800.wav,3.0,Least Bittern,leabit,0.1421,0.0,,,,1.0,combined_annotations.csv
117842,Spectrogram 1,1,612332.024,612335.024,0.0,12000.0,E:\2025 King Rail Project\2025 ARU Data Annotated For King Rail Project\Lattimore1 SMA06000\Lattimore1Data20250326to20250707\SMA06000_20250706_204800.wav,831.0,SMA06000_20250706_204800.wav,3.0,Least Bittern,leabit,0.4204,0.0,,,,1.0,combined_annotations.csv
117843,Spectrogram 1,1,612332.024,612335.024,0.0,12000.0,E:\2025 King Rail Project\2025 ARU Data Annotated For King Rail Project\Lattimore1 SMA06000\Lattimore1Data20250326to20250707\SMA06000_20250706_204800.wav,831.0,SMA06000_20250706_204800.wav,3.0,Red-winged Blackbird,rewbla,0.1385,1.0,,,,1.0,combined_annotations.csv
117844,Spectrogram 1,1,612341.024,612344.024,0.0,12000.0,E:\2025 King Rail Project\2025 ARU Data Annotated For King Rail Project\Lattimore1 SMA06000\Lattimore1Data20250326to20250707\SMA06000_20250706_204800.wav,840.0,SMA06000_20250706_204800.wav,3.0,American Bittern,amebit,0.1197,0.0,,,,1.0,combined_annotations.csv
117845,Spectrogram 1,1,612341.024,612344.024,0.0,12000.0,E:\2025 King Rail Project\2025 ARU Data Annotated For King Rail Project\Lattimore1 SMA06000\Lattimore1Data20250326to20250707\SMA06000_20250706_204800.wav,840.0,SMA06000_20250706_204800.wav,3.0,Swamp Sparrow,swaspa,0.1139,1.0,,,,1.0,combined_annotations.csv
117846,Spectrogram 1,1,612347.024,612350.024,0.0,12000.0,E:\2025 King Rail Project\2025 ARU Data Annotated For King Rail Project\Lattimore1 SMA06000\Lattimore1Data20250326to20250707\SMA06000_20250706_204800.wav,846.0,SMA06000_20250706_204800.wav,3.0,Red-winged Blackbird,rewbla,0.2023,1.0,,,,1.0,combined_annotations.csv
117980,Spectrogram 1,1,615764.024,615767.024,0.0,12000.0,E:\2025 King Rail Project\2025 ARU Data Annotated For King Rail Project\Lattimore1 SMA06000\Lattimore1Data20250326to20250707\SMA06000_20250707_054600.wav,663.0,SMA06000_20250707_054600.wav,3.0,Least Bittern,leabit,0.2551,0.0,,,,1.0,combined_annotations.csv
117981,Spectrogram 1,1,615764.024,615767.024,0.0,12000.0,E:\2025 King Rail Project\2025 ARU Data Annotated For King Rail Project\Lattimore1 SMA06000\Lattimore1Data20250326to20250707\SMA06000_20250707_054600.wav,663.0,SMA06000_20250707_054600.wav,3.0,Red-winged Blackbird,rewbla,0.1611,1.0,,,,1.0,combined_annotations.csv
118698,Spectrogram 1,1,91215.00561,91217.98696,0.0,12000.0,E:\2025 King Rail Project\2025 ARU Data Annotated For King Rail Project\Lattimore1 SMA06000\Lattimore1Data20250326to20250707\SMA06000_20250410_194700.wav,1215.0056,SMA06000_20250410_194700.wav,2.9814,Red-winged Blackbird,,,,RWBL,multiple,"jeer (highalarm), jenk, twitter",1.0,combined_annotations.csv
25,Spectrogram 1,1,219.0,222.0,0.0,12000.0,E:\2025 King Rail Project\2025 ARU Data Annotated For King Rail Project\Lattimore2 2MA06246\Lattimore2Data20250404to20250707\2MA06246_20250404_194100.wav,219.0,2MA06246_20250404_194100.wav,3.0,King Rail,kinrai4,0.2055,0.0,,,,1.0,combined_annotations.csv
36,Spectrogram 1,1,318.0,321.0,0.0,12000.0,E:\2025 King Rail Project\2025 ARU Data Annotated For King Rail Project\Lattimore2 2MA06246\Lattimore2Data20250404to20250707\2MA06246_20250404_194100.wav,318.0,2MA06246_20250404_194100.wav,3.0,King Rail,kinrai4,0.1415,0.0,,,,1.0,combined_annotations.csv
50,Spectrogram 1,1,417.0,420.0,0.0,12000.0,E:\2025 King Rail Project\2025 ARU Data Annotated For King Rail Project\Lattimore2 2MA06246\Lattimore2Data20250404to20250707\2MA06246_20250404_194100.wav,417.0,2MA06246_20250404_194100.wav,3.0,Virginia Rail,virrai,0.8628,0.0,,,,1.0,combined_annotations.csv
51,Spectrogram 1,1,420.0,423.0,0.0,12000.0,E:\2025 King Rail Project\2025 ARU Data Annotated For King Rail Project\Lattimore2 2MA06246\Lattimore2Data20250404to20250707\2MA06246_20250404_194100.wav,420.0,2MA06246_20250404_194100.wav,3.0,Virginia Rail,virrai,0.8816,0.0,,,,1.0,combined_annotations.csv
57,Spectrogram 1,1,438.0,441.0,0.0,12000.0,E:\2025 King Rail Project\2025 ARU Data Annotated For King Rail Project\Lattimore2 2MA06246\Lattimore2Data20250404to20250707\2MA06246_20250404_194100.wav,438.0,2MA06246_20250404_194100.wav,3.0,Virginia Rail,virrai,0.7945,0.0,,,,1.0,combined_annotations.csv
94,Spectrogram 1,1,1221.0,1224.0,0.0,12000.0,E:\2025 King Rail Project\2025 ARU Data Annotated For King Rail Project\Lattimore2 2MA06246\Lattimore2Data20250404to20250707\2MA06246_20250404_194100.wav,1221.0,2MA06246_20250404_194100.wav,3.0,King Rail,kinrai4,0.2259,0.0,,,,1.0,combined_annotations.csv
382,Spectrogram 1,1,5415.0,5418.0,0.0,12000.0,E:\2025 King Rail Project\2025 ARU Data Annotated For King Rail Project\Lattimore2 2MA06246\Lattimore2Data20250404to20250707\2MA06246_20250405_064800.wav,1815.0,2MA06246_20250405_064800.wav,3.0,American Bittern,amebit,0.1945,0.0,,,,1.0,combined_annotations.csv
383,Spectrogram 1,1,5415.0,5418.0,0.0,12000.0,E:\2025 King Rail Project\2025 ARU Data Annotated For King Rail Project\Lattimore2 2MA06246\Lattimore2Data20250404to20250707\2MA06246_20250405_064800.wav,1815.0,2MA06246_20250405_064800.wav,3.0,Least Bittern,leabit,0.1798,0.0,,,,1.0,combined_annotations.csv
384,Spectrogram 1,1,5415.0,5418.0,0.0,12000.0,E:\2025 King Rail Project\2025 ARU Data Annotated For King Rail Project\Lattimore2 2MA06246\Lattimore2Data20250404to20250707\2MA06246_20250405_064800.wav,1815.0,2MA06246_20250405_064800.wav,3.0,Sora,sora,0.1382,0.0,,,,1.0,combined_annotations.csv
385,Spectrogram 1,1,5415.0,5418.0,0.0,12000.0,E:\2025 King Rail Project\2025 ARU Data Annotated For King Rail Project\Lattimore2 2MA06246\Lattimore2Data20250404to20250707\2MA06246_20250405_064800.wav,1815.0,2MA06246_20250405_064800.wav,3.0,King Rail,kinrai4,0.1186,0.0,,,,1.0,combined_annotations.csv
737,Spectrogram 1,1,7173.0,7176.0,0.0,12000.0,E:\2025 King Rail Project\2025 ARU Data Annotated For King Rail Project\Lattimore2 2MA06246\Lattimore2Data20250404to20250707\2MA06246_20250405_194200.wav,1173.0,2MA06246_20250405_194200.wav,3.0,Red-winged Blackbird,rewbla,0.3134,1.0,,,,1.0,combined_annotations.csv
738,Spectrogram 1,1,7173.0,7176.0,0.0,12000.0,E:\2025 King Rail Project\2025 ARU Data Annotated For King Rail Project\Lattimore2 2MA06246\Lattimore2Data20250404to20250707\2MA06246_20250405_194200.wav,1173.0,2MA06246_20250405_194200.wav,3.0,King Rail,kinrai4,0.1798,0.0,,,,1.0,combined_annotations.csv
840,Spectrogram 1,1,11025.0,11028.0,0.0,12000.0,E:\2025 King Rail Project\2025 ARU Data Annotated For King Rail Project\Lattimore2 2MA06246\Lattimore2Data20250404to20250707\2MA06246_20250406_064700.wav,1425.0,2MA06246_20250406_064700.wav,3.0,Red-winged Blackbird,rewbla,0.2009,1.0,,,windy,1.0,combined_annotations.csv
841,Spectrogram 1,1,11025.0,11028.0,0.0,12000.0,E:\2025 King Rail Project\2025 ARU Data Annotated For King Rail Project\Lattimore2 2MA06246\Lattimore2Data20250404to20250707\2MA06246_20250406_064700.wav,1425.0,2MA06246_20250406_064700.wav,3.0,Least Bittern,leabit,0.1792,0.0,,,windy,1.0,combined_annotations.csv
842,Spectrogram 1,1,11028.0,11031.0,0.0,12000.0,E:\2025 King Rail Project\2025 ARU Data Annotated For King Rail Project\Lattimore2 2MA06246\Lattimore2Data20250404to20250707\2MA06246_20250406_064700.wav,1428.0,2MA06246_20250406_064700.wav,3.0,King Rail,kinrai4,0.1137,0.0,,,wind clipping,1.0,combined_annotations.csv
843,Spectrogram 1,1,11067.0,11070.0,0.0,12000.0,E:\2025 King Rail Project\2025 ARU Data Annotated For King Rail Project\Lattimore2 2MA06246\Lattimore2Data20250404to20250707\2MA06246_20250406_064700.wav,1467.0,2MA06246_20250406_064700.wav,3.0,Least Bittern,leabit,0.2836,0.0,,,"windy, wind clipping",1.0,combined_annotations.csv
844,Spectrogram 1,1,11067.0,11070.0,0.0,12000.0,E:\2025 King Rail Project\2025 ARU Data Annotated For King Rail Project\Lattimore2 2MA06246\Lattimore2Data20250404to20250707\2MA06246_20250406_064700.wav,1467.0,2MA06246_20250406_064700.wav,3.0,Red-winged Blackbird,rewbla,0.2149,1.0,,,"windy, wind clipping",1.0,combined_annotations.csv
845,Spectrogram 1,1,11070.0,11073.0,0.0,12000.0,E:\2025 King Rail Project\2025 ARU Data Annotated For King Rail Project\Lattimore2 2MA06246\Lattimore2Data20250404to20250707\2MA06246_20250406_064700.wav,1470.0,2MA06246_20250406_064700.wav,3.0,King Rail,kinrai4,0.1277,0.0,,,wind clipping,1.0,combined_annotations.csv
846,Spectrogram 1,1,11070.0,11073.0,0.0,12000.0,E:\2025 King Rail Project\2025 ARU Data Annotated For King Rail Project\Lattimore2 2MA06246\Lattimore2Data20250404to20250707\2MA06246_20250406_064700.wav,1470.0,2MA06246_20250406_064700.wav,3.0,Red-winged Blackbird,rewbla,0.1173,1.0,RWBL,conklaree,wind clipping,1.0,combined_annotations.csv
847,Spectrogram 1,1,11073.0,11076.0,0.0,12000.0,E:\2025 King Rail Project\2025 ARU Data Annotated For King Rail Project\Lattimore2 2MA06246\Lattimore2Data20250404to20250707\2MA06246_20250406_064700.wav,1473.0,2MA06246_20250406_064700.wav,3.0,Red-winged Blackbird,rewbla,0.2924,1.0,RWBL,jeer,,1.0,combined_annotations.csv
894,Spectrogram 1,1,11535.0,11538.0,0.0,12000.0,E:\2025 King Rail Project\2025 ARU Data Annotated For King Rail Project\Lattimore2 2MA06246\Lattimore2Data20250404to20250707\2MA06246_20250406_064700.wav,1935.0,2MA06246_20250406_064700.wav,3.0,King Rail,kinrai4,0.7617,0.0,,,wind clipping,1.0,combined_annotations.csv
895,Spectrogram 1,1,11535.0,11538.0,0.0,12000.0,E:\2025 King Rail Project\2025 ARU Data Annotated For King Rail Project\Lattimore2 2MA06246\Lattimore2Data20250404to20250707\2MA06246_20250406_064700.wav,1935.0,2MA06246_20250406_064700.wav,3.0,Virginia Rail,virrai,0.1494,0.0,,,,1.0,combined_annotations.csv
897,Spectrogram 1,1,11538.0,11541.0,0.0,12000.0,E:\2025 King Rail Project\2025 ARU Data Annotated For King Rail Project\Lattimore2 2MA06246\Lattimore2Data20250404to20250707\2MA06246_20250406_064700.wav,1938.0,2MA06246_20250406_064700.wav,3.0,Least Bittern,leabit,0.1104,0.0,,,,1.0,combined_annotations.csv
902,Spectrogram 1,1,11556.0,11559.0,0.0,12000.0,E:\2025 King Rail Project\2025 ARU Data Annotated For King Rail Project\Lattimore2 2MA06246\Lattimore2Data20250404to20250707\2MA06246_20250406_064700.wav,1956.0,2MA06246_20250406_064700.wav,3.0,King Rail,kinrai4,0.3448,0.0,,,,1.0,combined_annotations.csv
903,Spectrogram 1,1,11556.0,11559.0,0.0,12000.0,E:\2025 King Rail Project\2025 ARU Data Annotated For King Rail Project\Lattimore2 2MA06246\Lattimore2Data20250404to20250707\2MA06246_20250406_064700.wav,1956.0,2MA06246_20250406_064700.wav,3.0,Least Bittern,leabit,0.1451,0.0,,,,1.0,combined_annotations.csv
904,Spectrogram 1,1,11562.0,11565.0,0.0,12000.0,E:\2025 King Rail Project\2025 ARU Data Annotated For King Rail Project\Lattimore2 2MA06246\Lattimore2Data20250404to20250707\2MA06246_20250406_064700.wav,1962.0,2MA06246_20250406_064700.wav,3.0,King Rail,kinrai4,0.4188,0.0,,,,1.0,combined_annotations.csv
905,Spectrogram 1,1,11562.0,11565.0,0.0,12000.0,E:\2025 King Rail Project\2025 ARU Data Annotated For King Rail Project\Lattimore2 2MA06246\Lattimore2Data20250404to20250707\2MA06246_20250406_064700.wav,1962.0,2MA06246_20250406_064700.wav,3.0,Least Bittern,leabit,0.1483,0.0,,,,1.0,combined_annotations.csv
906,Spectrogram 1,1,11562.0,11565.0,0.0,12000.0,E:\2025 King Rail Project\2025 ARU Data Annotated For King Rail Project\Lattimore2 2MA06246\Lattimore2Data20250404to20250707\2MA06246_20250406_064700.wav,1962.0,2MA06246_20250406_064700.wav,3.0,Virginia Rail,virrai,0.1271,0.0,,,,1.0,combined_annotations.csv
938,Spectrogram 1,1,11658.0,11661.0,0.0,12000.0,E:\2025 King Rail Project\2025 ARU Data Annotated For King Rail Project\Lattimore2 2MA06246\Lattimore2Data20250404to20250707\2MA06246_20250406_064700.wav,2058.0,2MA06246_20250406_064700.wav,3.0,King Rail,kinrai4,0.4287,0.0,,,wind clipping,1.0,combined_annotations.csv
939,Spectrogram 1,1,11658.0,11661.0,0.0,12000.0,E:\2025 King Rail Project\2025 ARU Data Annotated For King Rail Project\Lattimore2 2MA06246\Lattimore2Data20250404to20250707\2MA06246_20250406_064700.wav,2058.0,2MA06246_20250406_064700.wav,3.0,Virginia Rail,virrai,0.2128,0.0,,,,1.0,combined_annotations.csv
962,Spectrogram 1,1,11748.0,11751.0,0.0,12000.0,E:\2025 King Rail Project\2025 ARU Data Annotated For King Rail Project\Lattimore2 2MA06246\Lattimore2Data20250404to20250707\2MA06246_20250406_064700.wav,2148.0,2MA06246_20250406_064700.wav,3.0,King Rail,kinrai4,0.6179,0.0,,,wind clipping,1.0,combined_annotations.csv
964,Spectrogram 1,1,11754.0,11757.0,0.0,12000.0,E:\2025 King Rail Project\2025 ARU Data Annotated For King Rail Project\Lattimore2 2MA06246\Lattimore2Data20250404to20250707\2MA06246_20250406_064700.wav,2154.0,2MA06246_20250406_064700.wav,3.0,King Rail,kinrai4,0.5925,0.0,,,windy,1.0,combined_annotations.csv
987,Spectrogram 1,1,11856.0,11859.0,0.0,12000.0,E:\2025 King Rail Project\2025 ARU Data Annotated For King Rail Project\Lattimore2 2MA06246\Lattimore2Data20250404to20250707\2MA06246_20250406_064700.wav,2256.0,2MA06246_20250406_064700.wav,3.0,King Rail,kinrai4,0.3897,0.0,,,,1.0,combined_annotations.csv
988,Spectrogram 1,1,11856.0,11859.0,0.0,12000.0,E:\2025 King Rail Project\2025 ARU Data Annotated For King Rail Project\Lattimore2 2MA06246\Lattimore2Data20250404to20250707\2MA06246_20250406_064700.wav,2256.0,2MA06246_20250406_064700.wav,3.0,Least Bittern,leabit,0.1837,0.0,,,,1.0,combined_annotations.csv
1013,Spectrogram 1,1,11967.0,11970.0,0.0,12000.0,E:\2025 King Rail Project\2025 ARU Data Annotated For King Rail Project\Lattimore2 2MA06246\Lattimore2Data20250404to20250707\2MA06246_20250406_064700.wav,2367.0,2MA06246_20250406_064700.wav,3.0,King Rail,kinrai4,0.4068,0.0,,,,1.0,combined_annotations.csv
1015,Spectrogram 1,1,11973.0,11976.0,0.0,12000.0,E:\2025 King Rail Project\2025 ARU Data Annotated For King Rail Project\Lattimore2 2MA06246\Lattimore2Data20250404to20250707\2MA06246_20250406_064700.wav,2373.0,2MA06246_20250406_064700.wav,3.0,King Rail,kinrai4,0.3658,0.0,,,,1.0,combined_annotations.csv
1102,Spectrogram 1,1,12471.0,12474.0,0.0,12000.0,E:\2025 King Rail Project\2025 ARU Data Annotated For King Rail Project\Lattimore2 2MA06246\Lattimore2Data20250404to20250707\2MA06246_20250406_194300.wav,471.0,2MA06246_20250406_194300.wav,3.0,King Rail,kinrai4,0.6723,0.0,,,,1.0,combined_annotations.csv
1103,Spectrogram 1,1,12471.0,12474.0,0.0,12000.0,E:\2025 King Rail Project\2025 ARU Data Annotated For King Rail Project\Lattimore2 2MA06246\Lattimore2Data20250404to20250707\2MA06246_20250406_194300.wav,471.0,2MA06246_20250406_194300.wav,3.0,Least Bittern,leabit,0.1146,0.0,,,,1.0,combined_annotations.csv
1104,Spectrogram 1,1,12471.0,12474.0,0.0,12000.0,E:\2025 King Rail Project\2025 ARU Data Annotated For King Rail Project\Lattimore2 2MA06246\Lattimore2Data20250404to20250707\2MA06246_20250406_194300.wav,471.0,2MA06246_20250406_194300.wav,3.0,Virginia Rail,virrai,0.1027,0.0,,,,1.0,combined_annotations.csv
2370,Spectrogram 1,1,23307.0,23310.0,0.0,12000.0,E:\2025 King Rail Project\2025 ARU Data Annotated For King Rail Project\Lattimore2 2MA06246\Lattimore2Data20250404to20250707\2MA06246_20250408_064300.wav,1707.0,2MA06246_20250408_064300.wav,3.0,King Rail,kinrai4,0.5539,0.0,,,,1.0,combined_annotations.csv
2493,Spectrogram 1,1,24207.0,24210.0,0.0,12000.0,E:\2025 King Rail Project\2025 ARU Data Annotated For King Rail Project\Lattimore2 2MA06246\Lattimore2Data20250404to20250707\2MA06246_20250408_194500.wav,207.0,2MA06246_20250408_194500.wav,3.0,Red-winged Blackbird,rewbla,0.6175,0.0,,,,1.0,combined_annotations.csv
4344,Spectrogram 1,1,41343.0,41346.0,0.0,12000.0,E:\2025 King Rail Project\2025 ARU Data Annotated For King Rail Project\Lattimore2 2MA06246\Lattimore2Data20250404to20250707\2MA06246_20250411_063800.wav,1743.0,2MA06246_20250411_063800.wav,3.0,Red-winged Blackbird,rewbla,0.7024,1.0,,,,1.0,combined_annotations.csv
4373,Spectrogram 1,1,41439.0,41442.0,0.0,12000.0,E:\2025 King Rail Project\2025 ARU Data Annotated For King Rail Project\Lattimore2 2MA06246\Lattimore2Data20250404to20250707\2MA06246_20250411_063800.wav,1839.0,2MA06246_20250411_063800.wav,3.0,King Rail,kinrai4,0.4195,0.0,,,,1.0,combined_annotations.csv
14630,Spectrogram 1,1,116361.0,116364.0,0.0,12000.0,E:\2025 King Rail Project\2025 ARU Data Annotated For King Rail Project\Lattimore2 2MA06246\Lattimore2Data20250404to20250707\2MA06246_20250423_200100.wav,2361.0,2MA06246_20250423_200100.wav,3.0,Sora,sora,0.9887,1.0,,,,1.0,combined_annotations.csv
15152,Spectrogram 1,1,120414.0,120417.0,0.0,12000.0,E:\2025 King Rail Project\2025 ARU Data Annotated For King Rail Project\Lattimore2 2MA06246\Lattimore2Data20250404to20250707\2MA06246_20250424_200200.wav,414.0,2MA06246_20250424_200200.wav,3.0,King Rail,kinrai4,0.5993,0.0,,,,1.0,combined_annotations.csv
15153,Spectrogram 1,1,120414.0,120417.0,0.0,12000.0,E:\2025 King Rail Project\2025 ARU Data Annotated For King Rail Project\Lattimore2 2MA06246\Lattimore2Data20250404to20250707\2MA06246_20250424_200200.wav,414.0,2MA06246_20250424_200200.wav,3.0,Virginia Rail,virrai,0.1842,0.0,,,,1.0,combined_annotations.csv
16121,Spectrogram 1,1,126015.0,126018.0,0.0,12000.0,E:\2025 King Rail Project\2025 ARU Data Annotated For King Rail Project\Lattimore2 2MA06246\Lattimore2Data20250404to20250707\2MA06246_20250425_200300.wav,15.0,2MA06246_20250425_200300.wav,3.0,King Rail,kinrai4,0.4303,0.0,,,,1.0,combined_annotations.csv
16306,Spectrogram 1,1,126543.0,126546.0,0.0,12000.0,E:\2025 King Rail Project\2025 ARU Data Annotated For King Rail Project\Lattimore2 2MA06246\Lattimore2Data20250404to20250707\2MA06246_20250425_200300.wav,543.0,2MA06246_20250425_200300.wav,3.0,King Rail,kinrai4,0.4302,0.0,,,repeat checks,1.0,combined_annotations.csv
17501,Spectrogram 1,1,132942.0,132945.0,0.0,12000.0,E:\2025 King Rail Project\2025 ARU Data Annotated For King Rail Project\Lattimore2 2MA06246\Lattimore2Data20250404to20250707\2MA06246_20250426_200400.wav,942.0,2MA06246_20250426_200400.wav,3.0,King Rail,kinrai4,0.245,0.0,,,,1.0,combined_annotations.csv
17502,Spectrogram 1,1,132942.0,132945.0,0.0,12000.0,E:\2025 King Rail Project\2025 ARU Data Annotated For King Rail Project\Lattimore2 2MA06246\Lattimore2Data20250404to20250707\2MA06246_20250426_200400.wav,942.0,2MA06246_20250426_200400.wav,3.0,Red-winged Blackbird,rewbla,0.2218,1.0,,,,1.0,combined_annotations.csv
18632,Spectrogram 1,1,138492.0,138495.0,0.0,12000.0,E:\2025 King Rail Project\2025 ARU Data Annotated For King Rail Project\Lattimore2 2MA06246\Lattimore2Data20250404to20250707\2MA06246_20250427_200500.wav,492.0,2MA06246_20250427_200500.wav,3.0,Least Bittern,leabit,0.1544,0.0,,,,1.0,combined_annotations.csv
18633,Spectrogram 1,1,138492.0,138495.0,0.0,12000.0,E:\2025 King Rail Project\2025 ARU Data Annotated For King Rail Project\Lattimore2 2MA06246\Lattimore2Data20250404to20250707\2MA06246_20250427_200500.wav,492.0,2MA06246_20250427_200500.wav,3.0,Red-winged Blackbird,rewbla,0.1279,1.0,,,,1.0,combined_annotations.csv
19582,Spectrogram 1,1,143907.0,143910.0,0.0,12000.0,E:\2025 King Rail Project\2025 ARU Data Annotated For King Rail Project\Lattimore2 2MA06246\Lattimore2Data20250404to20250707\2MA06246_20250428_061300.wav,2307.0,2MA06246_20250428_061300.wav,3.0,Sora,sora,0.9907,1.0,SORA,whinny,,1.0,combined_annotations.csv
20372,Spectrogram 1,1,150186.0,150189.0,0.0,12000.0,E:\2025 King Rail Project\2025 ARU Data Annotated For King Rail Project\Lattimore2 2MA06246\Lattimore2Data20250404to20250707\2MA06246_20250429_200800.wav,186.0,2MA06246_20250429_200800.wav,3.0,Red-winged Blackbird,rewbla,0.8418,1.0,,,,1.0,combined_annotations.csv
20744,Spectrogram 1,1,154047.0,154050.0,0.0,12000.0,E:\2025 King Rail Project\2025 ARU Data Annotated For King Rail Project\Lattimore2 2MA06246\Lattimore2Data20250404to20250707\2MA06246_20250430_061000.wav,447.0,2MA06246_20250430_061000.wav,3.0,King Rail,kinrai4,0.5594,0.0,,,,1.0,combined_annotations.csv
20745,Spectrogram 1,1,154047.0,154050.0,0.0,12000.0,E:\2025 King Rail Project\2025 ARU Data Annotated For King Rail Project\Lattimore2 2MA06246\Lattimore2Data20250404to20250707\2MA06246_20250430_061000.wav,447.0,2MA06246_20250430_061000.wav,3.0,Swamp Sparrow,swaspa,0.258,1.0,,,,1.0,combined_annotations.csv
20746,Spectrogram 1,1,154047.0,154050.0,0.0,12000.0,E:\2025 King Rail Project\2025 ARU Data Annotated For King Rail Project\Lattimore2 2MA06246\Lattimore2Data20250404to20250707\2MA06246_20250430_061000.wav,447.0,2MA06246_20250430_061000.wav,3.0,American Bittern,amebit,0.108,0.0,,,,1.0,combined_annotations.csv
21185,Spectrogram 1,1,156450.0,156453.0,0.0,12000.0,E:\2025 King Rail Project\2025 ARU Data Annotated For King Rail Project\Lattimore2 2MA06246\Lattimore2Data20250404to20250707\2MA06246_20250430_200900.wav,450.0,2MA06246_20250430_200900.wav,3.0,King Rail,kinrai4,0.5163,0.0,,,,1.0,combined_annotations.csv
21825,Spectrogram 1,1,160593.0,160596.0,0.0,12000.0,E:\2025 King Rail Project\2025 ARU Data Annotated For King Rail Project\Lattimore2 2MA06246\Lattimore2Data20250404to20250707\2MA06246_20250501_060900.wav,993.0,2MA06246_20250501_060900.wav,3.0,Sora,sora,0.9011,1.0,,,,1.0,combined_annotations.csv
22158,Spectrogram 1,1,162021.1093,162024.1093,0.0,12000.0,E:\2025 King Rail Project\2025 ARU Data Annotated For King Rail Project\Lattimore2 2MA06246\Lattimore2Data20250404to20250707\2MA06246_20250501_201000.wav,144.0,2MA06246_20250501_201000.wav,3.0,King Rail,kinrai4,0.6876,0.0,,,,1.0,combined_annotations.csv
22566,Spectrogram 1,1,163323.1093,163326.1093,0.0,12000.0,E:\2025 King Rail Project\2025 ARU Data Annotated For King Rail Project\Lattimore2 2MA06246\Lattimore2Data20250404to20250707\2MA06246_20250501_201000.wav,1446.0,2MA06246_20250501_201000.wav,3.0,King Rail,kinrai4,0.5207,0.0,,,,1.0,combined_annotations.csv
22567,Spectrogram 1,1,163323.1093,163326.1093,0.0,12000.0,E:\2025 King Rail Project\2025 ARU Data Annotated For King Rail Project\Lattimore2 2MA06246\Lattimore2Data20250404to20250707\2MA06246_20250501_201000.wav,1446.0,2MA06246_20250501_201000.wav,3.0,Least Bittern,leabit,0.4604,0.0,,,,1.0,combined_annotations.csv
22568,Spectrogram 1,1,163323.1093,163326.1093,0.0,12000.0,E:\2025 King Rail Project\2025 ARU Data Annotated For King Rail Project\Lattimore2 2MA06246\Lattimore2Data20250404to20250707\2MA06246_20250501_201000.wav,1446.0,2MA06246_20250501_201000.wav,3.0,Sora,sora,0.1422,0.0,,,,1.0,combined_annotations.csv
24835,Spectrogram 1,1,174018.1093,174021.1093,0.0,12000.0,E:\2025 King Rail Project\2025 ARU Data Annotated For King Rail Project\Lattimore2 2MA06246\Lattimore2Data20250404to20250707\2MA06246_20250503_201200.wav,141.0,2MA06246_20250503_201200.wav,3.0,Red-winged Blackbird,rewbla,0.3229,1.0,,,,1.0,combined_annotations.csv
24836,Spectrogram 1,1,174018.1093,174021.1093,0.0,12000.0,E:\2025 King Rail Project\2025 ARU Data Annotated For King Rail Project\Lattimore2 2MA06246\Lattimore2Data20250404to20250707\2MA06246_20250503_201200.wav,141.0,2MA06246_20250503_201200.wav,3.0,Sora,sora,0.1548,0.0,,,,1.0,combined_annotations.csv
24837,Spectrogram 1,1,174018.1093,174021.1093,0.0,12000.0,E:\2025 King Rail Project\2025 ARU Data Annotated For King Rail Project\Lattimore2 2MA06246\Lattimore2Data20250404to20250707\2MA06246_20250503_201200.wav,141.0,2MA06246_20250503_201200.wav,3.0,Least Bittern,leabit,0.1304,0.0,,,,1.0,combined_annotations.csv
24838,Spectrogram 1,1,174018.1093,174021.1093,0.0,12000.0,E:\2025 King Rail Project\2025 ARU Data Annotated For King Rail Project\Lattimore2 2MA06246\Lattimore2Data20250404to20250707\2MA06246_20250503_201200.wav,141.0,2MA06246_20250503_201200.wav,3.0,Tree Swallow,treswa,0.1126,0.0,,,,1.0,combined_annotations.csv
26442,Spectrogram 1,1,185724.1093,185727.1093,0.0,12000.0,E:\2025 King Rail Project\2025 ARU Data Annotated For King Rail Project\Lattimore2 2MA06246\Lattimore2Data20250404to20250707\2MA06246_20250505_060400.wav,2247.0,2MA06246_20250505_060400.wav,3.0,King Rail,kinrai4,0.5751,0.0,,,,1.0,combined_annotations.csv
26443,Spectrogram 1,1,185724.1093,185727.1093,0.0,12000.0,E:\2025 King Rail Project\2025 ARU Data Annotated For King Rail Project\Lattimore2 2MA06246\Lattimore2Data20250404to20250707\2MA06246_20250505_060400.wav,2247.0,2MA06246_20250505_060400.wav,3.0,Virginia Rail,virrai,0.1274,0.0,,,,1.0,combined_annotations.csv
30169,Spectrogram 1,1,200064.1093,200067.1093,0.0,12000.0,E:\2025 King Rail Project\2025 ARU Data Annotated For King Rail Project\Lattimore2 2MA06246\Lattimore2Data20250404to20250707\2MA06246_20250507_201600.wav,2187.0,2MA06246_20250507_201600.wav,3.0,American Bittern,amebit,0.1049,0.0,,,,1.0,combined_annotations.csv
30170,Spectrogram 1,1,200067.1093,200070.1093,0.0,12000.0,E:\2025 King Rail Project\2025 ARU Data Annotated For King Rail Project\Lattimore2 2MA06246\Lattimore2Data20250404to20250707\2MA06246_20250507_201600.wav,2190.0,2MA06246_20250507_201600.wav,3.0,Swamp Sparrow,swaspa,0.2945,1.0,,,,1.0,combined_annotations.csv
30171,Spectrogram 1,1,200067.1093,200070.1093,0.0,12000.0,E:\2025 King Rail Project\2025 ARU Data Annotated For King Rail Project\Lattimore2 2MA06246\Lattimore2Data20250404to20250707\2MA06246_20250507_201600.wav,2190.0,2MA06246_20250507_201600.wav,3.0,Virginia Rail,virrai,0.2471,0.0,,,KIRA kek,1.0,combined_annotations.csv
30172,Spectrogram 1,1,200067.1093,200070.1093,0.0,12000.0,E:\2025 King Rail Project\2025 ARU Data Annotated For King Rail Project\Lattimore2 2MA06246\Lattimore2Data20250404to20250707\2MA06246_20250507_201600.wav,2190.0,2MA06246_20250507_201600.wav,3.0,American Bittern,amebit,0.1827,0.0,,,,1.0,combined_annotations.csv
30173,Spectrogram 1,1,200070.1093,200073.1093,0.0,12000.0,E:\2025 King Rail Project\2025 ARU Data Annotated For King Rail Project\Lattimore2 2MA06246\Lattimore2Data20250404to20250707\2MA06246_20250507_201600.wav,2193.0,2MA06246_20250507_201600.wav,3.0,King Rail,kinrai4,0.3318,1.0,KIRA,kek,,1.0,combined_annotations.csv
30174,Spectrogram 1,1,200070.1093,200073.1093,0.0,12000.0,E:\2025 King Rail Project\2025 ARU Data Annotated For King Rail Project\Lattimore2 2MA06246\Lattimore2Data20250404to20250707\2MA06246_20250507_201600.wav,2193.0,2MA06246_20250507_201600.wav,3.0,Virginia Rail,virrai,0.1218,0.0,,,,1.0,combined_annotations.csv
30181,Spectrogram 1,1,200085.1093,200088.1093,0.0,12000.0,E:\2025 King Rail Project\2025 ARU Data Annotated For King Rail Project\Lattimore2 2MA06246\Lattimore2Data20250404to20250707\2MA06246_20250507_201600.wav,2208.0,2MA06246_20250507_201600.wav,3.0,American Bittern,amebit,0.1692,0.0,,,,1.0,combined_annotations.csv
30182,Spectrogram 1,1,200085.1093,200088.1093,0.0,12000.0,E:\2025 King Rail Project\2025 ARU Data Annotated For King Rail Project\Lattimore2 2MA06246\Lattimore2Data20250404to20250707\2MA06246_20250507_201600.wav,2208.0,2MA06246_20250507_201600.wav,3.0,Virginia Rail,virrai,0.1077,0.0,,,"KIRA grunt, double check",1.0,combined_annotations.csv
30186,Spectrogram 1,1,200097.1093,200100.1093,0.0,12000.0,E:\2025 King Rail Project\2025 ARU Data Annotated For King Rail Project\Lattimore2 2MA06246\Lattimore2Data20250404to20250707\2MA06246_20250507_201600.wav,2220.0,2MA06246_20250507_201600.wav,3.0,King Rail,kinrai4,0.3433,1.0,KIRA,grunt,,1.0,combined_annotations.csv
30187,Spectrogram 1,1,200097.1093,200100.1093,0.0,12000.0,E:\2025 King Rail Project\2025 ARU Data Annotated For King Rail Project\Lattimore2 2MA06246\Lattimore2Data20250404to20250707\2MA06246_20250507_201600.wav,2220.0,2MA06246_20250507_201600.wav,3.0,Least Bittern,leabit,0.2591,0.0,,,,1.0,combined_annotations.csv
30188,Spectrogram 1,1,200097.1093,200100.1093,0.0,12000.0,E:\2025 King Rail Project\2025 ARU Data Annotated For King Rail Project\Lattimore2 2MA06246\Lattimore2Data20250404to20250707\2MA06246_20250507_201600.wav,2220.0,2MA06246_20250507_201600.wav,3.0,Common Gallinule,comgal1,0.2118,0.0,,,,1.0,combined_annotations.csv
30189,Spectrogram 1,1,200103.1093,200106.1093,0.0,12000.0,E:\2025 King Rail Project\2025 ARU Data Annotated For King Rail Project\Lattimore2 2MA06246\Lattimore2Data20250404to20250707\2MA06246_20250507_201600.wav,2226.0,2MA06246_20250507_201600.wav,3.0,Eastern Kingbird,easkin,0.1265,1.0,,,,1.0,combined_annotations.csv
30190,Spectrogram 1,1,200106.1093,200109.1093,0.0,12000.0,E:\2025 King Rail Project\2025 ARU Data Annotated For King Rail Project\Lattimore2 2MA06246\Lattimore2Data20250404to20250707\2MA06246_20250507_201600.wav,2229.0,2MA06246_20250507_201600.wav,3.0,King Rail,kinrai4,0.1001,1.0,KIRA,grunt,,1.0,combined_annotations.csv
30192,Spectrogram 1,1,200112.1093,200115.1093,0.0,12000.0,E:\2025 King Rail Project\2025 ARU Data Annotated For King Rail Project\Lattimore2 2MA06246\Lattimore2Data20250404to20250707\2MA06246_20250507_201600.wav,2235.0,2MA06246_20250507_201600.wav,3.0,Virginia Rail,virrai,0.3568,0.0,KIRA,grunt,double check,1.0,combined_annotations.csv
30193,Spectrogram 1,1,200112.1093,200115.1093,0.0,12000.0,E:\2025 King Rail Project\2025 ARU Data Annotated For King Rail Project\Lattimore2 2MA06246\Lattimore2Data20250404to20250707\2MA06246_20250507_201600.wav,2235.0,2MA06246_20250507_201600.wav,3.0,Least Bittern,leabit,0.2968,0.0,,,,1.0,combined_annotations.csv
30194,Spectrogram 1,1,200112.1093,200115.1093,0.0,12000.0,E:\2025 King Rail Project\2025 ARU Data Annotated For King Rail Project\Lattimore2 2MA06246\Lattimore2Data20250404to20250707\2MA06246_20250507_201600.wav,2235.0,2MA06246_20250507_201600.wav,3.0,American Bittern,amebit,0.146,0.0,,,,1.0,combined_annotations.csv
30195,Spectrogram 1,1,200112.1093,200115.1093,0.0,12000.0,E:\2025 King Rail Project\2025 ARU Data Annotated For King Rail Project\Lattimore2 2MA06246\Lattimore2Data20250404to20250707\2MA06246_20250507_201600.wav,2235.0,2MA06246_20250507_201600.wav,3.0,King Rail,kinrai4,0.1065,1.0,KIRA,grunt,,1.0,combined_annotations.csv
30196,Spectrogram 1,1,200115.1093,200118.1093,0.0,12000.0,E:\2025 King Rail Project\2025 ARU Data Annotated For King Rail Project\Lattimore2 2MA06246\Lattimore2Data20250404to20250707\2MA06246_20250507_201600.wav,2238.0,2MA06246_20250507_201600.wav,3.0,Virginia Rail,virrai,0.1931,0.0,,,KIRA grunt,1.0,combined_annotations.csv
30197,Spectrogram 1,1,200115.1093,200118.1093,0.0,12000.0,E:\2025 King Rail Project\2025 ARU Data Annotated For King Rail Project\Lattimore2 2MA06246\Lattimore2Data20250404to20250707\2MA06246_20250507_201600.wav,2238.0,2MA06246_20250507_201600.wav,3.0,Least Bittern,leabit,0.1796,0.0,,,,1.0,combined_annotations.csv
30240,Spectrogram 1,1,200805.1093,200808.1093,0.0,12000.0,E:\2025 King Rail Project\2025 ARU Data Annotated For King Rail Project\Lattimore2 2MA06246\Lattimore2Data20250404to20250707\2MA06246_20250508_040000.wav,528.0,2MA06246_20250508_040000.wav,3.0,King Rail,kinrai4,0.1663,1.0,KIRA,grunt,,1.0,combined_annotations.csv
30241,Spectrogram 1,1,200808.1093,200811.1093,0.0,12000.0,E:\2025 King Rail Project\2025 ARU Data Annotated For King Rail Project\Lattimore2 2MA06246\Lattimore2Data20250404to20250707\2MA06246_20250508_040000.wav,531.0,2MA06246_20250508_040000.wav,3.0,American Bittern,amebit,0.1854,0.0,,,,1.0,combined_annotations.csv
30563,Spectrogram 1,1,202830.1093,202833.1093,0.0,12000.0,E:\2025 King Rail Project\2025 ARU Data Annotated For King Rail Project\Lattimore2 2MA06246\Lattimore2Data20250404to20250707\2MA06246_20250508_060000.wav,1353.0,2MA06246_20250508_060000.wav,3.0,King Rail,kinrai4,0.5848,0.0,,,,1.0,combined_annotations.csv
30564,Spectrogram 1,1,202830.1093,202833.1093,0.0,12000.0,E:\2025 King Rail Project\2025 ARU Data Annotated For King Rail Project\Lattimore2 2MA06246\Lattimore2Data20250404to20250707\2MA06246_20250508_060000.wav,1353.0,2MA06246_20250508_060000.wav,3.0,Virginia Rail,virrai,0.1211,0.0,,,,1.0,combined_annotations.csv
44718,Spectrogram 1,1,283416.1093,283419.1093,0.0,12000.0,E:\2025 King Rail Project\2025 ARU Data Annotated For King Rail Project\Lattimore2 2MA06246\Lattimore2Data20250404to20250707\2MA06246_20250521_203000.wav,1539.0,2MA06246_20250521_203000.wav,3.0,King Rail,kinrai4,0.2612,0.0,,,"rain, file clipping",1.0,combined_annotations.csv
44719,Spectrogram 1,1,283416.1093,283419.1093,0.0,12000.0,E:\2025 King Rail Project\2025 ARU Data Annotated For King Rail Project\Lattimore2 2MA06246\Lattimore2Data20250404to20250707\2MA06246_20250521_203000.wav,1539.0,2MA06246_20250521_203000.wav,3.0,Least Bittern,leabit,0.1291,0.0,,,,1.0,combined_annotations.csv
44720,Spectrogram 1,1,283416.1093,283419.1093,0.0,12000.0,E:\2025 King Rail Project\2025 ARU Data Annotated For King Rail Project\Lattimore2 2MA06246\Lattimore2Data20250404to20250707\2MA06246_20250521_203000.wav,1539.0,2MA06246_20250521_203000.wav,3.0,Red-winged Blackbird,rewbla,0.1176,1.0,,,,1.0,combined_annotations.csv
46652,Spectrogram 1,1,295572.6907,295575.6907,0.0,12000.0,E:\2025 King Rail Project\2025 ARU Data Annotated For King Rail Project\Lattimore2 2MA06246\Lattimore2Data20250404to20250707\2MA06246_20250523_203200.wav,1797.0,2MA06246_20250523_203200.wav,3.0,Virginia Rail,virrai,0.8738,0.0,,,,1.0,combined_annotations.csv
46653,Spectrogram 1,1,295572.6907,295575.6907,0.0,12000.0,E:\2025 King Rail Project\2025 ARU Data Annotated For King Rail Project\Lattimore2 2MA06246\Lattimore2Data20250404to20250707\2MA06246_20250523_203200.wav,1797.0,2MA06246_20250523_203200.wav,3.0,Marsh Wren,marwre,0.1416,1.0,,,,1.0,combined_annotations.csv
46654,Spectrogram 1,1,295572.6907,295575.6907,0.0,12000.0,E:\2025 King Rail Project\2025 ARU Data Annotated For King Rail Project\Lattimore2 2MA06246\Lattimore2Data20250404to20250707\2MA06246_20250523_203200.wav,1797.0,2MA06246_20250523_203200.wav,3.0,Red-winged Blackbird,rewbla,0.1246,1.0,,,,1.0,combined_annotations.csv
51614,Spectrogram 1,1,311883.6907,311886.6907,0.0,12000.0,E:\2025 King Rail Project\2025 ARU Data Annotated For King Rail Project\Lattimore2 2MA06246\Lattimore2Data20250404to20250707\2MA06246_20250526_203500.wav,108.0,2MA06246_20250526_203500.wav,3.0,Red-winged Blackbird,rewbla,0.4007,1.0,,,,1.0,combined_annotations.csv
51859,Spectrogram 1,1,312918.6907,312921.6907,0.0,12000.0,E:\2025 King Rail Project\2025 ARU Data Annotated For King Rail Project\Lattimore2 2MA06246\Lattimore2Data20250404to20250707\2MA06246_20250526_203500.wav,1143.0,2MA06246_20250526_203500.wav,3.0,Red-winged Blackbird,rewbla,0.8757,1.0,RWBL,conklaree,,1.0,combined_annotations.csv
52897,Spectrogram 1,1,317898.6926,317901.6907,0.0,12000.0,E:\2025 King Rail Project\2025 ARU Data Annotated For King Rail Project\Lattimore2 2MA06246\Lattimore2Data20250404to20250707\2MA06246_20250527_203500.wav,123.0019,2MA06246_20250527_203500.wav,2.9981,Red-winged Blackbird,rewbla,0.5103,1.0,,,,1.0,combined_annotations.csv
52898,Spectrogram 1,1,317898.6907,317901.6907,0.0,12000.0,E:\2025 King Rail Project\2025 ARU Data Annotated For King Rail Project\Lattimore2 2MA06246\Lattimore2Data20250404to20250707\2MA06246_20250527_203500.wav,123.0,2MA06246_20250527_203500.wav,3.0,Least Bittern,leabit,0.1385,0.0,,,,1.0,combined_annotations.csv
71695,Spectrogram 1,1,396876.6907,396879.6907,0.0,12000.0,E:\2025 King Rail Project\2025 ARU Data Annotated For King Rail Project\Lattimore2 2MA06246\Lattimore2Data20250404to20250707\2MA06246_20250609_204500.wav,1101.0,2MA06246_20250609_204500.wav,3.0,Swamp Sparrow,swaspa,0.8617,1.0,,,,1.0,combined_annotations.csv
71696,Spectrogram 1,1,396876.6907,396879.6907,0.0,12000.0,E:\2025 King Rail Project\2025 ARU Data Annotated For King Rail Project\Lattimore2 2MA06246\Lattimore2Data20250404to20250707\2MA06246_20250609_204500.wav,1101.0,2MA06246_20250609_204500.wav,3.0,Virginia Rail,virrai,0.1774,0.0,,,,1.0,combined_annotations.csv
74390,Spectrogram 1,1,406434.6907,406437.6907,0.0,12000.0,E:\2025 King Rail Project\2025 ARU Data Annotated For King Rail Project\Lattimore2 2MA06246\Lattimore2Data20250404to20250707\2MA06246_20250611_053800.wav,1059.0,2MA06246_20250611_053800.wav,3.0,Virginia Rail,virrai,0.9189,0.0,,,,1.0,combined_annotations.csv
74391,Spectrogram 1,1,406434.6907,406437.6907,0.0,12000.0,E:\2025 King Rail Project\2025 ARU Data Annotated For King Rail Project\Lattimore2 2MA06246\Lattimore2Data20250404to20250707\2MA06246_20250611_053800.wav,1059.0,2MA06246_20250611_053800.wav,3.0,Tree Swallow,treswa,0.1992,1.0,,,,1.0,combined_annotations.csv
77822,Spectrogram 1,1,427707.6907,427710.6907,0.0,12000.0,E:\2025 King Rail Project\2025 ARU Data Annotated For King Rail Project\Lattimore2 2MA06246\Lattimore2Data20250404to20250707\2MA06246_20250614_204700.wav,1932.0,2MA06246_20250614_204700.wav,3.0,Virginia Rail,virrai,0.8726,0.0,,,why vira?,1.0,combined_annotations.csv
97020,Spectrogram 1,1,499860.6907,499863.6907,0.0,12000.0,E:\2025 King Rail Project\2025 ARU Data Annotated For King Rail Project\Lattimore2 2MA06246\Lattimore2Data20250404to20250707\2MA06246_20250626_205000.wav,2085.0,2MA06246_20250626_205000.wav,3.0,American Bittern,amebit,0.8656,0.0,,,water? rainy,1.0,combined_annotations.csv
112269,Spectrogram 1,1,563760.6907,563763.6907,0.0,12000.0,E:\2025 King Rail Project\2025 ARU Data Annotated For King Rail Project\Lattimore2 2MA06246\Lattimore2Data20250404to20250707\2MA06246_20250707_054600.wav,2385.0,2MA06246_20250707_054600.wav,3.0,Swamp Sparrow,swaspa,0.3476,1.0,,,,1.0,combined_annotations.csv
112270,Spectrogram 1,1,563760.6907,563763.6907,0.0,12000.0,E:\2025 King Rail Project\2025 ARU Data Annotated For King Rail Project\Lattimore2 2MA06246\Lattimore2Data20250404to20250707\2MA06246_20250707_054600.wav,2385.0,2MA06246_20250707_054600.wav,3.0,American Bittern,amebit,0.1186,0.0,,,,1.0,combined_annotations.csv
112271,Spectrogram 1,1,563760.6907,563763.6907,0.0,12000.0,E:\2025 King Rail Project\2025 ARU Data Annotated For King Rail Project\Lattimore2 2MA06246\Lattimore2Data20250404to20250707\2MA06246_20250707_054600.wav,2385.0,2MA06246_20250707_054600.wav,3.0,Least Bittern,leabit,0.1092,0.0,,,,1.0,combined_annotations.csv
112273,Spectrogram 1,1,563766.6907,563769.6907,0.0,12000.0,E:\2025 King Rail Project\2025 ARU Data Annotated For King Rail Project\Lattimore2 2MA06246\Lattimore2Data20250404to20250707\2MA06246_20250707_054600.wav,2391.0,2MA06246_20250707_054600.wav,3.0,Least Bittern,leabit,0.7139,0.0,,,,1.0,combined_annotations.csv
112274,Spectrogram 1,1,563766.6907,563769.6907,0.0,12000.0,E:\2025 King Rail Project\2025 ARU Data Annotated For King Rail Project\Lattimore2 2MA06246\Lattimore2Data20250404to20250707\2MA06246_20250707_054600.wav,2391.0,2MA06246_20250707_054600.wav,3.0,Virginia Rail,virrai,0.1348,0.0,,,,1.0,combined_annotations.csv
3,Spectrogram 1,1,27.0,30.0,0.0,12000.0,E:\2025 King Rail Project\2025 ARU Data Annotated For King Rail Project\NorthLily1 SMA06024\NorthLily1Data20250326to20250707\SMA06024_20250326_193100.wav,27.0,SMA06024_20250326_193100.wav,3.0,American Bittern,amebit,0.2837,0.0,,,,1.0,combined_annotations.csv
4,Spectrogram 1,1,27.0,30.0,0.0,12000.0,E:\2025 King Rail Project\2025 ARU Data Annotated For King Rail Project\NorthLily1 SMA06024\NorthLily1Data20250326to20250707\SMA06024_20250326_193100.wav,27.0,SMA06024_20250326_193100.wav,3.0,Red-winged Blackbird,rewbla,0.1434,1.0,RWBL,multiple,,1.0,combined_annotations.csv
5,Spectrogram 1,1,42.0,45.0,0.0,12000.0,E:\2025 King Rail Project\2025 ARU Data Annotated For King Rail Project\NorthLily1 SMA06024\NorthLily1Data20250326to20250707\SMA06024_20250326_193100.wav,42.0,SMA06024_20250326_193100.wav,3.0,Red-winged Blackbird,rewbla,0.1164,1.0,,,,1.0,combined_annotations.csv
17,Spectrogram 1,1,108.0,111.0,0.0,12000.0,E:\2025 King Rail Project\2025 ARU Data Annotated For King Rail Project\NorthLily1 SMA06024\NorthLily1Data20250326to20250707\SMA06024_20250326_193100.wav,108.0,SMA06024_20250326_193100.wav,3.0,Red-winged Blackbird,rewbla,0.2168,1.0,,,,1.0,combined_annotations.csv
18,Spectrogram 1,1,111.0,114.0,0.0,12000.0,E:\2025 King Rail Project\2025 ARU Data Annotated For King Rail Project\NorthLily1 SMA06024\NorthLily1Data20250326to20250707\SMA06024_20250326_193100.wav,111.0,SMA06024_20250326_193100.wav,3.0,Least Bittern,leabit,0.1342,0.0,,,,1.0,combined_annotations.csv
127,Spectrogram 1,1,1071.0,1074.0,0.0,12000.0,E:\2025 King Rail Project\2025 ARU Data Annotated For King Rail Project\NorthLily1 SMA06024\NorthLily1Data20250326to20250707\SMA06024_20250326_193100.wav,1071.0,SMA06024_20250326_193100.wav,3.0,Red-winged Blackbird,rewbla,0.2091,1.0,,,,1.0,combined_annotations.csv
128,Spectrogram 1,1,1071.0,1074.0,0.0,12000.0,E:\2025 King Rail Project\2025 ARU Data Annotated For King Rail Project\NorthLily1 SMA06024\NorthLily1Data20250326to20250707\SMA06024_20250326_193100.wav,1071.0,SMA06024_20250326_193100.wav,3.0,Marsh Wren,marwre,0.1293,0.0,,,,1.0,combined_annotations.csv
139,Spectrogram 1,1,1194.0,1197.0,0.0,12000.0,E:\2025 King Rail Project\2025 ARU Data Annotated For King Rail Project\NorthLily1 SMA06024\NorthLily1Data20250326to20250707\SMA06024_20250326_193100.wav,1194.0,SMA06024_20250326_193100.wav,3.0,Red-winged Blackbird,rewbla,0.2723,1.0,RWBL,,,1.0,combined_annotations.csv
140,Spectrogram 1,1,1197.0,1200.0,0.0,12000.0,E:\2025 King Rail Project\2025 ARU Data Annotated For King Rail Project\NorthLily1 SMA06024\NorthLily1Data20250326to20250707\SMA06024_20250326_193100.wav,1197.0,SMA06024_20250326_193100.wav,3.0,Red-winged Blackbird,rewbla,0.2083,1.0,RWBL,,,1.0,combined_annotations.csv
141,Spectrogram 1,1,1197.0,1200.0,0.0,12000.0,E:\2025 King Rail Project\2025 ARU Data Annotated For King Rail Project\NorthLily1 SMA06024\NorthLily1Data20250326to20250707\SMA06024_20250326_193100.wav,1197.0,SMA06024_20250326_193100.wav,3.0,Virginia Rail,virrai,0.1001,0.0,,,mall mistaken for grunt?,1.0,combined_annotations.csv
479,Spectrogram 1,1,6693.0,6696.0,0.0,12000.0,E:\2025 King Rail Project\2025 ARU Data Annotated For King Rail Project\NorthLily1 SMA06024\NorthLily1Data20250326to20250707\SMA06024_20250327_193200.wav,693.0,SMA06024_20250327_193200.wav,3.0,Red-winged Blackbird,rewbla,0.1814,1.0,RWBL,multiple,,1.0,combined_annotations.csv
480,Spectrogram 1,1,6696.0,6699.0,0.0,12000.0,E:\2025 King Rail Project\2025 ARU Data Annotated For King Rail Project\NorthLily1 SMA06024\NorthLily1Data20250326to20250707\SMA06024_20250327_193200.wav,696.0,SMA06024_20250327_193200.wav,3.0,American Bittern,amebit,0.1004,0.0,,,,1.0,combined_annotations.csv
581,Spectrogram 1,1,7404.0,7407.0,0.0,12000.0,E:\2025 King Rail Project\2025 ARU Data Annotated For King Rail Project\NorthLily1 SMA06024\NorthLily1Data20250326to20250707\SMA06024_20250327_193200.wav,1404.0,SMA06024_20250327_193200.wav,3.0,Red-winged Blackbird,rewbla,0.5973,1.0,,,,1.0,combined_annotations.csv
1925,Spectrogram 1,1,36426.0,36429.0,0.0,12000.0,E:\2025 King Rail Project\2025 ARU Data Annotated For King Rail Project\NorthLily1 SMA06024\NorthLily1Data20250326to20250707\SMA06024_20250401_193700.wav,426.0,SMA06024_20250401_193700.wav,3.0,Red-winged Blackbird,rewbla,0.1732,1.0,,,,1.0,combined_annotations.csv
1931,Spectrogram 1,1,36531.0,36534.0,0.0,12000.0,E:\2025 King Rail Project\2025 ARU Data Annotated For King Rail Project\NorthLily1 SMA06024\NorthLily1Data20250326to20250707\SMA06024_20250401_193700.wav,531.0,SMA06024_20250401_193700.wav,3.0,Red-winged Blackbird,rewbla,0.1938,1.0,,,,1.0,combined_annotations.csv
1991,Spectrogram 1,1,41319.0,41322.0,0.0,12000.0,E:\2025 King Rail Project\2025 ARU Data Annotated For King Rail Project\NorthLily1 SMA06024\NorthLily1Data20250326to20250707\SMA06024_20250402_065300.wav,1719.0,SMA06024_20250402_065300.wav,3.0,Red-winged Blackbird,rewbla,0.1095,1.0,RWBL,jeer,rain,1.0,combined_annotations.csv
1992,Spectrogram 1,1,41367.0,41370.0,0.0,12000.0,E:\2025 King Rail Project\2025 ARU Data Annotated For King Rail Project\NorthLily1 SMA06024\NorthLily1Data20250326to20250707\SMA06024_20250402_065300.wav,1767.0,SMA06024_20250402_065300.wav,3.0,Red-winged Blackbird,rewbla,0.1175,1.0,RWBL,jeer,,1.0,combined_annotations.csv
2000,Spectrogram 1,1,41547.0,41550.0,0.0,12000.0,E:\2025 King Rail Project\2025 ARU Data Annotated For King Rail Project\NorthLily1 SMA06024\NorthLily1Data20250326to20250707\SMA06024_20250402_065300.wav,1947.0,SMA06024_20250402_065300.wav,3.0,Red-winged Blackbird,rewbla,0.1648,1.0,RWBL,jeer,,1.0,combined_annotations.csv
2047,Spectrogram 1,1,42081.0,42084.0,0.0,12000.0,E:\2025 King Rail Project\2025 ARU Data Annotated For King Rail Project\NorthLily1 SMA06024\NorthLily1Data20250326to20250707\SMA06024_20250402_193800.wav,81.0,SMA06024_20250402_193800.wav,3.0,Common Gallinule,comgal1,0.1569,0.0,,,,1.0,combined_annotations.csv
2048,Spectrogram 1,1,42081.0,42084.0,0.0,12000.0,E:\2025 King Rail Project\2025 ARU Data Annotated For King Rail Project\NorthLily1 SMA06024\NorthLily1Data20250326to20250707\SMA06024_20250402_193800.wav,81.0,SMA06024_20250402_193800.wav,3.0,Red-winged Blackbird,rewbla,0.1068,1.0,RWBL,jenk,,1.0,combined_annotations.csv
2068,Spectrogram 1,1,42165.0,42168.0,0.0,12000.0,E:\2025 King Rail Project\2025 ARU Data Annotated For King Rail Project\NorthLily1 SMA06024\NorthLily1Data20250326to20250707\SMA06024_20250402_193800.wav,165.0,SMA06024_20250402_193800.wav,3.0,Pied-billed Grebe,pibgre,0.2179,1.0,,,,1.0,combined_annotations.csv
2069,Spectrogram 1,1,42165.0,42168.0,0.0,12000.0,E:\2025 King Rail Project\2025 ARU Data Annotated For King Rail Project\NorthLily1 SMA06024\NorthLily1Data20250326to20250707\SMA06024_20250402_193800.wav,165.0,SMA06024_20250402_193800.wav,3.0,Least Bittern,leabit,0.1362,0.0,,,,1.0,combined_annotations.csv
2242,Spectrogram 1,1,42636.0,42639.0,0.0,12000.0,E:\2025 King Rail Project\2025 ARU Data Annotated For King Rail Project\NorthLily1 SMA06024\NorthLily1Data20250326to20250707\SMA06024_20250402_193800.wav,636.0,SMA06024_20250402_193800.wav,3.0,Virginia Rail,virrai,0.6352,0.0,RWBL,,good negative training example,1.0,combined_annotations.csv
2362,Spectrogram 1,1,42936.0,42939.0,0.0,12000.0,E:\2025 King Rail Project\2025 ARU Data Annotated For King Rail Project\NorthLily1 SMA06024\NorthLily1Data20250326to20250707\SMA06024_20250402_193800.wav,936.0,SMA06024_20250402_193800.wav,3.0,Red-winged Blackbird,rewbla,0.6736,1.0,RWBL,jeer,,1.0,combined_annotations.csv
2363,Spectrogram 1,1,42936.0,42939.0,0.0,12000.0,E:\2025 King Rail Project\2025 ARU Data Annotated For King Rail Project\NorthLily1 SMA06024\NorthLily1Data20250326to20250707\SMA06024_20250402_193800.wav,936.0,SMA06024_20250402_193800.wav,3.0,Least Bittern,leabit,0.2421,0.0,,,,1.0,combined_annotations.csv
2802,Spectrogram 1,1,49122.0,49125.0,0.0,12000.0,E:\2025 King Rail Project\2025 ARU Data Annotated For King Rail Project\NorthLily1 SMA06024\NorthLily1Data20250326to20250707\SMA06024_20250403_193900.wav,1122.0,SMA06024_20250403_193900.wav,3.0,Red-winged Blackbird,rewbla,0.7936,1.0,,,,1.0,combined_annotations.csv
4677,Spectrogram 1,1,65721.0,65724.0,0.0,12000.0,E:\2025 King Rail Project\2025 ARU Data Annotated For King Rail Project\NorthLily1 SMA06024\NorthLily1Data20250326to20250707\SMA06024_20250406_064600.wav,2121.0,SMA06024_20250406_064600.wav,3.0,Pied-billed Grebe,pibgre,0.9958,1.0,PBGR,hyena,,1.0,combined_annotations.csv
4678,Spectrogram 1,1,65724.0,65727.0,0.0,12000.0,E:\2025 King Rail Project\2025 ARU Data Annotated For King Rail Project\NorthLily1 SMA06024\NorthLily1Data20250326to20250707\SMA06024_20250406_064600.wav,2124.0,SMA06024_20250406_064600.wav,3.0,Pied-billed Grebe,pibgre,0.9953,1.0,PBGR,,,1.0,combined_annotations.csv
5462,Spectrogram 1,1,73278.0,73281.0,0.0,12000.0,E:\2025 King Rail Project\2025 ARU Data Annotated For King Rail Project\NorthLily1 SMA06024\NorthLily1Data20250326to20250707\SMA06024_20250407_194400.wav,1278.0,SMA06024_20250407_194400.wav,3.0,Red-winged Blackbird,rewbla,0.7671,1.0,,,,1.0,combined_annotations.csv
5989,Spectrogram 1,1,79110.0,79113.0,0.0,12000.0,E:\2025 King Rail Project\2025 ARU Data Annotated For King Rail Project\NorthLily1 SMA06024\NorthLily1Data20250326to20250707\SMA06024_20250408_194500.wav,1110.0,SMA06024_20250408_194500.wav,3.0,Red-winged Blackbird,rewbla,0.4683,1.0,RWBL,conklaree,,1.0,combined_annotations.csv
6000,Spectrogram 1,1,79137.0,79140.0,0.0,12000.0,E:\2025 King Rail Project\2025 ARU Data Annotated For King Rail Project\NorthLily1 SMA06024\NorthLily1Data20250326to20250707\SMA06024_20250408_194500.wav,1137.0,SMA06024_20250408_194500.wav,3.0,Red-winged Blackbird,rewbla,0.6004,1.0,RWBL,conklaree,,1.0,combined_annotations.csv
6001,Spectrogram 1,1,79140.0,79143.0,0.0,12000.0,E:\2025 King Rail Project\2025 ARU Data Annotated For King Rail Project\NorthLily1 SMA06024\NorthLily1Data20250326to20250707\SMA06024_20250408_194500.wav,1140.0,SMA06024_20250408_194500.wav,3.0,Wood Duck,wooduc,0.373,1.0,WODU,,,1.0,combined_annotations.csv
6783,Spectrogram 1,1,90276.0,90279.0,0.0,12000.0,E:\2025 King Rail Project\2025 ARU Data Annotated For King Rail Project\NorthLily1 SMA06024\NorthLily1Data20250326to20250707\SMA06024_20250410_194700.wav,276.0,SMA06024_20250410_194700.wav,3.0,Red-winged Blackbird,rewbla,0.1653,1.0,RWBL,conklaree,,1.0,combined_annotations.csv
12577,Spectrogram 1,1,145590.0,145593.0,0.0,12000.0,E:\2025 King Rail Project\2025 ARU Data Annotated For King Rail Project\NorthLily1 SMA06024\NorthLily1Data20250326to20250707\SMA06024_20250419_195700.wav,1590.0,SMA06024_20250419_195700.wav,3.0,Virginia Rail,virrai,0.132,0.0,,,,1.0,combined_annotations.csv
18669,Spectrogram 1,1,181620.0,181623.0,0.0,12000.0,E:\2025 King Rail Project\2025 ARU Data Annotated For King Rail Project\NorthLily1 SMA06024\NorthLily1Data20250326to20250707\SMA06024_20250425_200300.wav,1620.0,SMA06024_20250425_200300.wav,3.0,King Rail,kinrai4,0.235,0.0,,,,1.0,combined_annotations.csv
18670,Spectrogram 1,1,181620.0,181623.0,0.0,12000.0,E:\2025 King Rail Project\2025 ARU Data Annotated For King Rail Project\NorthLily1 SMA06024\NorthLily1Data20250326to20250707\SMA06024_20250425_200300.wav,1620.0,SMA06024_20250425_200300.wav,3.0,Red-winged Blackbird,rewbla,0.1199,1.0,RWBL,multiple,,1.0,combined_annotations.csv
18671,Spectrogram 1,1,181620.0,181623.0,0.0,12000.0,E:\2025 King Rail Project\2025 ARU Data Annotated For King Rail Project\NorthLily1 SMA06024\NorthLily1Data20250326to20250707\SMA06024_20250425_200300.wav,1620.0,SMA06024_20250425_200300.wav,3.0,American Bittern,amebit,0.1028,0.0,,,,1.0,combined_annotations.csv
20132,Spectrogram 1,1,192951.0,192954.0,0.0,12000.0,E:\2025 King Rail Project\2025 ARU Data Annotated For King Rail Project\NorthLily1 SMA06024\NorthLily1Data20250326to20250707\SMA06024_20250427_200500.wav,951.0,SMA06024_20250427_200500.wav,3.0,Red-winged Blackbird,rewbla,0.536,1.0,RWBL,twitter,,1.0,combined_annotations.csv
20133,Spectrogram 1,1,192951.0,192954.0,0.0,12000.0,E:\2025 King Rail Project\2025 ARU Data Annotated For King Rail Project\NorthLily1 SMA06024\NorthLily1Data20250326to20250707\SMA06024_20250427_200500.wav,951.0,SMA06024_20250427_200500.wav,3.0,Least Bittern,leabit,0.1512,0.0,,,,1.0,combined_annotations.csv
21522,Spectrogram 1,1,202239.0,202242.0,0.0,12000.0,E:\2025 King Rail Project\2025 ARU Data Annotated For King Rail Project\NorthLily1 SMA06024\NorthLily1Data20250326to20250707\SMA06024_20250429_061100.wav,639.0,SMA06024_20250429_061100.wav,3.0,Red-winged Blackbird,rewbla,0.3082,1.0,RWBL,jeer,,1.0,combined_annotations.csv
21523,Spectrogram 1,1,202239.0,202242.0,0.0,12000.0,E:\2025 King Rail Project\2025 ARU Data Annotated For King Rail Project\NorthLily1 SMA06024\NorthLily1Data20250326to20250707\SMA06024_20250429_061100.wav,639.0,SMA06024_20250429_061100.wav,3.0,Least Bittern,leabit,0.1439,0.0,,,,1.0,combined_annotations.csv
23325,Spectrogram 1,1,223698.0,223701.0,0.0,12000.0,E:\2025 King Rail Project\2025 ARU Data Annotated For King Rail Project\NorthLily1 SMA06024\NorthLily1Data20250326to20250707\SMA06024_20250502_201100.wav,1698.0,SMA06024_20250502_201100.wav,3.0,Red-winged Blackbird,rewbla,0.81,1.0,,,"important seg, try to ID UNK if poss",1.0,combined_annotations.csv
27109,Spectrogram 1,1,254220.0,254223.0,0.0,12000.0,E:\2025 King Rail Project\2025 ARU Data Annotated For King Rail Project\NorthLily1 SMA06024\NorthLily1Data20250326to20250707\SMA06024_20250507_201600.wav,2220.0,SMA06024_20250507_201600.wav,3.0,Least Bittern,leabit,0.164,0.0,,,,1.0,combined_annotations.csv
27114,Spectrogram 1,1,254238.0,254241.0,0.0,12000.0,E:\2025 King Rail Project\2025 ARU Data Annotated For King Rail Project\NorthLily1 SMA06024\NorthLily1Data20250326to20250707\SMA06024_20250507_201600.wav,2238.0,SMA06024_20250507_201600.wav,3.0,American Bittern,amebit,0.1568,0.0,,,,1.0,combined_annotations.csv
27115,Spectrogram 1,1,254241.0,254244.0,0.0,12000.0,E:\2025 King Rail Project\2025 ARU Data Annotated For King Rail Project\NorthLily1 SMA06024\NorthLily1Data20250326to20250707\SMA06024_20250507_201600.wav,2241.0,SMA06024_20250507_201600.wav,3.0,King Rail,kinrai4,0.1305,1.0,KIRA,grunt,,1.0,combined_annotations.csv
42036,Spectrogram 1,1,409251.0,409254.0,0.0,12000.0,E:\2025 King Rail Project\2025 ARU Data Annotated For King Rail Project\NorthLily1 SMA06024\NorthLily1Data20250326to20250707\SMA06024_20250602_204000.wav,1251.0,SMA06024_20250602_204000.wav,3.0,Least Bittern,leabit,0.2084,0.0,,,,1.0,combined_annotations.csv
42037,Spectrogram 1,1,409251.0,409254.0,0.0,12000.0,E:\2025 King Rail Project\2025 ARU Data Annotated For King Rail Project\NorthLily1 SMA06024\NorthLily1Data20250326to20250707\SMA06024_20250602_204000.wav,1251.0,SMA06024_20250602_204000.wav,3.0,Red-winged Blackbird,rewbla,0.1035,1.0,RWBL,conklaree,,1.0,combined_annotations.csv
42262,Spectrogram 1,1,410181.0,410184.0,0.0,12000.0,E:\2025 King Rail Project\2025 ARU Data Annotated For King Rail Project\NorthLily1 SMA06024\NorthLily1Data20250326to20250707\SMA06024_20250602_204000.wav,2181.0,SMA06024_20250602_204000.wav,3.0,Virginia Rail,virrai,0.1213,0.0,,,RWBL pink,1.0,combined_annotations.csv
42263,Spectrogram 1,1,410181.0,410184.0,0.0,12000.0,E:\2025 King Rail Project\2025 ARU Data Annotated For King Rail Project\NorthLily1 SMA06024\NorthLily1Data20250326to20250707\SMA06024_20250602_204000.wav,2181.0,SMA06024_20250602_204000.wav,3.0,American Bittern,amebit,0.1154,0.0,,,,1.0,combined_annotations.csv
42430,Spectrogram 1,1,412617.0,412620.0,0.0,12000.0,E:\2025 King Rail Project\2025 ARU Data Annotated For King Rail Project\NorthLily1 SMA06024\NorthLily1Data20250326to20250707\SMA06024_20250603_054000.wav,1017.0,SMA06024_20250603_054000.wav,3.0,American Bittern,amebit,0.321,0.0,,,,1.0,combined_annotations.csv
42431,Spectrogram 1,1,412617.0,412620.0,0.0,12000.0,E:\2025 King Rail Project\2025 ARU Data Annotated For King Rail Project\NorthLily1 SMA06024\NorthLily1Data20250326to20250707\SMA06024_20250603_054000.wav,1017.0,SMA06024_20250603_054000.wav,3.0,Least Bittern,leabit,0.1729,0.0,,,,1.0,combined_annotations.csv
44720,Spectrogram 1,1,446259.0,446262.0,0.0,12000.0,E:\2025 King Rail Project\2025 ARU Data Annotated For King Rail Project\NorthLily1 SMA06024\NorthLily1Data20250326to20250707\SMA06024_20250608_204400.wav,2259.0,SMA06024_20250608_204400.wav,3.0,Sora,sora,0.7524,0.0,,,,1.0,combined_annotations.csv
44721,Spectrogram 1,1,446262.0,446265.0,0.0,12000.0,E:\2025 King Rail Project\2025 ARU Data Annotated For King Rail Project\NorthLily1 SMA06024\NorthLily1Data20250326to20250707\SMA06024_20250608_204400.wav,2262.0,SMA06024_20250608_204400.wav,3.0,Sora,sora,0.1281,0.0,,,,1.0,combined_annotations.csv
45977,Spectrogram 1,1,475077.0,475080.0,0.0,12000.0,E:\2025 King Rail Project\2025 ARU Data Annotated For King Rail Project\NorthLily1 SMA06024\NorthLily1Data20250326to20250707\SMA06024_20250613_204700.wav,1077.0,SMA06024_20250613_204700.wav,3.0,Least Bittern,leabit,0.1124,0.0,,,rain,1.0,combined_annotations.csv
46007,Spectrogram 1,1,478995.0,478998.0,0.0,12000.0,E:\2025 King Rail Project\2025 ARU Data Annotated For King Rail Project\NorthLily1 SMA06024\NorthLily1Data20250326to20250707\SMA06024_20250614_053800.wav,1395.0,SMA06024_20250614_053800.wav,3.0,Red-winged Blackbird,rewbla,0.308,1.0,RWBL,conklaree,loud rain,1.0,combined_annotations.csv
46620,Spectrogram 1,1,486471.0,486474.0,0.0,12000.0,E:\2025 King Rail Project\2025 ARU Data Annotated For King Rail Project\NorthLily1 SMA06024\NorthLily1Data20250326to20250707\SMA06024_20250615_204700.wav,471.0,SMA06024_20250615_204700.wav,3.0,King Rail,kinrai4,0.2436,1.0,KIRA,kek,KIRA kek + RWBL check,1.0,combined_annotations.csv
46627,Spectrogram 1,1,486525.0,486528.0,0.0,12000.0,E:\2025 King Rail Project\2025 ARU Data Annotated For King Rail Project\NorthLily1 SMA06024\NorthLily1Data20250326to20250707\SMA06024_20250615_204700.wav,525.0,SMA06024_20250615_204700.wav,3.0,Virginia Rail,virrai,0.464,0.0,,,RWBL pink?,1.0,combined_annotations.csv
46772,Spectrogram 1,1,487605.0,487608.0,0.0,12000.0,E:\2025 King Rail Project\2025 ARU Data Annotated For King Rail Project\NorthLily1 SMA06024\NorthLily1Data20250326to20250707\SMA06024_20250615_204700.wav,1605.0,SMA06024_20250615_204700.wav,3.0,Red-winged Blackbird,rewbla,0.1517,1.0,,,,1.0,combined_annotations.csv
47212,Spectrogram 1,1,493626.0,493629.0,0.0,12000.0,E:\2025 King Rail Project\2025 ARU Data Annotated For King Rail Project\NorthLily1 SMA06024\NorthLily1Data20250326to20250707\SMA06024_20250616_204800.wav,1626.0,SMA06024_20250616_204800.wav,3.0,Red-winged Blackbird,rewbla,0.4089,1.0,RWBL,conklaree,,1.0,combined_annotations.csv
47214,Spectrogram 1,1,493647.0,493650.0,0.0,12000.0,E:\2025 King Rail Project\2025 ARU Data Annotated For King Rail Project\NorthLily1 SMA06024\NorthLily1Data20250326to20250707\SMA06024_20250616_204800.wav,1647.0,SMA06024_20250616_204800.wav,3.0,Red-winged Blackbird,rewbla,0.4753,1.0,RWBL,conklaree,,1.0,combined_annotations.csv
47216,Spectrogram 1,1,493698.0,493701.0,0.0,12000.0,E:\2025 King Rail Project\2025 ARU Data Annotated For King Rail Project\NorthLily1 SMA06024\NorthLily1Data20250326to20250707\SMA06024_20250616_204800.wav,1698.0,SMA06024_20250616_204800.wav,3.0,King Rail,kinrai4,0.3889,1.0,KIRA,kek,,1.0,combined_annotations.csv
47217,Spectrogram 1,1,493701.0,493704.0,0.0,12000.0,E:\2025 King Rail Project\2025 ARU Data Annotated For King Rail Project\NorthLily1 SMA06024\NorthLily1Data20250326to20250707\SMA06024_20250616_204800.wav,1701.0,SMA06024_20250616_204800.wav,3.0,King Rail,kinrai4,0.5984,1.0,KIRA,kek,,1.0,combined_annotations.csv
47218,Spectrogram 1,1,493701.0,493704.0,0.0,12000.0,E:\2025 King Rail Project\2025 ARU Data Annotated For King Rail Project\NorthLily1 SMA06024\NorthLily1Data20250326to20250707\SMA06024_20250616_204800.wav,1701.0,SMA06024_20250616_204800.wav,3.0,Virginia Rail,virrai,0.1572,0.0,,,,1.0,combined_annotations.csv
47223,Spectrogram 1,1,493836.0,493839.0,0.0,12000.0,E:\2025 King Rail Project\2025 ARU Data Annotated For King Rail Project\NorthLily1 SMA06024\NorthLily1Data20250326to20250707\SMA06024_20250616_204800.wav,1836.0,SMA06024_20250616_204800.wav,3.0,King Rail,kinrai4,0.1335,1.0,KIRA,kek,,1.0,combined_annotations.csv
47225,Spectrogram 1,1,493848.0,493851.0,0.0,12000.0,E:\2025 King Rail Project\2025 ARU Data Annotated For King Rail Project\NorthLily1 SMA06024\NorthLily1Data20250326to20250707\SMA06024_20250616_204800.wav,1848.0,SMA06024_20250616_204800.wav,3.0,King Rail,kinrai4,0.1123,1.0,KIRA,kek,,1.0,combined_annotations.csv
47226,Spectrogram 1,1,493854.0,493857.0,0.0,12000.0,E:\2025 King Rail Project\2025 ARU Data Annotated For King Rail Project\NorthLily1 SMA06024\NorthLily1Data20250326to20250707\SMA06024_20250616_204800.wav,1854.0,SMA06024_20250616_204800.wav,3.0,King Rail,kinrai4,0.2427,1.0,KIRA,kek,,1.0,combined_annotations.csv
47227,Spectrogram 1,1,493854.0,493857.0,0.0,12000.0,E:\2025 King Rail Project\2025 ARU Data Annotated For King Rail Project\NorthLily1 SMA06024\NorthLily1Data20250326to20250707\SMA06024_20250616_204800.wav,1854.0,SMA06024_20250616_204800.wav,3.0,Virginia Rail,virrai,0.1352,0.0,,,unsure about sparrow chips,1.0,combined_annotations.csv
47233,Spectrogram 1,1,493872.0,493875.0,0.0,12000.0,E:\2025 King Rail Project\2025 ARU Data Annotated For King Rail Project\NorthLily1 SMA06024\NorthLily1Data20250326to20250707\SMA06024_20250616_204800.wav,1872.0,SMA06024_20250616_204800.wav,3.0,King Rail,kinrai4,0.4094,1.0,KIRA,kek,,1.0,combined_annotations.csv
47234,Spectrogram 1,1,493875.0,493878.0,0.0,12000.0,E:\2025 King Rail Project\2025 ARU Data Annotated For King Rail Project\NorthLily1 SMA06024\NorthLily1Data20250326to20250707\SMA06024_20250616_204800.wav,1875.0,SMA06024_20250616_204800.wav,3.0,King Rail,kinrai4,0.847,1.0,KIRA,kek,,1.0,combined_annotations.csv
47247,Spectrogram 1,1,494034.0,494037.0,0.0,12000.0,E:\2025 King Rail Project\2025 ARU Data Annotated For King Rail Project\NorthLily1 SMA06024\NorthLily1Data20250326to20250707\SMA06024_20250616_204800.wav,2034.0,SMA06024_20250616_204800.wav,3.0,King Rail,kinrai4,0.2227,1.0,KIRA,kek,,1.0,combined_annotations.csv
47249,Spectrogram 1,1,494400.0,494403.0,0.0,12000.0,E:\2025 King Rail Project\2025 ARU Data Annotated For King Rail Project\NorthLily1 SMA06024\NorthLily1Data20250326to20250707\SMA06024_20250617_040000.wav,0.0,SMA06024_20250617_040000.wav,3.0,King Rail,kinrai4,0.8214,1.0,KIRA,kek,,1.0,combined_annotations.csv
47250,Spectrogram 1,1,494400.0,494403.0,0.0,12000.0,E:\2025 King Rail Project\2025 ARU Data Annotated For King Rail Project\NorthLily1 SMA06024\NorthLily1Data20250326to20250707\SMA06024_20250617_040000.wav,0.0,SMA06024_20250617_040000.wav,3.0,Virginia Rail,virrai,0.1351,0.0,,,,1.0,combined_annotations.csv
47257,Spectrogram 1,1,494430.0,494433.0,0.0,12000.0,E:\2025 King Rail Project\2025 ARU Data Annotated For King Rail Project\NorthLily1 SMA06024\NorthLily1Data20250326to20250707\SMA06024_20250617_040000.wav,30.0,SMA06024_20250617_040000.wav,3.0,Virginia Rail,virrai,0.1386,0.0,,,,1.0,combined_annotations.csv
47258,Spectrogram 1,1,494433.0,494436.0,0.0,12000.0,E:\2025 King Rail Project\2025 ARU Data Annotated For King Rail Project\NorthLily1 SMA06024\NorthLily1Data20250326to20250707\SMA06024_20250617_040000.wav,33.0,SMA06024_20250617_040000.wav,3.0,King Rail,kinrai4,0.6496,1.0,KIRA,kek,,1.0,combined_annotations.csv
47261,Spectrogram 1,1,494448.0,494451.0,0.0,12000.0,E:\2025 King Rail Project\2025 ARU Data Annotated For King Rail Project\NorthLily1 SMA06024\NorthLily1Data20250326to20250707\SMA06024_20250617_040000.wav,48.0,SMA06024_20250617_040000.wav,3.0,King Rail,kinrai4,0.5489,1.0,KIRA,kek,,1.0,combined_annotations.csv
47262,Spectrogram 1,1,494457.0,494460.0,0.0,12000.0,E:\2025 King Rail Project\2025 ARU Data Annotated For King Rail Project\NorthLily1 SMA06024\NorthLily1Data20250326to20250707\SMA06024_20250617_040000.wav,57.0,SMA06024_20250617_040000.wav,3.0,King Rail,kinrai4,0.5121,1.0,KIRA,kek,,1.0,combined_annotations.csv
47263,Spectrogram 1,1,494460.0,494463.0,0.0,12000.0,E:\2025 King Rail Project\2025 ARU Data Annotated For King Rail Project\NorthLily1 SMA06024\NorthLily1Data20250326to20250707\SMA06024_20250617_040000.wav,60.0,SMA06024_20250617_040000.wav,3.0,King Rail,kinrai4,0.6533,1.0,KIRA,kek,,1.0,combined_annotations.csv
47270,Spectrogram 1,1,494484.0,494487.0,0.0,12000.0,E:\2025 King Rail Project\2025 ARU Data Annotated For King Rail Project\NorthLily1 SMA06024\NorthLily1Data20250326to20250707\SMA06024_20250617_040000.wav,84.0,SMA06024_20250617_040000.wav,3.0,King Rail,kinrai4,0.6635,1.0,KIRA,kek,,1.0,combined_annotations.csv
47271,Spectrogram 1,1,494487.0,494490.0,0.0,12000.0,E:\2025 King Rail Project\2025 ARU Data Annotated For King Rail Project\NorthLily1 SMA06024\NorthLily1Data20250326to20250707\SMA06024_20250617_040000.wav,87.0,SMA06024_20250617_040000.wav,3.0,King Rail,kinrai4,0.9106,1.0,KIRA,kek,,1.0,combined_annotations.csv
47284,Spectrogram 1,1,494538.0,494541.0,0.0,12000.0,E:\2025 King Rail Project\2025 ARU Data Annotated For King Rail Project\NorthLily1 SMA06024\NorthLily1Data20250326to20250707\SMA06024_20250617_040000.wav,138.0,SMA06024_20250617_040000.wav,3.0,King Rail,kinrai4,0.2277,1.0,KIRA,kek,,1.0,combined_annotations.csv
47285,Spectrogram 1,1,494541.0,494544.0,0.0,12000.0,E:\2025 King Rail Project\2025 ARU Data Annotated For King Rail Project\NorthLily1 SMA06024\NorthLily1Data20250326to20250707\SMA06024_20250617_040000.wav,141.0,SMA06024_20250617_040000.wav,3.0,King Rail,kinrai4,0.73,1.0,KIRA,kek,,1.0,combined_annotations.csv
47300,Spectrogram 1,1,494616.0,494619.0,0.0,12000.0,E:\2025 King Rail Project\2025 ARU Data Annotated For King Rail Project\NorthLily1 SMA06024\NorthLily1Data20250326to20250707\SMA06024_20250617_040000.wav,216.0,SMA06024_20250617_040000.wav,3.0,King Rail,kinrai4,0.4331,1.0,KIRA,kek,,1.0,combined_annotations.csv
47301,Spectrogram 1,1,494619.0,494622.0,0.0,12000.0,E:\2025 King Rail Project\2025 ARU Data Annotated For King Rail Project\NorthLily1 SMA06024\NorthLily1Data20250326to20250707\SMA06024_20250617_040000.wav,219.0,SMA06024_20250617_040000.wav,3.0,King Rail,kinrai4,0.8153,1.0,KIRA,kek,,1.0,combined_annotations.csv
47313,Spectrogram 1,1,494667.0,494670.0,0.0,12000.0,E:\2025 King Rail Project\2025 ARU Data Annotated For King Rail Project\NorthLily1 SMA06024\NorthLily1Data20250326to20250707\SMA06024_20250617_040000.wav,267.0,SMA06024_20250617_040000.wav,3.0,King Rail,kinrai4,0.2145,1.0,,,,1.0,combined_annotations.csv
47317,Spectrogram 1,1,494688.0,494691.0,0.0,12000.0,E:\2025 King Rail Project\2025 ARU Data Annotated For King Rail Project\NorthLily1 SMA06024\NorthLily1Data20250326to20250707\SMA06024_20250617_040000.wav,288.0,SMA06024_20250617_040000.wav,3.0,King Rail,kinrai4,0.2557,1.0,KIRA,kek,,1.0,combined_annotations.csv
47361,Spectrogram 1,1,494841.0,494844.0,0.0,12000.0,E:\2025 King Rail Project\2025 ARU Data Annotated For King Rail Project\NorthLily1 SMA06024\NorthLily1Data20250326to20250707\SMA06024_20250617_040000.wav,441.0,SMA06024_20250617_040000.wav,3.0,King Rail,kinrai4,0.3335,1.0,KIRA,kek,,1.0,combined_annotations.csv
47420,Spectrogram 1,1,495048.0,495051.0,0.0,12000.0,E:\2025 King Rail Project\2025 ARU Data Annotated For King Rail Project\NorthLily1 SMA06024\NorthLily1Data20250326to20250707\SMA06024_20250617_040000.wav,648.0,SMA06024_20250617_040000.wav,3.0,King Rail,kinrai4,0.1245,1.0,KIRA,kek,,1.0,combined_annotations.csv
47421,Spectrogram 1,1,495051.0,495054.0,0.0,12000.0,E:\2025 King Rail Project\2025 ARU Data Annotated For King Rail Project\NorthLily1 SMA06024\NorthLily1Data20250326to20250707\SMA06024_20250617_040000.wav,651.0,SMA06024_20250617_040000.wav,3.0,King Rail,kinrai4,0.3559,1.0,KIRA,kek,,1.0,combined_annotations.csv
47422,Spectrogram 1,1,495051.0,495054.0,0.0,12000.0,E:\2025 King Rail Project\2025 ARU Data Annotated For King Rail Project\NorthLily1 SMA06024\NorthLily1Data20250326to20250707\SMA06024_20250617_040000.wav,651.0,SMA06024_20250617_040000.wav,3.0,Virginia Rail,virrai,0.157,0.0,,,,1.0,combined_annotations.csv
47423,Spectrogram 1,1,495054.0,495057.0,0.0,12000.0,E:\2025 King Rail Project\2025 ARU Data Annotated For King Rail Project\NorthLily1 SMA06024\NorthLily1Data20250326to20250707\SMA06024_20250617_040000.wav,654.0,SMA06024_20250617_040000.wav,3.0,King Rail,kinrai4,0.7858,1.0,KIRA,kek,,1.0,combined_annotations.csv
47424,Spectrogram 1,1,495057.0,495060.0,0.0,12000.0,E:\2025 King Rail Project\2025 ARU Data Annotated For King Rail Project\NorthLily1 SMA06024\NorthLily1Data20250326to20250707\SMA06024_20250617_040000.wav,657.0,SMA06024_20250617_040000.wav,3.0,Virginia Rail,virrai,0.2274,0.0,,,,1.0,combined_annotations.csv
47425,Spectrogram 1,1,495057.0,495060.0,0.0,12000.0,E:\2025 King Rail Project\2025 ARU Data Annotated For King Rail Project\NorthLily1 SMA06024\NorthLily1Data20250326to20250707\SMA06024_20250617_040000.wav,657.0,SMA06024_20250617_040000.wav,3.0,King Rail,kinrai4,0.1268,1.0,KIRA,kek,,1.0,combined_annotations.csv
47426,Spectrogram 1,1,495066.0,495069.0,0.0,12000.0,E:\2025 King Rail Project\2025 ARU Data Annotated For King Rail Project\NorthLily1 SMA06024\NorthLily1Data20250326to20250707\SMA06024_20250617_040000.wav,666.0,SMA06024_20250617_040000.wav,3.0,King Rail,kinrai4,0.9077,1.0,KIRA,kek,,1.0,combined_annotations.csv
47431,Spectrogram 1,1,495093.0,495096.0,0.0,12000.0,E:\2025 King Rail Project\2025 ARU Data Annotated For King Rail Project\NorthLily1 SMA06024\NorthLily1Data20250326to20250707\SMA06024_20250617_040000.wav,693.0,SMA06024_20250617_040000.wav,3.0,King Rail,kinrai4,0.794,1.0,KIRA,kek,rain,1.0,combined_annotations.csv
47458,Spectrogram 1,1,495222.0,495225.0,0.0,12000.0,E:\2025 King Rail Project\2025 ARU Data Annotated For King Rail Project\NorthLily1 SMA06024\NorthLily1Data20250326to20250707\SMA06024_20250617_040000.wav,822.0,SMA06024_20250617_040000.wav,3.0,Virginia Rail,virrai,0.1554,1.0,KIRA,kek,rain,1.0,combined_annotations.csv
47481,Spectrogram 1,1,495399.0,495402.0,0.0,12000.0,E:\2025 King Rail Project\2025 ARU Data Annotated For King Rail Project\NorthLily1 SMA06024\NorthLily1Data20250326to20250707\SMA06024_20250617_040000.wav,999.0,SMA06024_20250617_040000.wav,3.0,Virginia Rail,virrai,0.3591,0.0,,,,1.0,combined_annotations.csv
47482,Spectrogram 1,1,495399.0,495402.0,0.0,12000.0,E:\2025 King Rail Project\2025 ARU Data Annotated For King Rail Project\NorthLily1 SMA06024\NorthLily1Data20250326to20250707\SMA06024_20250617_040000.wav,999.0,SMA06024_20250617_040000.wav,3.0,King Rail,kinrai4,0.3074,1.0,KIRA,kek,,1.0,combined_annotations.csv
47484,Spectrogram 1,1,495414.0,495417.0,0.0,12000.0,E:\2025 King Rail Project\2025 ARU Data Annotated For King Rail Project\NorthLily1 SMA06024\NorthLily1Data20250326to20250707\SMA06024_20250617_040000.wav,1014.0,SMA06024_20250617_040000.wav,3.0,King Rail,kinrai4,0.4831,1.0,,,likely yes,1.0,combined_annotations.csv
47485,Spectrogram 1,1,495420.0,495423.0,0.0,12000.0,E:\2025 King Rail Project\2025 ARU Data Annotated For King Rail Project\NorthLily1 SMA06024\NorthLily1Data20250326to20250707\SMA06024_20250617_040000.wav,1020.0,SMA06024_20250617_040000.wav,3.0,King Rail,kinrai4,0.6994,1.0,KIRA,kek,,1.0,combined_annotations.csv
48376,Spectrogram 1,1,516033.0,516036.0,0.0,12000.0,E:\2025 King Rail Project\2025 ARU Data Annotated For King Rail Project\NorthLily1 SMA06024\NorthLily1Data20250326to20250707\SMA06024_20250620_204900.wav,33.0,SMA06024_20250620_204900.wav,3.0,King Rail,kinrai4,0.1435,0.0,,,,1.0,combined_annotations.csv
50903,Spectrogram 1,1,582090.0,582093.0,0.0,12000.0,E:\2025 King Rail Project\2025 ARU Data Annotated For King Rail Project\NorthLily1 SMA06024\NorthLily1Data20250326to20250707\SMA06024_20250701_205000.wav,90.0,SMA06024_20250701_205000.wav,3.0,Virginia Rail,virrai,0.7309,0.0,,,RWBL pink,1.0,combined_annotations.csv
50904,Spectrogram 1,1,582102.0,582105.0,0.0,12000.0,E:\2025 King Rail Project\2025 ARU Data Annotated For King Rail Project\NorthLily1 SMA06024\NorthLily1Data20250326to20250707\SMA06024_20250701_205000.wav,102.0,SMA06024_20250701_205000.wav,3.0,Virginia Rail,virrai,0.7336,0.0,,,RWBL pink,1.0,combined_annotations.csv
51724,Spectrogram 1,1,594684.0,594687.0,0.0,12000.0,E:\2025 King Rail Project\2025 ARU Data Annotated For King Rail Project\NorthLily1 SMA06024\NorthLily1Data20250326to20250707\SMA06024_20250703_204900.wav,684.0,SMA06024_20250703_204900.wav,3.0,King Rail,kinrai4,0.2926,0.0,,,RWBL,1.0,combined_annotations.csv
51752,Spectrogram 1,1,595125.0,595128.0,0.0,12000.0,E:\2025 King Rail Project\2025 ARU Data Annotated For King Rail Project\NorthLily1 SMA06024\NorthLily1Data20250326to20250707\SMA06024_20250703_204900.wav,1125.0,SMA06024_20250703_204900.wav,3.0,King Rail,kinrai4,0.1177,0.0,,,,1.0,combined_annotations.csv
51753,Spectrogram 1,1,595125.0,595128.0,0.0,12000.0,E:\2025 King Rail Project\2025 ARU Data Annotated For King Rail Project\NorthLily1 SMA06024\NorthLily1Data20250326to20250707\SMA06024_20250703_204900.wav,1125.0,SMA06024_20250703_204900.wav,3.0,Marsh Wren,marwre,0.1065,1.0,,,,1.0,combined_annotations.csv
52440,Spectrogram 1,1,610398.0,610401.0,0.0,12000.0,E:\2025 King Rail Project\2025 ARU Data Annotated For King Rail Project\NorthLily1 SMA06024\NorthLily1Data20250326to20250707\SMA06024_20250706_054500.wav,798.0,SMA06024_20250706_054500.wav,3.0,Sora,sora,0.7473,0.0,,,Bald Eagle,1.0,combined_annotations.csv
52441,Spectrogram 1,1,610398.0,610401.0,0.0,12000.0,E:\2025 King Rail Project\2025 ARU Data Annotated For King Rail Project\NorthLily1 SMA06024\NorthLily1Data20250326to20250707\SMA06024_20250706_054500.wav,798.0,SMA06024_20250706_054500.wav,3.0,Virginia Rail,virrai,0.2003,0.0,,,,1.0,combined_annotations.csv
52492,Spectrogram 1,1,617136.0,617139.0,0.0,12000.0,E:\2025 King Rail Project\2025 ARU Data Annotated For King Rail Project\NorthLily1 SMA06024\NorthLily1Data20250326to20250707\SMA06024_20250707_054600.wav,1536.0,SMA06024_20250707_054600.wav,3.0,Red-winged Blackbird,rewbla,0.1464,1.0,,,,1.0,combined_annotations.csv
52493,Spectrogram 1,1,617136.0,617139.0,0.0,12000.0,E:\2025 King Rail Project\2025 ARU Data Annotated For King Rail Project\NorthLily1 SMA06024\NorthLily1Data20250326to20250707\SMA06024_20250707_054600.wav,1536.0,SMA06024_20250707_054600.wav,3.0,Least Bittern,leabit,0.1016,0.0,,,,1.0,combined_annotations.csv
27,Spectrogram 1,1,63.0,66.0,0.0,12000.0,D:\2025 King Rail Project\2025 ARU Data Annotated For King Rail Project\SpringValley 2MA04668\SpringValleyData20250414to20250702\2MA04668_20250414_195300.wav,63.0,2MA04668_20250414_195300.wav,3.0,Virginia Rail,virrai,0.4641,0.0,RWBL,,check for RWBL?,1.0,combined_annotations.csv
28,Spectrogram 1,1,63.0,66.0,0.0,12000.0,D:\2025 King Rail Project\2025 ARU Data Annotated For King Rail Project\SpringValley 2MA04668\SpringValleyData20250414to20250702\2MA04668_20250414_195300.wav,63.0,2MA04668_20250414_195300.wav,3.0,American Bittern,amebit,0.2158,0.0,,,,1.0,combined_annotations.csv
81,Spectrogram 1,1,183.0,186.0,0.0,12000.0,D:\2025 King Rail Project\2025 ARU Data Annotated For King Rail Project\SpringValley 2MA04668\SpringValleyData20250414to20250702\2MA04668_20250414_195300.wav,183.0,2MA04668_20250414_195300.wav,3.0,Virginia Rail,virrai,0.7587,0.0,RWBL,,"verify RWBL pink, jenk",1.0,combined_annotations.csv
338,Spectrogram 1,1,804.0,807.0,0.0,12000.0,D:\2025 King Rail Project\2025 ARU Data Annotated For King Rail Project\SpringValley 2MA04668\SpringValleyData20250414to20250702\2MA04668_20250414_195300.wav,804.0,2MA04668_20250414_195300.wav,3.0,American Bittern,amebit,0.8863,0.0,,,,1.0,combined_annotations.csv
339,Spectrogram 1,1,804.0,807.0,0.0,12000.0,D:\2025 King Rail Project\2025 ARU Data Annotated For King Rail Project\SpringValley 2MA04668\SpringValleyData20250414to20250702\2MA04668_20250414_195300.wav,804.0,2MA04668_20250414_195300.wav,3.0,Red-winged Blackbird,rewbla,0.1184,1.0,,,,1.0,combined_annotations.csv
342,Spectrogram 1,1,810.0,813.0,0.0,12000.0,D:\2025 King Rail Project\2025 ARU Data Annotated For King Rail Project\SpringValley 2MA04668\SpringValleyData20250414to20250702\2MA04668_20250414_195300.wav,810.0,2MA04668_20250414_195300.wav,3.0,Sora,sora,0.2203,0.0,,,,1.0,combined_annotations.csv
341,Spectrogram 1,1,810.0,813.0,0.0,12000.0,D:\2025 King Rail Project\2025 ARU Data Annotated For King Rail Project\SpringValley 2MA04668\SpringValleyData20250414to20250702\2MA04668_20250414_195300.wav,810.0,2MA04668_20250414_195300.wav,3.0,American Bittern,amebit,0.465,0.0,,,,1.0,combined_annotations.csv
343,Spectrogram 1,1,810.0,813.0,0.0,12000.0,D:\2025 King Rail Project\2025 ARU Data Annotated For King Rail Project\SpringValley 2MA04668\SpringValleyData20250414to20250702\2MA04668_20250414_195300.wav,810.0,2MA04668_20250414_195300.wav,3.0,Red-winged Blackbird,rewbla,0.1063,1.0,,,,1.0,combined_annotations.csv
1408,Spectrogram 1,1,6054.0,6057.0,0.0,12000.0,D:\2025 King Rail Project\2025 ARU Data Annotated For King Rail Project\SpringValley 2MA04668\SpringValleyData20250414to20250702\2MA04668_20250415_195400.wav,54.0,2MA04668_20250415_195400.wav,3.0,Red-winged Blackbird,rewbla,0.7285,1.0,RWBL,,,1.0,combined_annotations.csv
5250,Spectrogram 1,1,27295.0,27298.0,0.0,12000.0,D:\2025 King Rail Project\2025 ARU Data Annotated For King Rail Project\SpringValley 2MA04668\SpringValleyData20250414to20250702\2MA04668_20250509_060800.wav,2115.0,2MA04668_20250509_060800.wav,3.0,Least Bittern,leabit,0.1269,0.0,,,,1.0,combined_annotations.csv
5249,Spectrogram 1,1,27295.0,27298.0,0.0,12000.0,D:\2025 King Rail Project\2025 ARU Data Annotated For King Rail Project\SpringValley 2MA04668\SpringValleyData20250414to20250702\2MA04668_20250509_060800.wav,2115.0,2MA04668_20250509_060800.wav,3.0,Red-winged Blackbird,rewbla,0.5798,1.0,RWBL,check,,1.0,combined_annotations.csv
10369,Spectrogram 1,1,64993.0,64996.0,0.0,12000.0,D:\2025 King Rail Project\2025 ARU Data Annotated For King Rail Project\SpringValley 2MA04668\SpringValleyData20250414to20250702\2MA04668_20250515_202300.wav,1413.0,2MA04668_20250515_202300.wav,3.0,King Rail,kinrai4,0.3426,0.0,RWBL,check,"rain, RWBL check and conklaree",1.0,combined_annotations.csv
10371,Spectrogram 1,1,64993.0,64996.0,0.0,12000.0,D:\2025 King Rail Project\2025 ARU Data Annotated For King Rail Project\SpringValley 2MA04668\SpringValleyData20250414to20250702\2MA04668_20250515_202300.wav,1413.0,2MA04668_20250515_202300.wav,3.0,Red-winged Blackbird,rewbla,0.2251,1.0,RWBL,check,"rain, RWBL check and conklaree",1.0,combined_annotations.csv
10372,Spectrogram 1,1,64993.0,64996.0,0.0,12000.0,D:\2025 King Rail Project\2025 ARU Data Annotated For King Rail Project\SpringValley 2MA04668\SpringValleyData20250414to20250702\2MA04668_20250515_202300.wav,1413.0,2MA04668_20250515_202300.wav,3.0,Least Bittern,leabit,0.1062,0.0,,,,1.0,combined_annotations.csv
10370,Spectrogram 1,1,64993.0,64996.0,0.0,12000.0,D:\2025 King Rail Project\2025 ARU Data Annotated For King Rail Project\SpringValley 2MA04668\SpringValleyData20250414to20250702\2MA04668_20250515_202300.wav,1413.0,2MA04668_20250515_202300.wav,3.0,Virginia Rail,virrai,0.2526,0.0,,,,1.0,combined_annotations.csv
11124,Spectrogram 1,1,75664.0,75667.0,0.0,12000.0,D:\2025 King Rail Project\2025 ARU Data Annotated For King Rail Project\SpringValley 2MA04668\SpringValleyData20250414to20250702\2MA04668_20250517_202500.wav,84.0,2MA04668_20250517_202500.wav,3.0,King Rail,kinrai4,0.5029,0.0,RWBL,check,"rain, RWBL checks",1.0,combined_annotations.csv
11125,Spectrogram 1,1,75664.0,75667.0,0.0,12000.0,D:\2025 King Rail Project\2025 ARU Data Annotated For King Rail Project\SpringValley 2MA04668\SpringValleyData20250414to20250702\2MA04668_20250517_202500.wav,84.0,2MA04668_20250517_202500.wav,3.0,Red-winged Blackbird,rewbla,0.1501,1.0,RWBL,check,,1.0,combined_annotations.csv
11126,Spectrogram 1,1,75664.0,75667.0,0.0,12000.0,D:\2025 King Rail Project\2025 ARU Data Annotated For King Rail Project\SpringValley 2MA04668\SpringValleyData20250414to20250702\2MA04668_20250517_202500.wav,84.0,2MA04668_20250517_202500.wav,3.0,Virginia Rail,virrai,0.1218,0.0,,,,1.0,combined_annotations.csv
12536,Spectrogram 1,1,89386.0,89389.0,0.0,12000.0,D:\2025 King Rail Project\2025 ARU Data Annotated For King Rail Project\SpringValley 2MA04668\SpringValleyData20250414to20250702\2MA04668_20250519_202700.wav,1806.0,2MA04668_20250519_202700.wav,3.0,Red-winged Blackbird,rewbla,0.2042,1.0,RWBL,,,1.0,combined_annotations.csv
12540,Spectrogram 1,1,89473.0,89476.0,0.0,12000.0,D:\2025 King Rail Project\2025 ARU Data Annotated For King Rail Project\SpringValley 2MA04668\SpringValleyData20250414to20250702\2MA04668_20250519_202700.wav,1893.0,2MA04668_20250519_202700.wav,3.0,Red-winged Blackbird,rewbla,0.1443,1.0,,,,1.0,combined_annotations.csv
12600,Spectrogram 1,1,91135.0,91138.0,0.0,12000.0,D:\2025 King Rail Project\2025 ARU Data Annotated For King Rail Project\SpringValley 2MA04668\SpringValleyData20250414to20250702\2MA04668_20250520_040000.wav,1155.0,2MA04668_20250520_040000.wav,3.0,King Rail,kinrai4,0.18,0.0,,,,1.0,combined_annotations.csv
13453,Spectrogram 1,1,95860.0,95863.0,0.0,12000.0,D:\2025 King Rail Project\2025 ARU Data Annotated For King Rail Project\SpringValley 2MA04668\SpringValleyData20250414to20250702\2MA04668_20250520_202800.wav,2280.0,2MA04668_20250520_202800.wav,3.0,King Rail,kinrai4,0.4171,0.0,RWBL,check,faint checks,1.0,combined_annotations.csv
13454,Spectrogram 1,1,95860.0,95863.0,0.0,12000.0,D:\2025 King Rail Project\2025 ARU Data Annotated For King Rail Project\SpringValley 2MA04668\SpringValleyData20250414to20250702\2MA04668_20250520_202800.wav,2280.0,2MA04668_20250520_202800.wav,3.0,Least Bittern,leabit,0.2099,0.0,,,,1.0,combined_annotations.csv
13455,Spectrogram 1,1,95860.0,95863.0,0.0,12000.0,D:\2025 King Rail Project\2025 ARU Data Annotated For King Rail Project\SpringValley 2MA04668\SpringValleyData20250414to20250702\2MA04668_20250520_202800.wav,2280.0,2MA04668_20250520_202800.wav,3.0,Virginia Rail,virrai,0.1196,0.0,,,,1.0,combined_annotations.csv
14375,Spectrogram 1,1,106306.0,106309.0,0.0,12000.0,D:\2025 King Rail Project\2025 ARU Data Annotated For King Rail Project\SpringValley 2MA04668\SpringValleyData20250414to20250702\2MA04668_20250522_203000.wav,726.0,2MA04668_20250522_203000.wav,3.0,Red-winged Blackbird,rewbla,0.6843,1.0,RWBL,jeer,"RWBL jeer, check",1.0,combined_annotations.csv
14747,Spectrogram 1,1,110545.0,110548.0,0.0,12000.0,D:\2025 King Rail Project\2025 ARU Data Annotated For King Rail Project\SpringValley 2MA04668\SpringValleyData20250414to20250702\2MA04668_20250523_055500.wav,1365.0,2MA04668_20250523_055500.wav,3.0,King Rail,kinrai4,0.8243,0.0,RWBL,check,many RWBL checks,1.0,combined_annotations.csv
14748,Spectrogram 1,1,110545.0,110548.0,0.0,12000.0,D:\2025 King Rail Project\2025 ARU Data Annotated For King Rail Project\SpringValley 2MA04668\SpringValleyData20250414to20250702\2MA04668_20250523_055500.wav,1365.0,2MA04668_20250523_055500.wav,3.0,Virginia Rail,virrai,0.1276,0.0,,,,1.0,combined_annotations.csv
17452,Spectrogram 1,1,132904.0,132907.0,0.0,12000.0,D:\2025 King Rail Project\2025 ARU Data Annotated For King Rail Project\SpringValley 2MA04668\SpringValleyData20250414to20250702\2MA04668_20250527_040000.wav,924.0,2MA04668_20250527_040000.wav,3.0,King Rail,kinrai4,0.2701,0.0,NT,,Frogs! Green and Cricket frogs,1.0,combined_annotations.csv
18061,Spectrogram 1,1,136786.0,136789.0,0.0,12000.0,D:\2025 King Rail Project\2025 ARU Data Annotated For King Rail Project\SpringValley 2MA04668\SpringValleyData20250414to20250702\2MA04668_20250527_203400.wav,1206.0,2MA04668_20250527_203400.wav,3.0,Red-winged Blackbird,rewbla,0.4727,1.0,,,,1.0,combined_annotations.csv
21478,Spectrogram 1,1,166633.0,166636.0,0.0,12000.0,D:\2025 King Rail Project\2025 ARU Data Annotated For King Rail Project\SpringValley 2MA04668\SpringValleyData20250414to20250702\2MA04668_20250601_203800.wav,1053.0,2MA04668_20250601_203800.wav,3.0,Red-winged Blackbird,rewbla,0.1157,1.0,,,,1.0,combined_annotations.csv
21479,Spectrogram 1,1,166633.0,166636.0,0.0,12000.0,D:\2025 King Rail Project\2025 ARU Data Annotated For King Rail Project\SpringValley 2MA04668\SpringValleyData20250414to20250702\2MA04668_20250601_203800.wav,1053.0,2MA04668_20250601_203800.wav,3.0,American Bittern,amebit,0.1113,0.0,,,,1.0,combined_annotations.csv
21477,Spectrogram 1,1,166633.0,166636.0,0.0,12000.0,D:\2025 King Rail Project\2025 ARU Data Annotated For King Rail Project\SpringValley 2MA04668\SpringValleyData20250414to20250702\2MA04668_20250601_203800.wav,1053.0,2MA04668_20250601_203800.wav,3.0,Least Bittern,leabit,0.1413,0.0,,,,1.0,combined_annotations.csv
21486,Spectrogram 1,1,166714.0,166717.0,0.0,12000.0,D:\2025 King Rail Project\2025 ARU Data Annotated For King Rail Project\SpringValley 2MA04668\SpringValleyData20250414to20250702\2MA04668_20250601_203800.wav,1134.0,2MA04668_20250601_203800.wav,3.0,Red-winged Blackbird,rewbla,0.2781,1.0,,,,1.0,combined_annotations.csv
21717,Spectrogram 1,1,170251.0,170254.0,0.0,12000.0,D:\2025 King Rail Project\2025 ARU Data Annotated For King Rail Project\SpringValley 2MA04668\SpringValleyData20250414to20250702\2MA04668_20250602_055000.wav,1071.0,2MA04668_20250602_055000.wav,3.0,King Rail,kinrai4,0.8232,0.0,RWBL,check,many RWBL checks,1.0,combined_annotations.csv
21718,Spectrogram 1,1,170251.0,170254.0,0.0,12000.0,D:\2025 King Rail Project\2025 ARU Data Annotated For King Rail Project\SpringValley 2MA04668\SpringValleyData20250414to20250702\2MA04668_20250602_055000.wav,1071.0,2MA04668_20250602_055000.wav,3.0,Virginia Rail,virrai,0.1629,0.0,,,,1.0,combined_annotations.csv
22386,Spectrogram 1,1,178030.0,178033.0,0.0,12000.0,D:\2025 King Rail Project\2025 ARU Data Annotated For King Rail Project\SpringValley 2MA04668\SpringValleyData20250414to20250702\2MA04668_20250603_203900.wav,450.0,2MA04668_20250603_203900.wav,3.0,Red-winged Blackbird,rewbla,0.3755,1.0,,,,1.0,combined_annotations.csv
26134,Spectrogram 1,1,207025.0,207028.0,0.0,12000.0,D:\2025 King Rail Project\2025 ARU Data Annotated For King Rail Project\SpringValley 2MA04668\SpringValleyData20250414to20250702\2MA04668_20250608_054800.wav,1845.0,2MA04668_20250608_054800.wav,3.0,Red-winged Blackbird,rewbla,0.9051,1.0,,,,1.0,combined_annotations.csv
26565,Spectrogram 1,1,210439.0,210442.0,0.0,12000.0,D:\2025 King Rail Project\2025 ARU Data Annotated For King Rail Project\SpringValley 2MA04668\SpringValleyData20250414to20250702\2MA04668_20250609_040000.wav,459.0,2MA04668_20250609_040000.wav,3.0,King Rail,kinrai4,0.2983,0.0,NT,,"rain, Frogs! Green and Cricket Frogs",1.0,combined_annotations.csv
28823,Spectrogram 1,1,232120.0,232123.0,0.0,12000.0,D:\2025 King Rail Project\2025 ARU Data Annotated For King Rail Project\SpringValley 2MA04668\SpringValleyData20250414to20250702\2MA04668_20250612_204400.wav,540.0,2MA04668_20250612_204400.wav,3.0,King Rail,kinrai4,0.811,0.0,RWBL,check,many RWBL checks,1.0,combined_annotations.csv
32008,Spectrogram 1,1,261547.0,261550.0,0.0,12000.0,D:\2025 King Rail Project\2025 ARU Data Annotated For King Rail Project\SpringValley 2MA04668\SpringValleyData20250414to20250702\2MA04668_20250617_054800.wav,2367.0,2MA04668_20250617_054800.wav,3.0,Virginia Rail,virrai,0.1624,0.0,,,verify,1.0,combined_annotations.csv
32006,Spectrogram 1,1,261547.0,261550.0,0.0,12000.0,D:\2025 King Rail Project\2025 ARU Data Annotated For King Rail Project\SpringValley 2MA04668\SpringValleyData20250414to20250702\2MA04668_20250617_054800.wav,2367.0,2MA04668_20250617_054800.wav,3.0,King Rail,kinrai4,0.7472,0.0,RWBL,check,verify,1.0,combined_annotations.csv
32007,Spectrogram 1,1,261547.0,261550.0,0.0,12000.0,D:\2025 King Rail Project\2025 ARU Data Annotated For King Rail Project\SpringValley 2MA04668\SpringValleyData20250414to20250702\2MA04668_20250617_054800.wav,2367.0,2MA04668_20250617_054800.wav,3.0,Least Bittern,leabit,0.3094,0.0,,,verify,1.0,combined_annotations.csv
32153,Spectrogram 1,1,262042.0,262045.0,0.0,12000.0,D:\2025 King Rail Project\2025 ARU Data Annotated For King Rail Project\SpringValley 2MA04668\SpringValleyData20250414to20250702\2MA04668_20250617_204600.wav,462.0,2MA04668_20250617_204600.wav,3.0,King Rail,kinrai4,0.6062,0.0,RWBL,check,sharp RWBL checks,1.0,combined_annotations.csv
32155,Spectrogram 1,1,262042.0,262045.0,0.0,12000.0,D:\2025 King Rail Project\2025 ARU Data Annotated For King Rail Project\SpringValley 2MA04668\SpringValleyData20250414to20250702\2MA04668_20250617_204600.wav,462.0,2MA04668_20250617_204600.wav,3.0,Least Bittern,leabit,0.1387,0.0,,,,1.0,combined_annotations.csv
32154,Spectrogram 1,1,262042.0,262045.0,0.0,12000.0,D:\2025 King Rail Project\2025 ARU Data Annotated For King Rail Project\SpringValley 2MA04668\SpringValleyData20250414to20250702\2MA04668_20250617_204600.wav,462.0,2MA04668_20250617_204600.wav,3.0,Virginia Rail,virrai,0.1992,0.0,,,,1.0,combined_annotations.csv
33374,Spectrogram 1,1,273022.0,273025.0,0.0,12000.0,D:\2025 King Rail Project\2025 ARU Data Annotated For King Rail Project\SpringValley 2MA04668\SpringValleyData20250414to20250702\2MA04668_20250619_054800.wav,1842.0,2MA04668_20250619_054800.wav,3.0,King Rail,kinrai4,0.1972,0.0,RWBL,check,"RWBL check, conklaree, green frog",1.0,combined_annotations.csv
33375,Spectrogram 1,1,273022.0,273025.0,0.0,12000.0,D:\2025 King Rail Project\2025 ARU Data Annotated For King Rail Project\SpringValley 2MA04668\SpringValleyData20250414to20250702\2MA04668_20250619_054800.wav,1842.0,2MA04668_20250619_054800.wav,3.0,Least Bittern,leabit,0.1533,0.0,,,,1.0,combined_annotations.csv
33376,Spectrogram 1,1,273022.0,273025.0,0.0,12000.0,D:\2025 King Rail Project\2025 ARU Data Annotated For King Rail Project\SpringValley 2MA04668\SpringValleyData20250414to20250702\2MA04668_20250619_054800.wav,1842.0,2MA04668_20250619_054800.wav,3.0,Red-winged Blackbird,rewbla,0.1013,1.0,,,,1.0,combined_annotations.csv
33373,Spectrogram 1,1,273022.0,273025.0,0.0,12000.0,D:\2025 King Rail Project\2025 ARU Data Annotated For King Rail Project\SpringValley 2MA04668\SpringValleyData20250414to20250702\2MA04668_20250619_054800.wav,1842.0,2MA04668_20250619_054800.wav,3.0,Virginia Rail,virrai,0.2725,0.0,,,,1.0,combined_annotations.csv
35874,Spectrogram 1,1,286519.0,286522.0,0.0,12000.0,D:\2025 King Rail Project\2025 ARU Data Annotated For King Rail Project\SpringValley 2MA04668\SpringValleyData20250414to20250702\2MA04668_20250621_204700.wav,939.0,2MA04668_20250621_204700.wav,3.0,King Rail,kinrai4,0.1267,0.0,,,,1.0,combined_annotations.csv
35872,Spectrogram 1,1,286519.0,286522.0,0.0,12000.0,D:\2025 King Rail Project\2025 ARU Data Annotated For King Rail Project\SpringValley 2MA04668\SpringValleyData20250414to20250702\2MA04668_20250621_204700.wav,939.0,2MA04668_20250621_204700.wav,3.0,Least Bittern,leabit,0.4183,0.0,,,,1.0,combined_annotations.csv
35873,Spectrogram 1,1,286519.0,286522.0,0.0,12000.0,D:\2025 King Rail Project\2025 ARU Data Annotated For King Rail Project\SpringValley 2MA04668\SpringValleyData20250414to20250702\2MA04668_20250621_204700.wav,939.0,2MA04668_20250621_204700.wav,3.0,Red-winged Blackbird,rewbla,0.2033,1.0,,,,1.0,combined_annotations.csv
38515,Spectrogram 1,1,301927.0,301930.0,0.0,12000.0,D:\2025 King Rail Project\2025 ARU Data Annotated For King Rail Project\SpringValley 2MA04668\SpringValleyData20250414to20250702\2MA04668_20250624_055000.wav,747.0,2MA04668_20250624_055000.wav,3.0,King Rail,kinrai4,0.8163,0.0,RWBL,check,many RWBL checks,1.0,combined_annotations.csv
38516,Spectrogram 1,1,301927.0,301930.0,0.0,12000.0,D:\2025 King Rail Project\2025 ARU Data Annotated For King Rail Project\SpringValley 2MA04668\SpringValleyData20250414to20250702\2MA04668_20250624_055000.wav,747.0,2MA04668_20250624_055000.wav,3.0,American Bittern,amebit,0.1557,0.0,,,prob GF's in the low reg.,1.0,combined_annotations.csv
38825,Spectrogram 1,1,303460.0,303463.0,0.0,12000.0,D:\2025 King Rail Project\2025 ARU Data Annotated For King Rail Project\SpringValley 2MA04668\SpringValleyData20250414to20250702\2MA04668_20250624_055000.wav,2280.0,2MA04668_20250624_055000.wav,3.0,King Rail,kinrai4,0.7438,0.0,RWBL,check,a few faint RWBL checks,1.0,combined_annotations.csv
39629,Spectrogram 1,1,309232.0,309235.0,0.0,12000.0,D:\2025 King Rail Project\2025 ARU Data Annotated For King Rail Project\SpringValley 2MA04668\SpringValleyData20250414to20250702\2MA04668_20250625_055000.wav,2052.0,2MA04668_20250625_055000.wav,3.0,King Rail,kinrai4,0.1007,0.0,RWBL,check,a close and a far RWBL check,1.0,combined_annotations.csv
39628,Spectrogram 1,1,309232.0,309235.0,0.0,12000.0,D:\2025 King Rail Project\2025 ARU Data Annotated For King Rail Project\SpringValley 2MA04668\SpringValleyData20250414to20250702\2MA04668_20250625_055000.wav,2052.0,2MA04668_20250625_055000.wav,3.0,Common Gallinule,comgal1,0.1143,0.0,,,,1.0,combined_annotations.csv
39627,Spectrogram 1,1,309232.0,309235.0,0.0,12000.0,D:\2025 King Rail Project\2025 ARU Data Annotated For King Rail Project\SpringValley 2MA04668\SpringValleyData20250414to20250702\2MA04668_20250625_055000.wav,2052.0,2MA04668_20250625_055000.wav,3.0,Least Bittern,leabit,0.2231,0.0,,,,1.0,combined_annotations.csv
40964,Spectrogram 1,1,316129.0,316132.0,0.0,12000.0,D:\2025 King Rail Project\2025 ARU Data Annotated For King Rail Project\SpringValley 2MA04668\SpringValleyData20250414to20250702\2MA04668_20250626_204800.wav,549.0,2MA04668_20250626_204800.wav,3.0,Red-winged Blackbird,rewbla,0.8308,1.0,RWBL,conklaree,"rain, pretty clean clean conklaree",1.0,combined_annotations.csv
43413,Spectrogram 1,1,329059.0,329062.0,0.0,12000.0,D:\2025 King Rail Project\2025 ARU Data Annotated For King Rail Project\SpringValley 2MA04668\SpringValleyData20250414to20250702\2MA04668_20250628_204800.wav,1479.0,2MA04668_20250628_204800.wav,3.0,American Bittern,amebit,0.1336,0.0,,,,1.0,combined_annotations.csv
43410,Spectrogram 1,1,329059.0,329062.0,0.0,12000.0,D:\2025 King Rail Project\2025 ARU Data Annotated For King Rail Project\SpringValley 2MA04668\SpringValleyData20250414to20250702\2MA04668_20250628_204800.wav,1479.0,2MA04668_20250628_204800.wav,3.0,King Rail,kinrai4,0.4012,0.0,,,,1.0,combined_annotations.csv
43411,Spectrogram 1,1,329059.0,329062.0,0.0,12000.0,D:\2025 King Rail Project\2025 ARU Data Annotated For King Rail Project\SpringValley 2MA04668\SpringValleyData20250414to20250702\2MA04668_20250628_204800.wav,1479.0,2MA04668_20250628_204800.wav,3.0,Least Bittern,leabit,0.3533,0.0,,,,1.0,combined_annotations.csv
43412,Spectrogram 1,1,329059.0,329062.0,0.0,12000.0,D:\2025 King Rail Project\2025 ARU Data Annotated For King Rail Project\SpringValley 2MA04668\SpringValleyData20250414to20250702\2MA04668_20250628_204800.wav,1479.0,2MA04668_20250628_204800.wav,3.0,Virginia Rail,virrai,0.1723,0.0,,,,1.0,combined_annotations.csv
44561,Spectrogram 1,1,335923.0,335926.0,0.0,12000.0,D:\2025 King Rail Project\2025 ARU Data Annotated For King Rail Project\SpringValley 2MA04668\SpringValleyData20250414to20250702\2MA04668_20250629_204700.wav,2343.0,2MA04668_20250629_204700.wav,3.0,King Rail,kinrai4,0.197,0.0,,,,1.0,combined_annotations.csv
44958,Spectrogram 1,1,339289.0,339292.0,0.0,12000.0,D:\2025 King Rail Project\2025 ARU Data Annotated For King Rail Project\SpringValley 2MA04668\SpringValleyData20250414to20250702\2MA04668_20250630_055200.wav,2109.0,2MA04668_20250630_055200.wav,3.0,King Rail,kinrai4,0.4992,0.0,RWBL,check,,1.0,combined_annotations.csv
46,Spectrogram 1,1,5873.245632,5876.245632,1316.418,21282.09,E:\2025 King Rail Project\AGL ARU Data\Audio\BigMarsh 20240503 to 20240615\BIGM11_20240504_060002.wav,2274.1468,BIGM11_20240504_060002.wav,3.0,King Rail,,0.6461,1.0,KIRA,kek,Loud/clear recording,1.0,combined_annotations.csv
108,Spectrogram 1,1,5876.277011,5879.288186,981.678,21294.863,E:\2025 King Rail Project\AGL ARU Data\Audio\BigMarsh 20240503 to 20240615\BIGM11_20240504_060002.wav,2277.1782,BIGM11_20240504_060002.wav,3.0112,King Rail,,,1.0,KIRA,kek,,1.0,combined_annotations.csv
47,Spectrogram 1,1,11999.49137,12002.49137,0.0,14196.575,E:\2025 King Rail Project\AGL ARU Data\Audio\BigMarsh 20240503 to 20240615\BIGM12_20240505_070002.wav,1206.2005,BIGM12_20240505_070002.wav,3.0,King Rail,,0.7673,1.0,KIRA,kek,Appears to be two calling at once,1.0,combined_annotations.csv
105,Spectrogram 1,1,12002.52504,12005.52504,0.0,14196.575,E:\2025 King Rail Project\AGL ARU Data\Audio\BigMarsh 20240503 to 20240615\BIGM12_20240505_070002.wav,1209.2341,BIGM12_20240505_070002.wav,3.0,King Rail,,,1.0,KIRA,kek,two KIRAs?,1.0,combined_annotations.csv
107,Spectrogram 1,1,12005.5269,12008.5269,0.0,14347.603,E:\2025 King Rail Project\AGL ARU Data\Audio\BigMarsh 20240503 to 20240615\BIGM12_20240505_070002.wav,1212.236,BIGM12_20240505_070002.wav,3.0,King Rail,,,1.0,KIRA,kek,two kIRAs?,1.0,combined_annotations.csv
112,Spectrogram 1,1,14974.35728,14977.35728,0.0,15393.396,E:\2025 King Rail Project\AGL ARU Data\Audio\BigMarsh 20240503 to 20240615\BIGM12_20240511_080002.wav,583.9703,BIGM12_20240511_080002.wav,3.0,King Rail,,,1.0,KIRA,kek,,1.0,combined_annotations.csv
113,Spectrogram 1,1,14980.49143,14983.49143,0.0,15096.226,E:\2025 King Rail Project\AGL ARU Data\Audio\BigMarsh 20240503 to 20240615\BIGM12_20240511_080002.wav,590.1045,BIGM12_20240511_080002.wav,3.0,King Rail,,,1.0,KIRA,kek,,1.0,combined_annotations.csv
114,Spectrogram 1,1,14983.5995,14986.61998,0.0,13550.943,E:\2025 King Rail Project\AGL ARU Data\Audio\BigMarsh 20240503 to 20240615\BIGM12_20240511_080002.wav,593.2126,BIGM12_20240511_080002.wav,3.0205,King Rail,,,1.0,KIRA,kek,,1.0,combined_annotations.csv
49,Spectrogram 1,1,16772.65542,16775.65542,0.0,15215.094,E:\2025 King Rail Project\AGL ARU Data\Audio\BigMarsh 20240503 to 20240615\BIGM12_20240514_080002.wav,584.7189,BIGM12_20240514_080002.wav,3.0,King Rail,,0.6343,1.0,KIRA,kek,More faint,1.0,combined_annotations.csv
123,Spectrogram 1,1,16777.18709,16780.18709,0.0,15036.792,E:\2025 King Rail Project\AGL ARU Data\Audio\BigMarsh 20240503 to 20240615\BIGM12_20240514_080002.wav,589.2506,BIGM12_20240514_080002.wav,3.0,King Rail,,,1.0,KIRA,kek,,1.0,combined_annotations.csv
126,Spectrogram 1,1,16781.72621,16784.72621,0.0,14858.491,E:\2025 King Rail Project\AGL ARU Data\Audio\BigMarsh 20240503 to 20240615\BIGM12_20240514_080002.wav,593.7897,BIGM12_20240514_080002.wav,3.0,King Rail,,,1.0,KIRA,kek,,1.0,combined_annotations.csv
50,Spectrogram 1,1,18909.67174,18912.67174,0.0,17057.547,E:\2025 King Rail Project\AGL ARU Data\Audio\BigMarsh 20240503 to 20240615\BIGM12_20240515_070002.wav,924.1857,BIGM12_20240515_070002.wav,3.0,King Rail,,0.5346,1.0,KIRA,kek,More faint,1.0,combined_annotations.csv
128,Spectrogram 1,1,18912.68205,18915.68205,0.0,17354.717,E:\2025 King Rail Project\AGL ARU Data\Audio\BigMarsh 20240503 to 20240615\BIGM12_20240515_070002.wav,927.196,BIGM12_20240515_070002.wav,3.0,King Rail,,,1.0,KIRA,kek,,1.0,combined_annotations.csv
51,Spectrogram 1,1,25137.7678,25140.7678,0.0,14561.321,E:\2025 King Rail Project\AGL ARU Data\Audio\BigMarsh 20240503 to 20240615\BIGM12_20240530_070002.wav,3555.1857,BIGM12_20240530_070002.wav,3.0,King Rail,,0.4707,1.0,KIRA,kek,More faint,1.0,combined_annotations.csv
139,Spectrogram 1,1,25142.54522,25145.54522,0.0,12183.962,E:\2025 King Rail Project\AGL ARU Data\Audio\BigMarsh 20240503 to 20240615\BIGM12_20240530_070002.wav,3559.9631,BIGM12_20240530_070002.wav,3.0,King Rail,,,1.0,KIRA,kek,,1.0,combined_annotations.csv
143,Spectrogram 1,1,25146.13031,25149.13031,0.0,12124.528,E:\2025 King Rail Project\AGL ARU Data\Audio\BigMarsh 20240503 to 20240615\BIGM12_20240530_070002.wav,3563.5482,BIGM12_20240530_070002.wav,3.0,King Rail,,,1.0,KIRA,kek,,1.0,combined_annotations.csv
52,Spectrogram 1,1,28551.89108,28554.89108,658.209,12421.698,E:\2025 King Rail Project\AGL ARU Data\Audio\BigMarsh 20240503 to 20240615\BIGM12_20240602_060002.wav,3372.2129,BIGM12_20240602_060002.wav,3.0,King Rail,,0.4773,1.0,KIRA,kek,More faint and has decent background noise,1.0,combined_annotations.csv
148,Spectrogram 1,1,28561.00041,28564.00041,0.0,10995.283,E:\2025 King Rail Project\AGL ARU Data\Audio\BigMarsh 20240503 to 20240615\BIGM12_20240602_060002.wav,3381.3222,BIGM12_20240602_060002.wav,3.0,King Rail,,,1.0,KIRA,kek,,1.0,combined_annotations.csv
154,Spectrogram 1,1,39999.71403,40002.71403,0.0,10460.377,E:\2025 King Rail Project\AGL ARU Data\Audio\BigMarsh 20240503 to 20240615\BIGM14_20240507_080002.wav,429.6489,BIGM14_20240507_080002.wav,3.0,King Rail,,,1.0,KIRA,kek,,1.0,combined_annotations.csv
164,Spectrogram 1,1,45302.75083,45305.75083,0.0,17651.887,E:\2025 King Rail Project\AGL ARU Data\Audio\BigMarsh 20240503 to 20240615\BIGM14_20240516_070002.wav,338.0401,BIGM14_20240516_070002.wav,3.0,King Rail,,,1.0,KIRA,kek,,1.0,combined_annotations.csv
93,Spectrogram 1,1,45306.29695,45309.29695,0.0,10103.774,E:\2025 King Rail Project\AGL ARU Data\Audio\BigMarsh 20240503 to 20240615\BIGM14_20240516_070002.wav,341.5862,BIGM14_20240516_070002.wav,3.0,Marsh Wren,,,1.0,MAWR,,,1.0,combined_annotations.csv
158,Spectrogram 1,1,49900.64436,49903.3574,0.0,12837.736,E:\2025 King Rail Project\AGL ARU Data\Audio\BigMarsh 20240503 to 20240615\BIGM14_20240526_070002.wav,1338.8376,BIGM14_20240526_070002.wav,2.713,King Rail,,,1.0,KIRA,kek,,1.0,combined_annotations.csv
168,Spectrogram 1,1,49936.8812,49939.8812,0.0,15096.226,E:\2025 King Rail Project\AGL ARU Data\Audio\BigMarsh 20240503 to 20240615\BIGM14_20240526_070002.wav,1375.0744,BIGM14_20240526_070002.wav,3.0,Red-winged Blackbird,,,1.0,RWBL,conklaree,,1.0,combined_annotations.csv
100,Spectrogram 1,1,59178.48365,59181.49519,0.0,21720.896,E:\2025 King Rail Project\AGL ARU Data\Audio\BigMarsh 20240503 to 20240615\BIGM14_20240615_060002.wav,3422.4847,BIGM14_20240615_060002.wav,3.0115,Red-winged Blackbird,,,1.0,RWBL,jeer,,1.0,combined_annotations.csv
99,Spectrogram 1,1,59182.74931,59185.74931,0.0,21775.746,E:\2025 King Rail Project\AGL ARU Data\Audio\BigMarsh 20240503 to 20240615\BIGM14_20240615_060002.wav,3426.7504,BIGM14_20240615_060002.wav,3.0,Red-winged Blackbird,,,1.0,RWBL,jeer,,1.0,combined_annotations.csv
321,Spectrogram 1,1,6932.971093,6935.971093,681.959,13411.856,E:\2025 King Rail Project\AGL ARU Data\Audio\GRAS 20240518 to 20240603\SMA05956GRAS_20240603_050000.wav,3335.875,SMA05956GRAS_20240603_050000.wav,3.0,King Rail,,0.3121,1.0,KIRA,kek,"Repeated ""kek"" call",1.0,combined_annotations.csv
334,Spectrogram 1,1,6936.820989,6939.820989,0.0,17201.657,E:\2025 King Rail Project\AGL ARU Data\Audio\GRAS 20240518 to 20240603\SMA05956GRAS_20240603_050000.wav,3339.7249,SMA05956GRAS_20240603_050000.wav,3.0,King Rail,,,1.0,KIRA,kek,,1.0,combined_annotations.csv
326,Spectrogram 1,1,6944.729836,6947.729836,0.0,16006.175,E:\2025 King Rail Project\AGL ARU Data\Audio\GRAS 20240518 to 20240603\SMA05956GRAS_20240603_050000.wav,3347.6338,SMA05956GRAS_20240603_050000.wav,3.0,King Rail,,,1.0,,,kek-burr,1.0,combined_annotations.csv
344,Spectrogram 1,1,6947.781388,6950.781388,0.0,17732.982,E:\2025 King Rail Project\AGL ARU Data\Audio\GRAS 20240518 to 20240603\SMA05956GRAS_20240603_050000.wav,3350.6853,SMA05956GRAS_20240603_050000.wav,3.0,King Rail,,,1.0,KIRA,kek burr,,1.0,combined_annotations.csv
347,Spectrogram 1,1,6950.839156,6953.291325,0.0,17932.229,E:\2025 King Rail Project\AGL ARU Data\Audio\GRAS 20240518 to 20240603\SMA05956GRAS_20240603_050000.wav,3353.7431,SMA05956GRAS_20240603_050000.wav,2.4522,King Rail,,,1.0,KIRA,kek burr,,1.0,combined_annotations.csv
46,Spectrogram 1,1,5873.245632,5876.245632,1316.418,21282.09,E:\2025 King Rail Project\AGL ARU Data\Audio\BigMarsh 20240503 to 20240615\BIGM11_20240504_060002.wav,2274.1468,BIGM11_20240504_060002.wav,3.0,King Rail,,0.6461,1.0,KIRA,kek,Loud/clear recording,1.0,combined_annotations.csv
108,Spectrogram 1,1,5876.277011,5879.288186,981.678,21294.863,E:\2025 King Rail Project\AGL ARU Data\Audio\BigMarsh 20240503 to 20240615\BIGM11_20240504_060002.wav,2277.1782,BIGM11_20240504_060002.wav,3.0112,King Rail,,,1.0,KIRA,kek,,1.0,combined_annotations.csv
47,Spectrogram 1,1,11999.49137,12002.49137,0.0,14196.575,E:\2025 King Rail Project\AGL ARU Data\Audio\BigMarsh 20240503 to 20240615\BIGM12_20240505_070002.wav,1206.2005,BIGM12_20240505_070002.wav,3.0,King Rail,,0.7673,1.0,KIRA,kek,Appears to be two calling at once,1.0,combined_annotations.csv
105,Spectrogram 1,1,12002.52504,12005.52504,0.0,14196.575,E:\2025 King Rail Project\AGL ARU Data\Audio\BigMarsh 20240503 to 20240615\BIGM12_20240505_070002.wav,1209.2341,BIGM12_20240505_070002.wav,3.0,King Rail,,,1.0,KIRA,kek,two KIRAs?,1.0,combined_annotations.csv
107,Spectrogram 1,1,12005.5269,12008.5269,0.0,14347.603,E:\2025 King Rail Project\AGL ARU Data\Audio\BigMarsh 20240503 to 20240615\BIGM12_20240505_070002.wav,1212.236,BIGM12_20240505_070002.wav,3.0,King Rail,,,1.0,KIRA,kek,two kIRAs?,1.0,combined_annotations.csv
112,Spectrogram 1,1,14974.35728,14977.35728,0.0,15393.396,E:\2025 King Rail Project\AGL ARU Data\Audio\BigMarsh 20240503 to 20240615\BIGM12_20240511_080002.wav,583.9703,BIGM12_20240511_080002.wav,3.0,King Rail,,,1.0,KIRA,kek,,1.0,combined_annotations.csv
113,Spectrogram 1,1,14980.49143,14983.49143,0.0,15096.226,E:\2025 King Rail Project\AGL ARU Data\Audio\BigMarsh 20240503 to 20240615\BIGM12_20240511_080002.wav,590.1045,BIGM12_20240511_080002.wav,3.0,King Rail,,,1.0,KIRA,kek,,1.0,combined_annotations.csv
114,Spectrogram 1,1,14983.5995,14986.61998,0.0,13550.943,E:\2025 King Rail Project\AGL ARU Data\Audio\BigMarsh 20240503 to 20240615\BIGM12_20240511_080002.wav,593.2126,BIGM12_20240511_080002.wav,3.0205,King Rail,,,1.0,KIRA,kek,,1.0,combined_annotations.csv
49,Spectrogram 1,1,16772.65542,16775.65542,0.0,15215.094,E:\2025 King Rail Project\AGL ARU Data\Audio\BigMarsh 20240503 to 20240615\BIGM12_20240514_080002.wav,584.7189,BIGM12_20240514_080002.wav,3.0,King Rail,,0.6343,1.0,KIRA,kek,More faint,1.0,combined_annotations.csv
123,Spectrogram 1,1,16777.18709,16780.18709,0.0,15036.792,E:\2025 King Rail Project\AGL ARU Data\Audio\BigMarsh 20240503 to 20240615\BIGM12_20240514_080002.wav,589.2506,BIGM12_20240514_080002.wav,3.0,King Rail,,,1.0,KIRA,kek,,1.0,combined_annotations.csv
126,Spectrogram 1,1,16781.72621,16784.72621,0.0,14858.491,E:\2025 King Rail Project\AGL ARU Data\Audio\BigMarsh 20240503 to 20240615\BIGM12_20240514_080002.wav,593.7897,BIGM12_20240514_080002.wav,3.0,King Rail,,,1.0,KIRA,kek,,1.0,combined_annotations.csv
50,Spectrogram 1,1,18909.67174,18912.67174,0.0,17057.547,E:\2025 King Rail Project\AGL ARU Data\Audio\BigMarsh 20240503 to 20240615\BIGM12_20240515_070002.wav,924.1857,BIGM12_20240515_070002.wav,3.0,King Rail,,0.5346,1.0,KIRA,kek,More faint,1.0,combined_annotations.csv
128,Spectrogram 1,1,18912.68205,18915.68205,0.0,17354.717,E:\2025 King Rail Project\AGL ARU Data\Audio\BigMarsh 20240503 to 20240615\BIGM12_20240515_070002.wav,927.196,BIGM12_20240515_070002.wav,3.0,King Rail,,,1.0,KIRA,kek,,1.0,combined_annotations.csv
51,Spectrogram 1,1,25137.7678,25140.7678,0.0,14561.321,E:\2025 King Rail Project\AGL ARU Data\Audio\BigMarsh 20240503 to 20240615\BIGM12_20240530_070002.wav,3555.1857,BIGM12_20240530_070002.wav,3.0,King Rail,,0.4707,1.0,KIRA,kek,More faint,1.0,combined_annotations.csv
139,Spectrogram 1,1,25142.54522,25145.54522,0.0,12183.962,E:\2025 King Rail Project\AGL ARU Data\Audio\BigMarsh 20240503 to 20240615\BIGM12_20240530_070002.wav,3559.9631,BIGM12_20240530_070002.wav,3.0,King Rail,,,1.0,KIRA,kek,,1.0,combined_annotations.csv
143,Spectrogram 1,1,25146.13031,25149.13031,0.0,12124.528,E:\2025 King Rail Project\AGL ARU Data\Audio\BigMarsh 20240503 to 20240615\BIGM12_20240530_070002.wav,3563.5482,BIGM12_20240530_070002.wav,3.0,King Rail,,,1.0,KIRA,kek,,1.0,combined_annotations.csv
52,Spectrogram 1,1,28551.89108,28554.89108,658.209,12421.698,E:\2025 King Rail Project\AGL ARU Data\Audio\BigMarsh 20240503 to 20240615\BIGM12_20240602_060002.wav,3372.2129,BIGM12_20240602_060002.wav,3.0,King Rail,,0.4773,1.0,KIRA,kek,More faint and has decent background noise,1.0,combined_annotations.csv
148,Spectrogram 1,1,28561.00041,28564.00041,0.0,10995.283,E:\2025 King Rail Project\AGL ARU Data\Audio\BigMarsh 20240503 to 20240615\BIGM12_20240602_060002.wav,3381.3222,BIGM12_20240602_060002.wav,3.0,King Rail,,,1.0,KIRA,kek,,1.0,combined_annotations.csv
154,Spectrogram 1,1,39999.71403,40002.71403,0.0,10460.377,E:\2025 King Rail Project\AGL ARU Data\Audio\BigMarsh 20240503 to 20240615\BIGM14_20240507_080002.wav,429.6489,BIGM14_20240507_080002.wav,3.0,King Rail,,,1.0,KIRA,kek,,1.0,combined_annotations.csv
164,Spectrogram 1,1,45302.75083,45305.75083,0.0,17651.887,E:\2025 King Rail Project\AGL ARU Data\Audio\BigMarsh 20240503 to 20240615\BIGM14_20240516_070002.wav,338.0401,BIGM14_20240516_070002.wav,3.0,King Rail,,,1.0,KIRA,kek,,1.0,combined_annotations.csv
93,Spectrogram 1,1,45306.29695,45309.29695,0.0,10103.774,E:\2025 King Rail Project\AGL ARU Data\Audio\BigMarsh 20240503 to 20240615\BIGM14_20240516_070002.wav,341.5862,BIGM14_20240516_070002.wav,3.0,Marsh Wren,,,1.0,MAWR,,,1.0,combined_annotations.csv
158,Spectrogram 1,1,49900.64436,49903.3574,0.0,12837.736,E:\2025 King Rail Project\AGL ARU Data\Audio\BigMarsh 20240503 to 20240615\BIGM14_20240526_070002.wav,1338.8376,BIGM14_20240526_070002.wav,2.713,King Rail,,,1.0,KIRA,kek,,1.0,combined_annotations.csv
168,Spectrogram 1,1,49936.8812,49939.8812,0.0,15096.226,E:\2025 King Rail Project\AGL ARU Data\Audio\BigMarsh 20240503 to 20240615\BIGM14_20240526_070002.wav,1375.0744,BIGM14_20240526_070002.wav,3.0,Red-winged Blackbird,,,1.0,RWBL,conklaree,,1.0,combined_annotations.csv
100,Spectrogram 1,1,59178.48365,59181.49519,0.0,21720.896,E:\2025 King Rail Project\AGL ARU Data\Audio\BigMarsh 20240503 to 20240615\BIGM14_20240615_060002.wav,3422.4847,BIGM14_20240615_060002.wav,3.0115,Red-winged Blackbird,,,1.0,RWBL,jeer,,1.0,combined_annotations.csv
99,Spectrogram 1,1,59182.74931,59185.74931,0.0,21775.746,E:\2025 King Rail Project\AGL ARU Data\Audio\BigMarsh 20240503 to 20240615\BIGM14_20240615_060002.wav,3426.7504,BIGM14_20240615_060002.wav,3.0,Red-winged Blackbird,,,1.0,RWBL,jeer,,1.0,combined_annotations.csv
321,Spectrogram 1,1,6932.971093,6935.971093,681.959,13411.856,E:\2025 King Rail Project\AGL ARU Data\Audio\GRAS 20240518 to 20240603\SMA05956GRAS_20240603_050000.wav,3335.875,SMA05956GRAS_20240603_050000.wav,3.0,King Rail,,0.3121,1.0,KIRA,kek,"Repeated ""kek"" call",1.0,combined_annotations.csv
334,Spectrogram 1,1,6936.820989,6939.820989,0.0,17201.657,E:\2025 King Rail Project\AGL ARU Data\Audio\GRAS 20240518 to 20240603\SMA05956GRAS_20240603_050000.wav,3339.7249,SMA05956GRAS_20240603_050000.wav,3.0,King Rail,,,1.0,KIRA,kek,,1.0,combined_annotations.csv
326,Spectrogram 1,1,6944.729836,6947.729836,0.0,16006.175,E:\2025 King Rail Project\AGL ARU Data\Audio\GRAS 20240518 to 20240603\SMA05956GRAS_20240603_050000.wav,3347.6338,SMA05956GRAS_20240603_050000.wav,3.0,King Rail,,,1.0,,,kek-burr,1.0,combined_annotations.csv
344,Spectrogram 1,1,6947.781388,6950.781388,0.0,17732.982,E:\2025 King Rail Project\AGL ARU Data\Audio\GRAS 20240518 to 20240603\SMA05956GRAS_20240603_050000.wav,3350.6853,SMA05956GRAS_20240603_050000.wav,3.0,King Rail,,,1.0,KIRA,kek burr,,1.0,combined_annotations.csv
347,Spectrogram 1,1,6950.839156,6953.291325,0.0,17932.229,E:\2025 King Rail Project\AGL ARU Data\Audio\GRAS 20240518 to 20240603\SMA05956GRAS_20240603_050000.wav,3353.7431,SMA05956GRAS_20240603_050000.wav,2.4522,King Rail,,,1.0,KIRA,kek burr,,1.0,combined_annotations.csv
46,Spectrogram 1,1,5873.245632,5876.245632,1316.418,21282.09,E:\2025 King Rail Project\AGL ARU Data\Audio\BigMarsh 20240503 to 20240615\BIGM11_20240504_060002.wav,2274.1468,BIGM11_20240504_060002.wav,3.0,King Rail,,0.6461,1.0,KIRA,kek,Loud/clear recording,1.0,combined_annotations.csv
108,Spectrogram 1,1,5876.277011,5879.288186,981.678,21294.863,E:\2025 King Rail Project\AGL ARU Data\Audio\BigMarsh 20240503 to 20240615\BIGM11_20240504_060002.wav,2277.1782,BIGM11_20240504_060002.wav,3.0112,King Rail,,,1.0,KIRA,kek,,1.0,combined_annotations.csv
47,Spectrogram 1,1,11999.49137,12002.49137,0.0,14196.575,E:\2025 King Rail Project\AGL ARU Data\Audio\BigMarsh 20240503 to 20240615\BIGM12_20240505_070002.wav,1206.2005,BIGM12_20240505_070002.wav,3.0,King Rail,,0.7673,1.0,KIRA,kek,Appears to be two calling at once,1.0,combined_annotations.csv
105,Spectrogram 1,1,12002.52504,12005.52504,0.0,14196.575,E:\2025 King Rail Project\AGL ARU Data\Audio\BigMarsh 20240503 to 20240615\BIGM12_20240505_070002.wav,1209.2341,BIGM12_20240505_070002.wav,3.0,King Rail,,,1.0,KIRA,kek,two KIRAs?,1.0,combined_annotations.csv
107,Spectrogram 1,1,12005.5269,12008.5269,0.0,14347.603,E:\2025 King Rail Project\AGL ARU Data\Audio\BigMarsh 20240503 to 20240615\BIGM12_20240505_070002.wav,1212.236,BIGM12_20240505_070002.wav,3.0,King Rail,,,1.0,KIRA,kek,two kIRAs?,1.0,combined_annotations.csv
112,Spectrogram 1,1,14974.35728,14977.35728,0.0,15393.396,E:\2025 King Rail Project\AGL ARU Data\Audio\BigMarsh 20240503 to 20240615\BIGM12_20240511_080002.wav,583.9703,BIGM12_20240511_080002.wav,3.0,King Rail,,,1.0,KIRA,kek,,1.0,combined_annotations.csv
113,Spectrogram 1,1,14980.49143,14983.49143,0.0,15096.226,E:\2025 King Rail Project\AGL ARU Data\Audio\BigMarsh 20240503 to 20240615\BIGM12_20240511_080002.wav,590.1045,BIGM12_20240511_080002.wav,3.0,King Rail,,,1.0,KIRA,kek,,1.0,combined_annotations.csv
114,Spectrogram 1,1,14983.5995,14986.61998,0.0,13550.943,E:\2025 King Rail Project\AGL ARU Data\Audio\BigMarsh 20240503 to 20240615\BIGM12_20240511_080002.wav,593.2126,BIGM12_20240511_080002.wav,3.0205,King Rail,,,1.0,KIRA,kek,,1.0,combined_annotations.csv
49,Spectrogram 1,1,16772.65542,16775.65542,0.0,15215.094,E:\2025 King Rail Project\AGL ARU Data\Audio\BigMarsh 20240503 to 20240615\BIGM12_20240514_080002.wav,584.7189,BIGM12_20240514_080002.wav,3.0,King Rail,,0.6343,1.0,KIRA,kek,More faint,1.0,combined_annotations.csv
123,Spectrogram 1,1,16777.18709,16780.18709,0.0,15036.792,E:\2025 King Rail Project\AGL ARU Data\Audio\BigMarsh 20240503 to 20240615\BIGM12_20240514_080002.wav,589.2506,BIGM12_20240514_080002.wav,3.0,King Rail,,,1.0,KIRA,kek,,1.0,combined_annotations.csv
126,Spectrogram 1,1,16781.72621,16784.72621,0.0,14858.491,E:\2025 King Rail Project\AGL ARU Data\Audio\BigMarsh 20240503 to 20240615\BIGM12_20240514_080002.wav,593.7897,BIGM12_20240514_080002.wav,3.0,King Rail,,,1.0,KIRA,kek,,1.0,combined_annotations.csv
50,Spectrogram 1,1,18909.67174,18912.67174,0.0,17057.547,E:\2025 King Rail Project\AGL ARU Data\Audio\BigMarsh 20240503 to 20240615\BIGM12_20240515_070002.wav,924.1857,BIGM12_20240515_070002.wav,3.0,King Rail,,0.5346,1.0,KIRA,kek,More faint,1.0,combined_annotations.csv
128,Spectrogram 1,1,18912.68205,18915.68205,0.0,17354.717,E:\2025 King Rail Project\AGL ARU Data\Audio\BigMarsh 20240503 to 20240615\BIGM12_20240515_070002.wav,927.196,BIGM12_20240515_070002.wav,3.0,King Rail,,,1.0,KIRA,kek,,1.0,combined_annotations.csv
51,Spectrogram 1,1,25137.7678,25140.7678,0.0,14561.321,E:\2025 King Rail Project\AGL ARU Data\Audio\BigMarsh 20240503 to 20240615\BIGM12_20240530_070002.wav,3555.1857,BIGM12_20240530_070002.wav,3.0,King Rail,,0.4707,1.0,KIRA,kek,More faint,1.0,combined_annotations.csv
139,Spectrogram 1,1,25142.54522,25145.54522,0.0,12183.962,E:\2025 King Rail Project\AGL ARU Data\Audio\BigMarsh 20240503 to 20240615\BIGM12_20240530_070002.wav,3559.9631,BIGM12_20240530_070002.wav,3.0,King Rail,,,1.0,KIRA,kek,,1.0,combined_annotations.csv
143,Spectrogram 1,1,25146.13031,25149.13031,0.0,12124.528,E:\2025 King Rail Project\AGL ARU Data\Audio\BigMarsh 20240503 to 20240615\BIGM12_20240530_070002.wav,3563.5482,BIGM12_20240530_070002.wav,3.0,King Rail,,,1.0,KIRA,kek,,1.0,combined_annotations.csv
52,Spectrogram 1,1,28551.89108,28554.89108,658.209,12421.698,E:\2025 King Rail Project\AGL ARU Data\Audio\BigMarsh 20240503 to 20240615\BIGM12_20240602_060002.wav,3372.2129,BIGM12_20240602_060002.wav,3.0,King Rail,,0.4773,1.0,KIRA,kek,More faint and has decent background noise,1.0,combined_annotations.csv
148,Spectrogram 1,1,28561.00041,28564.00041,0.0,10995.283,E:\2025 King Rail Project\AGL ARU Data\Audio\BigMarsh 20240503 to 20240615\BIGM12_20240602_060002.wav,3381.3222,BIGM12_20240602_060002.wav,3.0,King Rail,,,1.0,KIRA,kek,,1.0,combined_annotations.csv
154,Spectrogram 1,1,39999.71403,40002.71403,0.0,10460.377,E:\2025 King Rail Project\AGL ARU Data\Audio\BigMarsh 20240503 to 20240615\BIGM14_20240507_080002.wav,429.6489,BIGM14_20240507_080002.wav,3.0,King Rail,,,1.0,KIRA,kek,,1.0,combined_annotations.csv
164,Spectrogram 1,1,45302.75083,45305.75083,0.0,17651.887,E:\2025 King Rail Project\AGL ARU Data\Audio\BigMarsh 20240503 to 20240615\BIGM14_20240516_070002.wav,338.0401,BIGM14_20240516_070002.wav,3.0,King Rail,,,1.0,KIRA,kek,,1.0,combined_annotations.csv
93,Spectrogram 1,1,45306.29695,45309.29695,0.0,10103.774,E:\2025 King Rail Project\AGL ARU Data\Audio\BigMarsh 20240503 to 20240615\BIGM14_20240516_070002.wav,341.5862,BIGM14_20240516_070002.wav,3.0,Marsh Wren,,,1.0,MAWR,,,1.0,combined_annotations.csv
158,Spectrogram 1,1,49900.64436,49903.3574,0.0,12837.736,E:\2025 King Rail Project\AGL ARU Data\Audio\BigMarsh 20240503 to 20240615\BIGM14_20240526_070002.wav,1338.8376,BIGM14_20240526_070002.wav,2.713,King Rail,,,1.0,KIRA,kek,,1.0,combined_annotations.csv
168,Spectrogram 1,1,49936.8812,49939.8812,0.0,15096.226,E:\2025 King Rail Project\AGL ARU Data\Audio\BigMarsh 20240503 to 20240615\BIGM14_20240526_070002.wav,1375.0744,BIGM14_20240526_070002.wav,3.0,Red-winged Blackbird,,,1.0,RWBL,conklaree,,1.0,combined_annotations.csv
100,Spectrogram 1,1,59178.48365,59181.49519,0.0,21720.896,E:\2025 King Rail Project\AGL ARU Data\Audio\BigMarsh 20240503 to 20240615\BIGM14_20240615_060002.wav,3422.4847,BIGM14_20240615_060002.wav,3.0115,Red-winged Blackbird,,,1.0,RWBL,jeer,,1.0,combined_annotations.csv
99,Spectrogram 1,1,59182.74931,59185.74931,0.0,21775.746,E:\2025 King Rail Project\AGL ARU Data\Audio\BigMarsh 20240503 to 20240615\BIGM14_20240615_060002.wav,3426.7504,BIGM14_20240615_060002.wav,3.0,Red-winged Blackbird,,,1.0,RWBL,jeer,,1.0,combined_annotations.csv
321,Spectrogram 1,1,6932.971093,6935.971093,681.959,13411.856,E:\2025 King Rail Project\AGL ARU Data\Audio\GRAS 20240518 to 20240603\SMA05956GRAS_20240603_050000.wav,3335.875,SMA05956GRAS_20240603_050000.wav,3.0,King Rail,,0.3121,1.0,KIRA,kek,"Repeated ""kek"" call",1.0,combined_annotations.csv
334,Spectrogram 1,1,6936.820989,6939.820989,0.0,17201.657,E:\2025 King Rail Project\AGL ARU Data\Audio\GRAS 20240518 to 20240603\SMA05956GRAS_20240603_050000.wav,3339.7249,SMA05956GRAS_20240603_050000.wav,3.0,King Rail,,,1.0,KIRA,kek,,1.0,combined_annotations.csv
326,Spectrogram 1,1,6944.729836,6947.729836,0.0,16006.175,E:\2025 King Rail Project\AGL ARU Data\Audio\GRAS 20240518 to 20240603\SMA05956GRAS_20240603_050000.wav,3347.6338,SMA05956GRAS_20240603_050000.wav,3.0,King Rail,,,1.0,,,kek-burr,1.0,combined_annotations.csv
344,Spectrogram 1,1,6947.781388,6950.781388,0.0,17732.982,E:\2025 King Rail Project\AGL ARU Data\Audio\GRAS 20240518 to 20240603\SMA05956GRAS_20240603_050000.wav,3350.6853,SMA05956GRAS_20240603_050000.wav,3.0,King Rail,,,1.0,KIRA,kek burr,,1.0,combined_annotations.csv
347,Spectrogram 1,1,6950.839156,6953.291325,0.0,17932.229,E:\2025 King Rail Project\AGL ARU Data\Audio\GRAS 20240518 to 20240603\SMA05956GRAS_20240603_050000.wav,3353.7431,SMA05956GRAS_20240603_050000.wav,2.4522,King Rail,,,1.0,KIRA,kek burr,,1.0,combined_annotations.csv
46,Spectrogram 1,1,5873.245632,5876.245632,1316.418,21282.09,E:\2025 King Rail Project\AGL ARU Data\Audio\BigMarsh 20240503 to 20240615\BIGM11_20240504_060002.wav,2274.1468,BIGM11_20240504_060002.wav,3.0,King Rail,,0.6461,1.0,KIRA,kek,Loud/clear recording,1.0,KIRA_BIGM_AnnotatedJFrevRMJS20260325FINAL.csv
108,Spectrogram 1,1,5876.277011,5879.288186,981.678,21294.863,E:\2025 King Rail Project\AGL ARU Data\Audio\BigMarsh 20240503 to 20240615\BIGM11_20240504_060002.wav,2277.1782,BIGM11_20240504_060002.wav,3.0112,King Rail,,,1.0,KIRA,kek,,1.0,KIRA_BIGM_AnnotatedJFrevRMJS20260325FINAL.csv
47,Spectrogram 1,1,11999.49137,12002.49137,0.0,14196.575,E:\2025 King Rail Project\AGL ARU Data\Audio\BigMarsh 20240503 to 20240615\BIGM12_20240505_070002.wav,1206.2005,BIGM12_20240505_070002.wav,3.0,King Rail,,0.7673,1.0,KIRA,kek,Appears to be two calling at once,1.0,KIRA_BIGM_AnnotatedJFrevRMJS20260325FINAL.csv
105,Spectrogram 1,1,12002.52504,12005.52504,0.0,14196.575,E:\2025 King Rail Project\AGL ARU Data\Audio\BigMarsh 20240503 to 20240615\BIGM12_20240505_070002.wav,1209.2341,BIGM12_20240505_070002.wav,3.0,King Rail,,,1.0,KIRA,kek,two KIRAs?,1.0,KIRA_BIGM_AnnotatedJFrevRMJS20260325FINAL.csv
107,Spectrogram 1,1,12005.5269,12008.5269,0.0,14347.603,E:\2025 King Rail Project\AGL ARU Data\Audio\BigMarsh 20240503 to 20240615\BIGM12_20240505_070002.wav,1212.236,BIGM12_20240505_070002.wav,3.0,King Rail,,,1.0,KIRA,kek,two kIRAs?,1.0,KIRA_BIGM_AnnotatedJFrevRMJS20260325FINAL.csv
112,Spectrogram 1,1,14974.35728,14977.35728,0.0,15393.396,E:\2025 King Rail Project\AGL ARU Data\Audio\BigMarsh 20240503 to 20240615\BIGM12_20240511_080002.wav,583.9703,BIGM12_20240511_080002.wav,3.0,King Rail,,,1.0,KIRA,kek,,1.0,KIRA_BIGM_AnnotatedJFrevRMJS20260325FINAL.csv
113,Spectrogram 1,1,14980.49143,14983.49143,0.0,15096.226,E:\2025 King Rail Project\AGL ARU Data\Audio\BigMarsh 20240503 to 20240615\BIGM12_20240511_080002.wav,590.1045,BIGM12_20240511_080002.wav,3.0,King Rail,,,1.0,KIRA,kek,,1.0,KIRA_BIGM_AnnotatedJFrevRMJS20260325FINAL.csv
114,Spectrogram 1,1,14983.5995,14986.61998,0.0,13550.943,E:\2025 King Rail Project\AGL ARU Data\Audio\BigMarsh 20240503 to 20240615\BIGM12_20240511_080002.wav,593.2126,BIGM12_20240511_080002.wav,3.0205,King Rail,,,1.0,KIRA,kek,,1.0,KIRA_BIGM_AnnotatedJFrevRMJS20260325FINAL.csv
49,Spectrogram 1,1,16772.65542,16775.65542,0.0,15215.094,E:\2025 King Rail Project\AGL ARU Data\Audio\BigMarsh 20240503 to 20240615\BIGM12_20240514_080002.wav,584.7189,BIGM12_20240514_080002.wav,3.0,King Rail,,0.6343,1.0,KIRA,kek,More faint,1.0,KIRA_BIGM_AnnotatedJFrevRMJS20260325FINAL.csv
123,Spectrogram 1,1,16777.18709,16780.18709,0.0,15036.792,E:\2025 King Rail Project\AGL ARU Data\Audio\BigMarsh 20240503 to 20240615\BIGM12_20240514_080002.wav,589.2506,BIGM12_20240514_080002.wav,3.0,King Rail,,,1.0,KIRA,kek,,1.0,KIRA_BIGM_AnnotatedJFrevRMJS20260325FINAL.csv
126,Spectrogram 1,1,16781.72621,16784.72621,0.0,14858.491,E:\2025 King Rail Project\AGL ARU Data\Audio\BigMarsh 20240503 to 20240615\BIGM12_20240514_080002.wav,593.7897,BIGM12_20240514_080002.wav,3.0,King Rail,,,1.0,KIRA,kek,,1.0,KIRA_BIGM_AnnotatedJFrevRMJS20260325FINAL.csv
50,Spectrogram 1,1,18909.67174,18912.67174,0.0,17057.547,E:\2025 King Rail Project\AGL ARU Data\Audio\BigMarsh 20240503 to 20240615\BIGM12_20240515_070002.wav,924.1857,BIGM12_20240515_070002.wav,3.0,King Rail,,0.5346,1.0,KIRA,kek,More faint,1.0,KIRA_BIGM_AnnotatedJFrevRMJS20260325FINAL.csv
128,Spectrogram 1,1,18912.68205,18915.68205,0.0,17354.717,E:\2025 King Rail Project\AGL ARU Data\Audio\BigMarsh 20240503 to 20240615\BIGM12_20240515_070002.wav,927.196,BIGM12_20240515_070002.wav,3.0,King Rail,,,1.0,KIRA,kek,,1.0,KIRA_BIGM_AnnotatedJFrevRMJS20260325FINAL.csv
51,Spectrogram 1,1,25137.7678,25140.7678,0.0,14561.321,E:\2025 King Rail Project\AGL ARU Data\Audio\BigMarsh 20240503 to 20240615\BIGM12_20240530_070002.wav,3555.1857,BIGM12_20240530_070002.wav,3.0,King Rail,,0.4707,1.0,KIRA,kek,More faint,1.0,KIRA_BIGM_AnnotatedJFrevRMJS20260325FINAL.csv
139,Spectrogram 1,1,25142.54522,25145.54522,0.0,12183.962,E:\2025 King Rail Project\AGL ARU Data\Audio\BigMarsh 20240503 to 20240615\BIGM12_20240530_070002.wav,3559.9631,BIGM12_20240530_070002.wav,3.0,King Rail,,,1.0,KIRA,kek,,1.0,KIRA_BIGM_AnnotatedJFrevRMJS20260325FINAL.csv
143,Spectrogram 1,1,25146.13031,25149.13031,0.0,12124.528,E:\2025 King Rail Project\AGL ARU Data\Audio\BigMarsh 20240503 to 20240615\BIGM12_20240530_070002.wav,3563.5482,BIGM12_20240530_070002.wav,3.0,King Rail,,,1.0,KIRA,kek,,1.0,KIRA_BIGM_AnnotatedJFrevRMJS20260325FINAL.csv
52,Spectrogram 1,1,28551.89108,28554.89108,658.209,12421.698,E:\2025 King Rail Project\AGL ARU Data\Audio\BigMarsh 20240503 to 20240615\BIGM12_20240602_060002.wav,3372.2129,BIGM12_20240602_060002.wav,3.0,King Rail,,0.4773,1.0,KIRA,kek,More faint and has decent background noise,1.0,KIRA_BIGM_AnnotatedJFrevRMJS20260325FINAL.csv
148,Spectrogram 1,1,28561.00041,28564.00041,0.0,10995.283,E:\2025 King Rail Project\AGL ARU Data\Audio\BigMarsh 20240503 to 20240615\BIGM12_20240602_060002.wav,3381.3222,BIGM12_20240602_060002.wav,3.0,King Rail,,,1.0,KIRA,kek,,1.0,KIRA_BIGM_AnnotatedJFrevRMJS20260325FINAL.csv
154,Spectrogram 1,1,39999.71403,40002.71403,0.0,10460.377,E:\2025 King Rail Project\AGL ARU Data\Audio\BigMarsh 20240503 to 20240615\BIGM14_20240507_080002.wav,429.6489,BIGM14_20240507_080002.wav,3.0,King Rail,,,1.0,KIRA,kek,,1.0,KIRA_BIGM_AnnotatedJFrevRMJS20260325FINAL.csv
164,Spectrogram 1,1,45302.75083,45305.75083,0.0,17651.887,E:\2025 King Rail Project\AGL ARU Data\Audio\BigMarsh 20240503 to 20240615\BIGM14_20240516_070002.wav,338.0401,BIGM14_20240516_070002.wav,3.0,King Rail,,,1.0,KIRA,kek,,1.0,KIRA_BIGM_AnnotatedJFrevRMJS20260325FINAL.csv
93,Spectrogram 1,1,45306.29695,45309.29695,0.0,10103.774,E:\2025 King Rail Project\AGL ARU Data\Audio\BigMarsh 20240503 to 20240615\BIGM14_20240516_070002.wav,341.5862,BIGM14_20240516_070002.wav,3.0,Marsh Wren,,,1.0,MAWR,,,1.0,KIRA_BIGM_AnnotatedJFrevRMJS20260325FINAL.csv
158,Spectrogram 1,1,49900.64436,49903.3574,0.0,12837.736,E:\2025 King Rail Project\AGL ARU Data\Audio\BigMarsh 20240503 to 20240615\BIGM14_20240526_070002.wav,1338.8376,BIGM14_20240526_070002.wav,2.713,King Rail,,,1.0,KIRA,kek,,1.0,KIRA_BIGM_AnnotatedJFrevRMJS20260325FINAL.csv
168,Spectrogram 1,1,49936.8812,49939.8812,0.0,15096.226,E:\2025 King Rail Project\AGL ARU Data\Audio\BigMarsh 20240503 to 20240615\BIGM14_20240526_070002.wav,1375.0744,BIGM14_20240526_070002.wav,3.0,Red-winged Blackbird,,,1.0,RWBL,conklaree,,1.0,KIRA_BIGM_AnnotatedJFrevRMJS20260325FINAL.csv
100,Spectrogram 1,1,59178.48365,59181.49519,0.0,21720.896,E:\2025 King Rail Project\AGL ARU Data\Audio\BigMarsh 20240503 to 20240615\BIGM14_20240615_060002.wav,3422.4847,BIGM14_20240615_060002.wav,3.0115,Red-winged Blackbird,,,1.0,RWBL,jeer,,1.0,KIRA_BIGM_AnnotatedJFrevRMJS20260325FINAL.csv
99,Spectrogram 1,1,59182.74931,59185.74931,0.0,21775.746,E:\2025 King Rail Project\AGL ARU Data\Audio\BigMarsh 20240503 to 20240615\BIGM14_20240615_060002.wav,3426.7504,BIGM14_20240615_060002.wav,3.0,Red-winged Blackbird,,,1.0,RWBL,jeer,,1.0,KIRA_BIGM_AnnotatedJFrevRMJS20260325FINAL.csv
321,Spectrogram 1,1,6932.971093,6935.971093,681.959,13411.856,E:\2025 King Rail Project\AGL ARU Data\Audio\GRAS 20240518 to 20240603\SMA05956GRAS_20240603_050000.wav,3335.875,SMA05956GRAS_20240603_050000.wav,3.0,King Rail,,0.3121,1.0,KIRA,kek,"Repeated ""kek"" call",1.0,KIRA_GRAS_AnnotationsJFrevRM20260320FINAL.csv
334,Spectrogram 1,1,6936.820989,6939.820989,0.0,17201.657,E:\2025 King Rail Project\AGL ARU Data\Audio\GRAS 20240518 to 20240603\SMA05956GRAS_20240603_050000.wav,3339.7249,SMA05956GRAS_20240603_050000.wav,3.0,King Rail,,,1.0,KIRA,kek,,1.0,KIRA_GRAS_AnnotationsJFrevRM20260320FINAL.csv
326,Spectrogram 1,1,6944.729836,6947.729836,0.0,16006.175,E:\2025 King Rail Project\AGL ARU Data\Audio\GRAS 20240518 to 20240603\SMA05956GRAS_20240603_050000.wav,3347.6338,SMA05956GRAS_20240603_050000.wav,3.0,King Rail,,,1.0,,,kek-burr,1.0,KIRA_GRAS_AnnotationsJFrevRM20260320FINAL.csv
344,Spectrogram 1,1,6947.781388,6950.781388,0.0,17732.982,E:\2025 King Rail Project\AGL ARU Data\Audio\GRAS 20240518 to 20240603\SMA05956GRAS_20240603_050000.wav,3350.6853,SMA05956GRAS_20240603_050000.wav,3.0,King Rail,,,1.0,KIRA,kek burr,,1.0,KIRA_GRAS_AnnotationsJFrevRM20260320FINAL.csv
347,Spectrogram 1,1,6950.839156,6953.291325,0.0,17932.229,E:\2025 King Rail Project\AGL ARU Data\Audio\GRAS 20240518 to 20240603\SMA05956GRAS_20240603_050000.wav,3353.7431,SMA05956GRAS_20240603_050000.wav,2.4522,King Rail,,,1.0,KIRA,kek burr,,1.0,KIRA_GRAS_AnnotationsJFrevRM20260320FINAL.csv
